Video_ID,Username,Tanggal,Komentar
9-poYwCZxDQ,@GadgetIn,2025-09-22T00:59:23Z,"Timestamp:
00:00 iPhone 17 SERIES! +pajak
01:15 Unboxing iPhone 17
03:00 IJO MAHAL
06:10 Saya suka Sage
07:05 Aksesoris cakep buat iPhone 17
09:35 Akhirnya ya, 120Hz & iOS 26!!!
12:45 Gini doang HEPI
14:10 vs iPhone 16
15:10 Bezel lebih TIPIS
15:35 Kamera selfie yang bagus?
17:30 Material + sampel foto
18:40 iPhone 17 PRO!
19:40 Orangenya agak...
21:50 Desain Tom & Jerry
24:30 Casing yang bikin salah paham
26:20 Kamera versus iPhone 16 Pro"
9-poYwCZxDQ,@ikhsanaz2011,2026-03-30T07:15:01Z,Alhamdulillah Nonton review ini pake IP 17 basic. Puas banget buat Daily
9-poYwCZxDQ,@altarsays276,2026-03-29T11:49:29Z,"Bismillah semoga bisa kebeli untuk kado istri yang mau melahirkan di bulan Juni 2026, doain gengss❤❤❤"
9-poYwCZxDQ,@aamirdhen2549,2026-03-29T10:12:45Z,"Up mahal doang kt bang David design y dari zaman purba kek gitu2 ajh 🤣 
Bagusan Samsung s26 ultra"
9-poYwCZxDQ,@arumluphytax6413,2026-03-29T08:17:56Z,"saran dong guys..Jadi mending mana, 16pm atau 17pm"
9-poYwCZxDQ,@albertmantende4775,2026-03-28T07:43:52Z,bang ijin tanya oppo renno 15 pro vs iphone 16 bgus mana?
9-poYwCZxDQ,@indrakenzie7944,2026-03-26T06:40:13Z,"kenapa model ip 17 promax model nya terlalu norak ya,kyk hp mainan orange pulak kyk mainan anak² ,udah norak mahal pula najis"
9-poYwCZxDQ,@KingHendri-l2q9f,2026-03-24T02:39:16Z,"Bajaj
Pasukan kebersihan
Kang parkir
Warnanya juga orange bro😁"
9-poYwCZxDQ,@didietrisyaapriani,2026-03-23T15:54:14Z,"Beli iPhone 17promax Ko sy ada stiker Made in china ya padahal beli di iBox resmi ,"
9-poYwCZxDQ,@amexchannel5052,2026-03-23T11:13:14Z,Flashback nokia xpress music ..full alumunium ..
9-poYwCZxDQ,@echakhumaedi7657,2026-03-22T18:03:57Z,"semakin ragu mau beli 17promax / samsung s26 ultra 😮😮😮😮 ini baru pertama kali mau pake ip, minta saran dong guyss"
9-poYwCZxDQ,@lifeisbeautifulfr,2026-03-22T04:37:06Z,"1:31 ""bisa langsung ke time stamp aja ya, manfaatin fiturnya""

See? Betapa humble nya Abang kita yang satu ini 

Terima kasih banyak Bang David, kebetulan difase pertimbangan mau beli iPhone 17 atau hold dulu dan stay di Samsung

Terus berkarya Bang!"
9-poYwCZxDQ,@faisalsolois...7546,2026-03-18T07:58:49Z,Saya udah punya...
9-poYwCZxDQ,@polodraft505,2026-03-12T21:30:51Z,👍
9-poYwCZxDQ,@MBagusHafidziii,2026-03-01T15:42:29Z,ip 17 emg gbs make sim card fisik ya?
9-poYwCZxDQ,@Mangcihuy-p6m,2026-02-27T14:02:32Z,3:15 ijo miskin 🗿
9-poYwCZxDQ,@cahayamandiriexpressadmin,2026-02-16T08:54:33Z,"Serius tanya, barang2 tersebut kalau sudah di riview di kemanakan? Di jual lagi atau di pake sendiri?"
9-poYwCZxDQ,@mamaekantor,2026-02-16T07:27:53Z,Sage sagu
9-poYwCZxDQ,@mamaekantor,2026-02-16T07:25:51Z,Seri 17 pro/promax yang harganya paling mahal warna cosmic oranye atau silver koh?
9-poYwCZxDQ,@mbahwahab8565,2026-02-13T04:53:40Z,Apa² dipajak..tapi feedback ke rakyat gak ada..
9-poYwCZxDQ,@NonMercy-k4v,2026-02-12T11:56:13Z,Layar mini gak jadi beli ah
9-poYwCZxDQ,@Magicchessthegame,2026-02-12T09:35:11Z,Kuning kayak Poco poco
9-poYwCZxDQ,@morabaek862,2026-02-10T19:17:25Z,Nontom riview menggunakan iphone 17 promax 512gb 😇
9-poYwCZxDQ,@MitaRia-jl2ks,2026-02-04T09:51:57Z,Bisa2 nya aku tonton video ini dg isi saldo rekening gak cukup buat beli 😅
9-poYwCZxDQ,@ryudentsu2,2026-02-03T01:53:18Z,Coba nubia v80 design bang 😊
9-poYwCZxDQ,@xpmixchannel,2026-02-02T23:31:04Z,"Hp puluhann juta kok berasa B aja ya
berasa pke kamera 3jtaan
Iphone jdi berasa identitas hp prrmium aja nma nya
Justru sya lebih enjoy dgn hasil kamera 3jtaan sperti infinix note 50 pro
(Dalam foto wajar sprri selfie atau video)
Mukin kalo hasil kamera iphone layaknya sperri hasil kamera DSLR /mirorless,sy rrkomend drh bwt pke iphone
Ksimpulan nya
Klo hp puluhan juta ksh hasil ssma sprri hp 3jtaan
Yah jwbnya lbwt apa iphone
Tetinksh atas pencerahan review nya
smga ug kmrrn bli iphone 17 gk nangis krna nyesel dibohongin marketing iphone hehehe"
9-poYwCZxDQ,@daveorlando9896,2026-01-29T15:44:19Z,watching this video with my iphone 17pro blue cash 😭
9-poYwCZxDQ,@32.yehezkielRichardoThiofilus,2026-01-28T22:31:25Z,ip 17 pro bisa dipasang sim card fisik nggak
9-poYwCZxDQ,@ajengyunisa7768,2026-01-28T09:38:03Z,Mending 16pro apa 17 basic yaa
9-poYwCZxDQ,@kopral_tani,2026-01-27T17:32:17Z,"Kalau untuk bergaya iphone sama samsung memang menang.
Lihat Mas.Didit Prabowo,hp iphone masih type lama,padahal dia bisa beli type iphone terbaru segudang.
Pelajar kalau ga pake iphone khususnya siswi smp-sma dan anak kuliah dia sangat gengsi,ujung2nya minta emak-babeh.
Iphone simbol khas dari Generasi Z."
9-poYwCZxDQ,@Moto-melove,2026-01-23T03:47:24Z,"nunggu secondnya, siapa tau ada yg jual 25rb 😂😂"
9-poYwCZxDQ,@slsnf4120,2026-01-22T20:00:57Z,HAHAHAHA 17:30
9-poYwCZxDQ,@Widyaayu로그,2026-01-22T04:40:58Z,Jadi mending iphone 17promax atau Samsung Fold 7 guys?
9-poYwCZxDQ,@Eaudegimik,2026-01-22T04:04:22Z,Adooooh kameranya trnyata lbh bagus 16 pro
9-poYwCZxDQ,@dandiardian-i9y,2026-01-19T11:00:13Z,Mz
9-poYwCZxDQ,@masrukhanukhan2045,2026-01-18T13:47:35Z,74 balasan
9-poYwCZxDQ,@Cheesse200,2026-01-14T08:00:17Z,"Saran dong, aku baru beli ip 17 ni"
9-poYwCZxDQ,@Undi-k2f2b,2026-01-07T01:47:02Z,Kk review ip 17 mini
9-poYwCZxDQ,@M.H.B_90,2026-01-06T16:38:20Z,"Gue baru beli diakhir tahun kemarin. Buta bgt soal iphone 17. Datang ke toko, bilang mau iphone 17. Tadinya mau yg putih, tp adanya yg sage, cakep jg. Setelah beli baru liat review 😂"
9-poYwCZxDQ,@CeritaZehan20,2026-01-06T03:50:21Z,Malah seperti hp mainan 😂😂
9-poYwCZxDQ,@Adesari02,2026-01-06T01:28:40Z,"Aku mau beli yg sage jd mastiin dulu liat video ini, oh sage emg kalem warnanya fix sih beli sage aja 😂 apple koq bisa2nya promax dikasi wrn gonjreng bikin sakit mata😢 malah bagus2 wrn yg 17 basic daripada yg pro-promax nya 😂"
9-poYwCZxDQ,@zendratonga,2026-01-06T01:13:44Z,Yang 17 promax kok ndak buat konten
9-poYwCZxDQ,@amalik2554,2026-01-04T22:56:12Z,Bentuk sama warna nya kek gameboat yg sering gua maenin pas kecil😂
9-poYwCZxDQ,@Sutana-id8qh,2026-01-04T13:50:47Z,Ip 17 pake charger 30 watt boleh ga yaa ?
9-poYwCZxDQ,@甘いみかん-e9n,2025-12-30T07:50:22Z,Warna orange sony ericsson walkman series 🙈
9-poYwCZxDQ,@krisnaartandinteriorentert007,2025-12-30T00:11:38Z,Cuma bisa pengen doang belum mampu beli 🥲
9-poYwCZxDQ,@fahrizalsyahdan0234,2025-12-29T10:19:47Z,Bang bahas iPhone air dong
9-poYwCZxDQ,@72054589,2025-12-27T09:00:55Z,"IPhone 17 pro max aslih, gak menarik"
9-poYwCZxDQ,@wiwid_green,2025-12-27T06:36:54Z,"Biasanya gak tertarik sama iPhone, tp karena suka warna ijo kok ya jadi tertarik karena warnanya... Tp mikir lg😅. Ini ato emas 😅🤦."
9-poYwCZxDQ,@raffelahmat5533,2025-12-26T15:16:45Z,Harga mehong apa sih yg di jual
9-poYwCZxDQ,@UCHIHA-NABZZ,2025-12-26T08:03:18Z,Aku yng pake Infinix aja 50 mp
9-poYwCZxDQ,@danw4279,2025-12-26T04:49:42Z,Pro resnya ga nyala bang
9-poYwCZxDQ,@BadSaves,2025-12-25T09:02:02Z,"aaaaa bingung mau 17 apa 17 pro, tapi kok 17 pro aga yellow ya kameranya? apa karena layarnya??"
9-poYwCZxDQ,@dandiardian-i9y,2025-12-25T07:16:38Z,Mz
9-poYwCZxDQ,@Jiejiell,2025-12-25T03:06:18Z,Mening hp ijo yg itu kasih aku bang🙇🏻‍♀️🙇🏻‍♀️
9-poYwCZxDQ,@yumecintaameterasu8876,2025-12-24T13:56:27Z,kalau hp buatan cina itu cpt rusak
9-poYwCZxDQ,@victormangarek3003,2025-12-23T05:47:34Z,ip17 basic alternatif  setara dengan hp android apa ? ada saran ?
9-poYwCZxDQ,@dhiafasyakirin8929,2025-12-23T02:01:19Z,Ijo Sage Best yaqin
9-poYwCZxDQ,@KembangTrotoar,2025-12-22T23:39:20Z,"udah dua kali pake ip dari 12 14 smpe kini udah agak bosan sebab layar nya masih ada tompel belum berubah dari jaman dulu ,sedangkan merk lain udah full screen ,bahkan ada hp baru yg kamera depan tidak kelihatan alias sembunyi dibalik layar"
9-poYwCZxDQ,@dress2feelpretty,2025-12-22T17:54:42Z,Harga iphone 17 di indonesia berapa ya?
9-poYwCZxDQ,@ninooroffice5394,2025-12-21T05:14:09Z,Wishlist bgt.. bentar lgi ultah.. please ad yg kasih ini Hp😊
9-poYwCZxDQ,@muharif2258,2025-12-16T09:12:15Z,Tutor live ganda di facebook pakai 17 basic
9-poYwCZxDQ,@lindhayanthi2023,2025-12-15T16:08:59Z,Kan dia review hp yah trus klo udah di review apakah akan di jual atau gimna(bertanya dg soft spoken)
9-poYwCZxDQ,@mlhedon,2025-12-15T10:59:37Z,speaker pindah ke kiri🥹🥹
9-poYwCZxDQ,@messijuli778,2025-12-15T02:08:16Z,Pajak Rp: suka2
9-poYwCZxDQ,@wire157,2025-12-14T12:38:56Z,Sebagai penggemar zoom di iphone pro saya kok gak yakin hasil 17 pro😢😢
9-poYwCZxDQ,@uta_utari,2025-12-12T07:31:50Z,"Bagusan warna biru njer,menarik sih semoga bisa kebeli deh."
9-poYwCZxDQ,@annasetia4,2025-12-11T15:15:54Z,Ko kameranya bagusan 16 pro
9-poYwCZxDQ,@DsafraaaVerdi,2025-12-10T02:57:22Z,BG bagi dong IP 17 nyaa gua udah subscribe ❤❤
9-poYwCZxDQ,@NurKhalid-d3t,2025-12-09T12:36:12Z,Saya mau bang
9-poYwCZxDQ,@NurKhalid-d3t,2025-12-09T12:36:12Z,Saya mau bang
9-poYwCZxDQ,@mekshaaqlate673,2025-12-09T12:22:53Z,Keren.. tapi jelek amat warna nya. terang menerang 😂
9-poYwCZxDQ,@sriindah5046,2025-12-08T22:00:17Z,Fitur biasa jd luar bisa ketika ip yg punya wkwkwkwkwk
9-poYwCZxDQ,@elismansitumorang9454,2025-12-08T19:19:39Z,"Aku udah lama nunggu iPhone terbaik, tapi nunggunya yang subsidi aja KLO ada nanti
😂😂😂😂😂"
9-poYwCZxDQ,@adamsyahril2190,2025-12-08T11:27:22Z,"Saran dong, mending iPhone 17 reguler, apa iPhone 16 pro nambah 300-400rb??"
9-poYwCZxDQ,@FitriYani-jb5vb,2025-12-07T19:33:21Z,Makin sini kok makin pelit sih si iPhone
9-poYwCZxDQ,@madelouies24-k7m,2025-12-07T12:22:27Z,Kapan di riview bang iPhone nya ?
9-poYwCZxDQ,@aldinurhafidz7141,2025-12-06T10:09:07Z,Nunggu iPhone 20 Aja Nanggung
9-poYwCZxDQ,@diycrafting66,2025-12-06T03:35:00Z,"menurut gw cuma Chanel ini yang agak berani review tiap brand memperlihatkan ketidak sukaan nya, bukan hanya muji2 saja... 😂"
9-poYwCZxDQ,@elinnun,2025-12-06T02:27:26Z,warna dynamight deku
9-poYwCZxDQ,@ekonuroctavianlubis1617,2025-12-05T19:56:49Z,"Bang David kok kalau review iPhone ga pernah bahas baterainya kalau dipakai streaming habis berapa%, buat MLBB berapa, buat Genshin berapa, trus ngecharge nya sekian menit keisi sekian persen .. ? Kalau Android kan biasanya detail tuh 😁"
9-poYwCZxDQ,@williamzhang915,2025-12-03T01:40:57Z,review nya kayanya belom keluar ya ?
9-poYwCZxDQ,@fadilla308,2025-12-03T00:21:31Z,Pajak ngga ngotak
9-poYwCZxDQ,@Kristian_dodi,2025-12-02T16:24:19Z,"semoga bulan ini beli kebeli ya allah, amin ❤️"
9-poYwCZxDQ,@nataliafransisca9247,2025-12-02T15:00:43Z,"Kak mau tanya, kalau kepala charger utk ip17 promax bagus anker atau u green?"
9-poYwCZxDQ,@AgusAja-j7o,2025-12-02T06:19:39Z,Apa faedahnya 😅 beli hp mahal mahal wk lancar buat ngegame aje Uda Seneng banget gw
9-poYwCZxDQ,@luckyarjuna7900,2025-12-01T17:08:10Z,"Kerja Gaji Gak Seberapa.. 
Sementara Biaya Hidup Itu Sangat Mahal..
Pemasukan Sedikit. 
Sementara Pengeluaran Banyak.
Dan Apa Apa Serba Mahal.. 
Sungguh Gak SeBanding.. 
JanganKan KePikiran Buat Beli Iphone.. 
Buat Kebutuhan Sehari Hari Aja Susah.."
9-poYwCZxDQ,@MrAri-gi1kj,2025-12-01T06:24:20Z,Unboxing air pad17pro bag
9-poYwCZxDQ,@JC-sc8rw,2025-12-01T06:06:34Z,Poco be like : krn saya murah aja ya
9-poYwCZxDQ,@AldoKidsTV,2025-11-30T17:19:03Z,Pajaknya doang segitu😂 kaya bgt
9-poYwCZxDQ,@dimassantui,2025-11-30T10:02:30Z,17 pro vs 17 pro hdc david
9-poYwCZxDQ,@KacofySkinBeauty,2025-11-30T03:40:28Z,Charger ip 17 pakai apa bang yg worth it
9-poYwCZxDQ,@Cundamani-t4c,2025-11-29T23:14:00Z,"Di Singapore iphone pro max 1.900$  256 gb lbh dikit, aku takut bawa balik indo ntar kena pajak mahal.... 😢 kalo mau 2tb 3100$  
Yang pro  256 gb 1750$"
9-poYwCZxDQ,@Penerbang_roket,2025-11-29T15:06:13Z,"klo yg iphone 17pro itu, warna orange terinvirasi  dari warna pabrikan motor KTM tim orange 👍 mantap sih warna nya GG abis, lain dari yg lain dan hanya iphone 17pro yg make warna orange, nice..."
9-poYwCZxDQ,@zvrstfx,2025-11-29T11:12:56Z,25:00 vibesnya kek perampok wlwkw
9-poYwCZxDQ,@meow-kucheng,2025-11-29T09:33:12Z,Iklan doang 😂
9-poYwCZxDQ,@SebastianTisten-eu3he,2025-11-26T13:04:21Z,Justru bagus warna 17 pro
9-poYwCZxDQ,@Tataian-y1q,2025-11-26T05:04:04Z,Kapan oi reviewnya
9-poYwCZxDQ,@Tataian-y1q,2025-11-26T05:03:53Z,Kapan oi reviewnya
9-poYwCZxDQ,@barikmuhammad1714,2025-11-25T13:56:35Z,Warna Jackmania banget ya
9-poYwCZxDQ,@mmhusein7161,2025-11-24T11:35:35Z,kapan video review nya
9-poYwCZxDQ,@YasminMumtasya,2025-11-24T07:43:18Z,"menurut ku sih yang iphone 17 bagus kamera nya jernih,Zoom nya bagus dan pas kk coba vidio dia gk ada edit filtur sedikit pun. jernih kameranya nya"
9-poYwCZxDQ,@Emotbatu98,2025-11-23T15:31:41Z,Paling senang liat hijau sa*ge😍
9-poYwCZxDQ,@fikriekanandaa,2025-11-23T10:44:52Z,Bismillah semoga kita tahun depan bisa upgrade hp ke iphone 17 pro aamiin
9-poYwCZxDQ,@janelindsay7327,2025-11-22T17:52:27Z,"Ya ya ya, bukan cuma saya yg ngelihat warnanya rada gengges. Pertama kali pilih varian iphone, langsung kepincut ip 17 base. Dari segi design simple, elegan dan menurut saya lumayan handy dan pilihan warnanya masih kalem dan ok. Gak gonjreng!"
9-poYwCZxDQ,@firmanjuma,2025-11-21T07:06:56Z,Biru atau hijau ?
9-poYwCZxDQ,@fahrizalradiansyah6164,2025-11-21T00:15:03Z,mana reviewnya 😂
9-poYwCZxDQ,@salsabilasocia,2025-11-20T08:47:20Z,Bang kapan review ip17 base modelnya. Lagi pertimbangin ip17 256gb vs ip15 256gb
9-poYwCZxDQ,@SupplierKomodity,2025-11-19T23:43:09Z,cara beli second hp gadget in gmn
9-poYwCZxDQ,@clarissa_1234,2025-11-18T00:19:11Z,nungguin review lengkap ko david ttg iphone 17 ini kok gak nongol2 yah?? apa cuma ini aja? 🥺
9-poYwCZxDQ,@yustikatalenta4915,2025-11-17T08:41:46Z,Mending 17 basic atau 16 pro?
9-poYwCZxDQ,@OnlineNugi-h4i,2025-11-17T03:54:55Z,"Soal foto kalau yg ak amati ya. Misal ad perpindahal dari 2 ke 3 gt contohnya. Nnti di agak ngeblur dikit tp klu udah smpe di 3 dia jernih lg tp klu masih di 2,8/2,9 gt dia kya cba ad peralihannya contoh ny kya muter lensa gt lah paham g sih gt lah pokoknya😅😅"
9-poYwCZxDQ,@atalyadeleon8636,2025-11-16T12:18:53Z,"bang bahas topik security hp bang, dan buat antisipasi hp dimaling, per brand hehe"
9-poYwCZxDQ,@bayantini8935,2025-11-15T15:41:44Z,aku tidak suaka....aku tetap 13...pro
9-poYwCZxDQ,@raysharania5217,2025-11-15T12:47:32Z,Kak David unboxing laptop advance dong
9-poYwCZxDQ,@silabanjavabry3785,2025-11-15T12:46:29Z,"Coba bang
Ip 16 promax vc ip 17 promax"
9-poYwCZxDQ,@aburosyidah,2025-11-15T06:59:07Z,selamat anda membuat saya iri
9-poYwCZxDQ,@NanaSusanto-g4m,2025-11-15T04:39:05Z,Sm huawei bgz mn bang??? Nnt di bandingin bang
9-poYwCZxDQ,@ShalehHajrah,2025-11-15T02:43:05Z,Ka bagusan recommend MN 16 pro te 17 basic ka
9-poYwCZxDQ,@RISKI_SUKA_RENDANG,2025-11-14T17:43:11Z,Pajak setara dengan hp bagus 🗿
9-poYwCZxDQ,@jayaqihaje313,2025-11-14T17:12:19Z,Bg bikin rekomendssi hp 1 jta zampe flagship
9-poYwCZxDQ,@jayaqihaje313,2025-11-14T17:12:13Z,Bg bikin rekomendssi hp 1 jta zampe flagship
9-poYwCZxDQ,@jayaqihaje313,2025-11-14T17:12:09Z,Bg bikin rekomendssi hp 1 jta zampe flagship
9-poYwCZxDQ,@jayaqihaje313,2025-11-14T17:12:05Z,Bg bikin rekomendssi hp 1 jta zampe flagship
9-poYwCZxDQ,@footballGame16,2025-11-14T13:54:40Z,"Masih setia dengan Oppo a33 2020😂 bukan nya gak mau upgrade tapi pengen aja marah-marah tiap hari karena hp ini ,maen game dls aja berat apalagi etusbol😂😂😂"
9-poYwCZxDQ,@Dudung757,2025-11-14T04:57:54Z,17 pro dari belakang kayak HP mainan 😂😂😂
9-poYwCZxDQ,@reviewapaajadeh3079,2025-11-13T16:47:34Z,Langsung BATAL BELI GW abis liat david review iphone 17 pro .. hasil fotonya burik trnyata
9-poYwCZxDQ,@mogami-san4012,2025-11-13T15:10:20Z,29:47 ini aku diang atau foto di iPhone 17 pro agak kekuningan
9-poYwCZxDQ,@yasinnnn-x1x,2025-11-13T09:46:51Z,"Review hp 10%
Nyebut hijau sage 90%"
9-poYwCZxDQ,@tarumajaya32,2025-11-12T15:59:16Z,"Gw yg udh nyobain 16 up ke 17 pro asli kameranya lebih ok yg 16, lebih detail sepertinyg di review, 17 pro udh kaya kena filter lebih halus, dan warna layar lebih kuning dibanding 16"
9-poYwCZxDQ,@cindyhargitas6240,2025-11-12T13:49:04Z,Ko david selain iphone 17 yang worthid dibeli tahun ini yang mana?
9-poYwCZxDQ,@OFFICIAL_DODOL-h7v,2025-11-12T09:55:41Z,Mudah mudahan bisa beli🙏
9-poYwCZxDQ,@BayuSahputra-n8v,2025-11-11T10:08:45Z,"Gilak pajak ipon 2...unit..8jt lebih,,,x ribuan unit,,njirr kaya pejabat(babu rakyat)"
9-poYwCZxDQ,@andreasiniesta1338,2025-11-10T03:57:01Z,"jangan bilang hijau miskin bang, TYM"
9-poYwCZxDQ,@KadekRestu-p2v,2025-11-10T03:05:38Z,Poco x17 pro max🗿
9-poYwCZxDQ,@Gobedlia1933,2025-11-10T00:22:44Z,Bang David cek nubia redmagic 11 pro+
9-poYwCZxDQ,@marwahsaridewi2692,2025-11-09T04:42:42Z,Bang review infinix xpad 20 pro donggg🙏🙏🙏🙏
9-poYwCZxDQ,@DOLAN_93,2025-11-09T03:24:24Z,31:45 jarang² youtuber ngomong gitu david doang yg berani
9-poYwCZxDQ,@tandytanz,2025-11-08T22:19:41Z,apakah udah setting Camera preServe nya dinyalain semua? defaultnya 17 itu kan 24 mp jd harus d set ke 48 MP kalo misal default setting ya sama aja kek 16 la. soalnya default settingnya itu untuk optimalisasi storage biar ga terlalu boros size filenya
9-poYwCZxDQ,@HeruSadBoyHeruYBArab1,2025-11-08T07:38:48Z,Kls kapan bisa beli aku
9-poYwCZxDQ,@SuhartoReksoJudha,2025-11-08T05:23:07Z,"motor trail KTM.. 
.. orange ... 

matching.. ❤"
9-poYwCZxDQ,@fllweryesmin,2025-11-07T12:04:03Z,"Kurang suka juga sih sama warna 17pm tapi it's okay, bisa ditutup case. Alhamdulillah Minggu depan IP 17pm aku Dateng sebagai hadiah untuk diriku❤"
9-poYwCZxDQ,@bossman3020,2025-11-07T01:29:33Z,masih belum ada review khusus nya ni
9-poYwCZxDQ,@AzwLa,2025-11-06T23:55:01Z,Hanya iohone 15 dan 16 yg desainya mewah elegean. 😂 Kayaknya aku malu deh megang iPhone 17 soalnya kaya bukan hape poco poco hape nya Xiaomi entry oevel😂
9-poYwCZxDQ,@AlmightyWren,2025-11-06T22:26:33Z,Aaaaaa baru beli 16 pro dan masih gamon sama 17 basic karena sempet galau milih antara mereka 😭 please yakinin tapi buat ngonser masih worth it 16 pro kan... 😭😭😭
9-poYwCZxDQ,@percpaws,2025-11-06T18:06:41Z,"nonton video ini pake ip 13, semoga bisa menonton lagi memakai iphone 17 pro max aminnn"
9-poYwCZxDQ,@ibnuathoillahas-sakandary3052,2025-11-06T14:46:14Z,25:03 kayak POCO 😂
9-poYwCZxDQ,@ibnuathoillahas-sakandary3052,2025-11-06T14:45:08Z,"DAVID pengen bilang warna oranye iPhone JELEK, tapi ga enak aja bilangnya 😅😅😅"
9-poYwCZxDQ,@ibnuathoillahas-sakandary3052,2025-11-06T14:42:07Z,Kayak hp China gak sii 😅
9-poYwCZxDQ,@WicardaSand,2025-11-06T11:52:24Z,"Wah, review-nya jujur banget. Dompetku langsung bergetar pengen beli 🥲 ᴋᴜʀɪʀꜱʟᴏᴛ"
9-poYwCZxDQ,@JEVRYNEO,2025-11-06T10:57:24Z,nonton video ini pake android 😢😢
9-poYwCZxDQ,@its.moonie213,2025-11-06T09:05:07Z,"jadi mending ip 16 apa 17 ya, masih bingung"
9-poYwCZxDQ,@tyee613,2025-11-05T13:24:02Z,bagi satuu😭😭🙏🏻
9-poYwCZxDQ,@Abihtemborotomaychannel,2025-11-05T13:01:52Z,BANG RIVEW KAN DONG KAMERAH VIDIO HP REALMI 15 PRO GAME OF THRONE KAN WAKTU ABANG REVEW KEMARIN KAMERAH VIDIONYA BLM ABANG SEVILKAN
9-poYwCZxDQ,@anggarasutisna7031,2025-11-04T23:47:04Z,"Dari dulu pake iphone 6😁diejek temen ini itu, pas juli 2025 langsung ganti smsung s24 ultra"
9-poYwCZxDQ,@PangJia-lg6xp,2025-11-04T16:12:06Z,G jadi beli ah
9-poYwCZxDQ,@xham6231,2025-11-04T06:03:40Z,"dari 5,7plus,XR,14pro (last lah udah paling mantap) cape banget ngikutin iphone jing 🥲"
9-poYwCZxDQ,@roifnurwahid2080,2025-11-04T05:42:03Z,lagi liat riview iphone 17 promax nontonnya pake iphone 17 promax😊😊😊😊
9-poYwCZxDQ,@ConfusedBeachHammock-kg3vc,2025-11-04T03:08:12Z,Sampai Googling arti Sage. Ternyata tanaman obat herbal. Nice.
9-poYwCZxDQ,@inamfadlillah7904,2025-11-03T01:44:06Z,"Model nya jadi norak, bagus model lama"
9-poYwCZxDQ,@rezhainakaro,2025-11-02T22:25:54Z,Jadi ingin merasakan teknologinya 😊😊
9-poYwCZxDQ,@rahmatfatihalkiromi9293,2025-11-02T14:49:45Z,Hp cina😂
9-poYwCZxDQ,@SariYogaSwastiani,2025-11-02T03:42:54Z,menunggu review ipadnya jugaaaa😁
9-poYwCZxDQ,@AzwLa,2025-11-02T01:36:22Z,Knpa iphone17 pro kaya hape poco yg murah😂😂😂😂😂 desain belakang nya
9-poYwCZxDQ,@ziefebian9380,2025-11-01T07:47:55Z,Relate bgt jirr warna ijo tembok org miskin😂😂😂😂😂
9-poYwCZxDQ,@AlfaRiansyah-h3i,2025-11-01T01:42:28Z,Di luncur langsung beli 1:03 😊
9-poYwCZxDQ,@DyiauddinTorjun,2025-11-01T01:03:16Z,Warna gak suka sekali
9-poYwCZxDQ,@qemherlambang502,2025-10-31T22:27:18Z,"Kasiann ,, orang miskin akan senyum liat ini... 😂😂😂"
9-poYwCZxDQ,@miru0202,2025-10-31T18:16:09Z,bismillah tahun depan
9-poYwCZxDQ,@oficialwanda_ku988,2025-10-31T17:14:13Z,Bang seneng banget jadi kamu rejekinya lancar sehat selalu.beda dg saya harus berusaha sekuat mungkin jadi TKW padahal seorang istri.😭😆doain ya bang rejekinya sama kaya Abang sehat sll
9-poYwCZxDQ,@chiikal30,2025-10-31T08:43:11Z,Bang itu hp Poco 17 pro ya
9-poYwCZxDQ,@andikoko6550,2025-10-31T07:12:08Z,Ijo EN u
9-poYwCZxDQ,@fauziahmade2795,2025-10-30T21:08:06Z,Pasar dipaksa nerima desain iphone yg skrang gk sih😂semoga nasib nya gk jadi ky brand suzuki yg kualitas bagus tpi desain aneh
9-poYwCZxDQ,@Katatiana,2025-10-30T16:07:31Z,Q juga lagi mikir soal warna. Mulai I phone 6 plus 8 plus 11 .13 pro .skrg 15 pro pengen up 17 pro tapi kalau sama warna . Putih dah biasa mau oren kok ya jlk 😂betul kata David dia hy unik
9-poYwCZxDQ,@FadliRizq12,2025-10-30T14:57:15Z,"🤓""120hz iphone = 1000hz android"""
9-poYwCZxDQ,@sandialdrian2784,2025-10-30T13:22:22Z,Di bandingin sama bungkus kacang😢😂
9-poYwCZxDQ,@antonraharjo84,2025-10-30T08:41:33Z,info bang.kalau seperti adaptor 40w dynamic power adapter with 60w gak ada di ibox dan deler lainya. untuk beli di web nya apple gimana caranya ya.sdh tak coba mentok di alamat.mungkin ada cara lain.dan softcase nya juga pada kosong kadang.pliss
9-poYwCZxDQ,@MNiam-bb1nl,2025-10-29T19:13:45Z,Guys doain gua punya uang 100m sebelum umur 30 tahun ❤❤
9-poYwCZxDQ,@HusnudLinda,2025-10-29T14:35:18Z,bang ga mau kirim iphone2 bekas reviewan nya apaaaahhh 😅
9-poYwCZxDQ,@DogmaPuppet,2025-10-29T12:36:28Z,"25:01 Segel Orochimaru di leher Sasuke.
Obat nyamuk Tiga Roda."
9-poYwCZxDQ,@GhifariNaufall,2025-10-29T10:04:57Z,❤iphone 17 pro max 2tb black
9-poYwCZxDQ,@mayurimayura,2025-10-29T08:58:07Z,Eh tp sama gak sih kayak kasusnya 13 pro/promax sama 14 pro/promax. Soal camera bagusan seri 13 drpd 14.
9-poYwCZxDQ,@ZENTHOR7,2025-10-29T04:35:00Z,kpn reviewnya bang
9-poYwCZxDQ,@mariaagista2937,2025-10-29T03:20:15Z,Liat vid ini sambil pake ip 17pro 😅
9-poYwCZxDQ,@NovaYudhaA,2025-10-29T02:03:46Z,jadi tau bisa fitur anti tema aplikasi jadi transparan wkwkwkwkwkw
9-poYwCZxDQ,@YusRizal-k9d,2025-10-28T20:39:10Z,"Pajak 9 juta, itu pajak loh. Mending kasih ke orang yang kurang mampu"
9-poYwCZxDQ,@neurozuno,2025-10-28T16:49:39Z,wokwowk iya lagi dipakein case tertutup malah jadi POCO 🤣
9-poYwCZxDQ,@desykumala.n3869,2025-10-28T11:36:35Z,Di jual gk sii habis di review
9-poYwCZxDQ,@suparmanyogyakarta,2025-10-28T10:37:35Z,Yogyakarta Indonesia hadir
9-poYwCZxDQ,@rendyachmadsyukur,2025-10-28T05:55:45Z,Mantap bang David
9-poYwCZxDQ,@Cinta-pr6io,2025-10-28T01:07:15Z,Iphone selalu ketinggalan jaman soal tekhnologi setelah Android😂
9-poYwCZxDQ,@dediirawan1599,2025-10-27T19:12:39Z,Hp Orang Bergaya Hidup Mewah Ini..
9-poYwCZxDQ,@aditrafalgar3253,2025-10-27T14:54:39Z,Udah sampai iphone 17 aja bentuknya masih ngebosenin 😅cuman beda warna doang
9-poYwCZxDQ,@CP9FFF,2025-10-26T15:31:36Z,13:30 iphone 15 PM juga bisa
9-poYwCZxDQ,@DoniArbani,2025-10-26T14:36:41Z,salpok sama merek nya momok
9-poYwCZxDQ,@Ramonaiverson222,2025-10-26T13:28:36Z,Hmm ternyata ip 14+ ku tidak begitu buruk wkkwwkwkwk
9-poYwCZxDQ,@MasyhudButon,2025-10-26T13:19:33Z,ekspresinya kayak nyesal gitu beli i Phone 17 Pro
9-poYwCZxDQ,@fitriripayanti8355,2025-10-26T12:50:08Z,Aku juga
9-poYwCZxDQ,@-RifkyChannel-,2025-10-26T11:12:19Z,ijo miskin😂
9-poYwCZxDQ,@adhigunanugraha-b9i9j,2025-10-26T10:29:08Z,blm ada review full nya bang
9-poYwCZxDQ,@greenlandfamily-m5g,2025-10-26T07:12:15Z,"20:38 aku tau nyindir siapa Timothy 👉🏻🫩🤕
David ✋🏻😊👉🏻🤣🫢"
9-poYwCZxDQ,@kampungdurianruntuh2600,2025-10-26T05:06:01Z,Kalau cari pengakuan iPhone 17 pro/max warna oranye memang terbaik
9-poYwCZxDQ,@saldijanuar21,2025-10-26T03:19:59Z,koplok ijo miskin😅😅😅
9-poYwCZxDQ,@fionaelkhansa6510,2025-10-26T03:08:39Z,ip 16 pro / 17 base ya
9-poYwCZxDQ,@ttrisamuel,2025-10-26T02:10:04Z,Jadi flash back duluuuu 2007 punya sony Ericsson walkman warna orens 🫶🏼🥹
9-poYwCZxDQ,@fitrihandayani2307,2025-10-26T01:49:23Z,"Mau nanyaaa buat yang pernah pake iPhone dan Samsung seri flagship, mendingan mana sih?😭"
9-poYwCZxDQ,@maya_anggraini8656,2025-10-25T16:42:26Z,Belum tayang bang riviewny?
9-poYwCZxDQ,@Sidney7919,2025-10-25T15:53:45Z,Bukannya yang ijo Sage perasaan itu iphone 16
9-poYwCZxDQ,@budieratmawan3329,2025-10-25T12:55:55Z,"Dua varian:
17 Polos (thai green tea)
17 Pro Max (thai tea)"
9-poYwCZxDQ,@jokobodo4696,2025-10-25T07:41:14Z,bacanya koq sa ge??? baca seij lah
9-poYwCZxDQ,@riskanurlaelani2147,2025-10-25T04:55:51Z,Banyak duit si abanggg
9-poYwCZxDQ,@Mobi_1961,2025-10-24T18:42:51Z,nyimak
9-poYwCZxDQ,@longlife1126,2025-10-24T17:51:03Z,"Di lihat dari belakang, Kok jadi inget nokia n8 Symbian"
9-poYwCZxDQ,@elanadiatnr331,2025-10-24T17:36:19Z,3:05 hijau missqueen g tuh 😂😂
9-poYwCZxDQ,@FarisLukman-zl7iz,2025-10-24T15:49:39Z,"Di tempat gua.. Yang pake iphon kebanyakan pegawai yang gajinya di bawah umr .. Klw pengusaha dan pembisnis yang udh punya mobil dan rumah mereka pake hp samsung dan ovvo,.. Gua iseng tanya kenapa gak beli iphone kan udh mampu.. Jawabanya tujuan mereka cari duit di dunia nyata bukan pamer hp yg setiap tahun, berlomba lomba ganti ke iphone terbaru.. 😂"
9-poYwCZxDQ,@FarisLukman-zl7iz,2025-10-24T15:43:25Z,"Iphone udh ke 17 aja ni. 
Perasaan gak ada perubahan besar dari tahun ke tahun.. Tpi harga bekasnya anjlok"
9-poYwCZxDQ,@rezwaazrililhamsiregar1253,2025-10-24T10:54:53Z,"PILIH YANG SERIES GENAP, Series Ganjil emang selalu cobaan, Iphone 12, 14, 16, Jangan ke 17 nanti kalau pengen upgrade ke Iphone 18"
9-poYwCZxDQ,@wahyurifai-f6f9k,2025-10-24T06:09:49Z,"nonton dulu aja, gatau belinya kapan"
9-poYwCZxDQ,@ferryrisettoz5698,2025-10-24T04:03:18Z,"cuma mas david yg transfaran dalam menyampaikan fakta.
tengok in aja dulu vt nya , krn aku masih nganggur dan cm pake Realme 6 .
mau beli , belum ada duit soalnya"
9-poYwCZxDQ,@MagdalenaSihombing-t3x,2025-10-24T03:01:58Z,Samsung S25 ultra : terbahak bahak😅
9-poYwCZxDQ,@emmaae457,2025-10-24T02:39:14Z,Herannya tetep laris
9-poYwCZxDQ,@inkdesign7,2025-10-23T13:19:06Z,"Kesan sy sih, biasa aja 😅"
9-poYwCZxDQ,@MisbahBoysaputra,2025-10-23T12:31:13Z,S̤a̤l̤a̤m̤ k̤e̤n̤a̤l̤ b̤a̤n̤g̤.̤.̤d̤a̤v̤i̤d̤ g̤a̤n̤t̤e̤n̤g̤
9-poYwCZxDQ,@MellaMorgen,2025-10-23T12:08:11Z,AI nya kenapa ga smooth ya .. heran hiks muka menyong2 semua :(
9-poYwCZxDQ,@RajfiSkuy6,2025-10-23T11:49:38Z,Review yg resminya jg bang david
9-poYwCZxDQ,@asepbayupratama8913,2025-10-23T09:30:17Z,Kayaknya harus bertiga atau lebih orangnya koh david biar auto rotate
9-poYwCZxDQ,@sarilestari3213,2025-10-23T00:32:10Z,jd kesimpulannya bagusan 17 atau 16 pro nih ka???
9-poYwCZxDQ,@Raaraaay,2025-10-22T20:41:05Z,UPDATE pemakaian IP 17 nya dong bang selama beberapa minggu gimanaaa
9-poYwCZxDQ,@belladwiamalia925,2025-10-22T14:44:46Z,Jadi kesimpulannya mending 16 pro apa 17 pro ya bang
9-poYwCZxDQ,@Bellatrix-cho,2025-10-22T12:28:30Z,"Riview Apple Iphone Air dong,  desainnya bagus, pengen tau spesifikasi nya."
9-poYwCZxDQ,@irmamariam2541,2025-10-22T11:58:27Z,"Iphone klu gak cepat inovasi...bisa senasib seperti Nokia...,itu hanya bom waktu"
9-poYwCZxDQ,@d_rger2058,2025-10-22T04:19:15Z,"Aslinya iphone itu bisa banget lo bikin kamera yang langsung bagus bgt, tpi sama mereka di komersilkan dengan tipe tipenya, saya analogikan kamera pada iphone 11 harusnya bisa aj langsung bagus seperti iphone 17 tpi mereka simpan kemajuan tsb dan di terapkan pada iphone 17 spy bisa dimonopoli"
9-poYwCZxDQ,@indynaqilah2156,2025-10-22T03:51:08Z,"Tolong sarannya🙏🏻 iphone sy 13 pro. Bagus ganti ke iphone 17pro atau google pixel 10 pro. Pemakaian biasa gak main game, tapi lebih focus ke photo krn suka traveling"
9-poYwCZxDQ,@fathonahannisa8292,2025-10-22T02:39:33Z,Pertanyaannya mending stay di 16plus 128 atau upgrade ke 17basic 256 nih?
9-poYwCZxDQ,@cowboyy20,2025-10-22T01:22:28Z,reviewnya kapan bang?
9-poYwCZxDQ,@UdangPresto-v9h,2025-10-22T00:48:25Z,"Sebagai user iphone, model seri 17 pro/promax kurang banget. Model 17 basic sama Air masih bisa diterima lah desainnya."
9-poYwCZxDQ,@rizkanaufalianzahra1171,2025-10-21T23:23:23Z,Kalo iphone itu lbh bagus series ganjil apa genap guys?
9-poYwCZxDQ,@FajriGacor-y5z3m,2025-10-21T22:18:24Z,16 pro❤❤❤❤❤❤❤
9-poYwCZxDQ,@arhun310,2025-10-21T16:47:27Z,Mnurt sy bentuk 17 pro dari blkang terkesan kurg wow..malah nampak  jadul..nampak dri muka bang david kecewa dgn prodak baru ini😂
9-poYwCZxDQ,@maulanaikya8062,2025-10-21T14:10:20Z,I phone 17 pro edisi bitcoin
9-poYwCZxDQ,@lastuanabisyaiin,2025-10-21T11:17:55Z,Xiaomi 17 pro max kpn bg?
9-poYwCZxDQ,@faturrohman9314,2025-10-21T10:44:38Z,"udh sebulan bang, kapan upload repiwnya?"
9-poYwCZxDQ,@Andi-veint,2025-10-21T00:19:42Z,nonton review iphone 17 pro pakai hp vivo tapi yg muncul iklannya samsung galaxy 😢
9-poYwCZxDQ,@Chibimaru2604,2025-10-20T22:56:39Z,"iOS 26 update an sampah, ganggu koneksi mau update karna masalah koneksi jadi puyeng 7 keliling"
9-poYwCZxDQ,@nikodemusb,2025-10-20T14:19:03Z,"Bang david, saran dong travel adaptpr yang bagus dan aman untuk iPhone 17? Dan berapa watt. Trimksh."
9-poYwCZxDQ,@imulyadi2443,2025-10-20T14:08:24Z,Bang.. Sudah 1 bulan video ini? Ga buat review nya kah?
9-poYwCZxDQ,@sapimae3486,2025-10-20T13:40:45Z,"Hijau miskin? b oung seprei pung wrn ijo kek tu handpone harga Rp.105.000,- mahal ko murah? seprei miskin ko kaya? 😂 br dengar ini istilah dr ini konten e... ""hijau miskin"" br gbr tembok org pu rumah le... 😭💔"
9-poYwCZxDQ,@tauruscell,2025-10-20T13:22:10Z,"Bukannya gak mampu beli ip 17, soalnya tanggung baru minggu kemaren saya beli infinix hot 60i 😢"
9-poYwCZxDQ,@DarkSoul076,2025-10-20T10:49:20Z,Jumlah yang kamu bayar kalau tukar duit Malaysia jumlah harga setiap iPhone campur pajak dekat RM9000..Mahal Oo 😂
9-poYwCZxDQ,@ALi_MuFiD_M2Chip,2025-10-20T08:50:52Z,6:03 21jt an 2.0 USB nya 😌😌🤭
9-poYwCZxDQ,@ALi_MuFiD_M2Chip,2025-10-20T05:44:04Z,Sebulan 3jt view 😌 90% kaum bawah juga pasti. Yang kebelet beli iPhone yang BELUM kesampaian. iPhone 17 series tuh worth to buy sih di akhir tahun 2030
9-poYwCZxDQ,@16sxfi44,2025-10-19T19:20:39Z,Jadi kalo soal kamera masi bagusan 16pro max kah guys?
9-poYwCZxDQ,@muhammadihsan7143,2025-10-19T14:29:00Z,BENER DONG
9-poYwCZxDQ,@gadiprmdy1754,2025-10-19T13:55:36Z,Mnurut gw kok iphone 17 basic lebih elegan daripada iphone 17 pro/max ya
9-poYwCZxDQ,@Tamstamaaa,2025-10-19T13:10:40Z,Pajaknya 9jt? Wadidaw negeri konoha sanga sejahtera ya 😂
9-poYwCZxDQ,@aansetiawan9959,2025-10-19T08:48:27Z,"Nonton aja dulu, belinya bisa kapan kapan"
9-poYwCZxDQ,@Mikaneko_17,2025-10-19T07:47:41Z,"Pajak ,pajak dan pajak 😮"
9-poYwCZxDQ,@sofiyanti1406,2025-10-19T06:31:43Z,Bang. Kapan Xiaomi 17 prp max
9-poYwCZxDQ,@raygasanjaya01,2025-10-19T05:20:35Z,Bungkus snack saya juga warna oren😂 24:49
9-poYwCZxDQ,@Isnowek,2025-10-19T01:52:26Z,Dari awal Baru skrg ku geli liat model iPhone terbaru ini
9-poYwCZxDQ,@KaryawanBermotor,2025-10-18T15:30:58Z,gila ya kang pajak… gimana gak cepet kaya bea cukai
9-poYwCZxDQ,@satriasatwikaanantha,2025-10-18T15:08:54Z,25:03 wkwkwk bangke 😂
9-poYwCZxDQ,@tato5102,2025-10-18T13:45:00Z,Wah ternyata masih lebih ok 16 ya… zoomnya memang menang ip 17 tapi 16 got the detail dan cantik…
9-poYwCZxDQ,@aw.family777,2025-10-18T13:32:38Z,belakangnya gak ada premiumnya - keliatan plastik dan murahan di bagian buble cameranya..sangat di sayangkan sih.
9-poYwCZxDQ,@reytheheroraw,2025-10-18T11:20:18Z,"Setelah lihat konten ini, kemudian buka web2 vendor seller resmi, komparasi sana sini, kalo ada budget, sekalian beli pro, atau gk basic. Jangan yang Air wkwkwkwkwkwk sumpah jangan."
9-poYwCZxDQ,@Rian_PW,2025-10-18T11:18:49Z,fix kamera lebih bagus 16 ketimbang 17
9-poYwCZxDQ,@SUPINGAN,2025-10-18T11:08:11Z,Harganya berapa ingin tahu saya
9-poYwCZxDQ,@bangkhalicah3949,2025-10-18T10:17:48Z,Lebih Adam sih kamera 17..
9-poYwCZxDQ,@bangkhalicah3949,2025-10-18T10:10:23Z,Warnanya gak bgitu bgus trllu mencolok.. bgus warna putih silver atu blue..
9-poYwCZxDQ,@komangdeni170,2025-10-18T09:04:34Z,Banyak yg bilang warna orange itu nglupas dia warna nya jadi ilang katanya
9-poYwCZxDQ,@cahngapakk,2025-10-18T04:47:06Z,Seperti nya ini poco versi pro😂😂
9-poYwCZxDQ,@azkaputrinuraina8067,2025-10-18T04:25:29Z,"Banggg, bagi 1 bangg pliss😢"
9-poYwCZxDQ,@rienaamelia3926,2025-10-18T02:48:40Z,Setelah melihat desain 17 pro aku makin mantabkan hati utk tetap memakai 16 proku 😅😅
9-poYwCZxDQ,@zulfarjan653,2025-10-18T02:47:38Z,jdi nyesell beli yg 16 basee
9-poYwCZxDQ,@rifawahyu10,2025-10-18T00:12:09Z,Mending 17 basic apa 16 pro ya ? Soalnya selisih dikit. Tolong jawab yaaa galau nii 😭😭😭😭
9-poYwCZxDQ,@dyosnj-bh8vz,2025-10-17T23:16:48Z,Rencana mau upgrade dari 7 plus ke 17 basic
9-poYwCZxDQ,@metodiusjuanw7696,2025-10-17T15:43:44Z,itu jamnya juga warna ijo
9-poYwCZxDQ,@WinantoDani,2025-10-17T14:36:48Z,Sudah ip68/69?
9-poYwCZxDQ,@rasyid125,2025-10-17T14:24:25Z,Makin kesini makin parah ya
9-poYwCZxDQ,@HABIBTANTOWI-nr4oq,2025-10-17T13:36:57Z,Bagusam model ipone 15 sampai 16
9-poYwCZxDQ,@anjingtanah1885,2025-10-17T12:19:25Z,Ada yg sama ga si? Makin kesini makin ga fomo beli iphone terbaru?
9-poYwCZxDQ,@ErniMukdori,2025-10-17T11:01:28Z,"Warna orange 🍊🍊 di sini di panjang sepanjang jalan.
Krn warna tong sampah 😅😅 
Mau bli yg 17 tpi pengen max pro tpi juga bingung g suka gede bngt yg 17 pro max"
9-poYwCZxDQ,@alfinosaurus,2025-10-17T10:54:40Z,ijo sage keinget gw dari pixel 5 kalo ga salah
9-poYwCZxDQ,@dianayu1846,2025-10-17T03:03:14Z,Kao mau upgrade dari iphone 16pro ke 17pro worth it gak yah?
9-poYwCZxDQ,@rahmatkamal7685,2025-10-17T00:11:03Z,bang saran saya buat hasil foto sunset/matahari pas mau terbenam juga dihasil foto❤😅
9-poYwCZxDQ,@bejoowterjalbejoowterjal185,2025-10-17T00:07:43Z,"Di singapore hari ini , 17 pro 256=$1750 512=$2050 1tb =$2350"
9-poYwCZxDQ,@4grarichh,2025-10-16T17:02:37Z,Kamera mantepan 16 pro maxx😂😂
9-poYwCZxDQ,@Rezabilly-m1n,2025-10-16T14:34:29Z,Bismillah semoga bisa beli iPhone biar bisa coba rasain make hp mahal🤲
9-poYwCZxDQ,@adekruswandi4889,2025-10-16T14:17:44Z,udah sih bang tinggal bilang warnanya norak...ahahahaha jgn nanggung2
9-poYwCZxDQ,@tamharputra9044,2025-10-16T12:42:27Z,"apa skip?? nonton David Gadget In skip ga bgt buat gue yg ada kadang gue track back 😭🤣 
klu di suruh pilih gue pulih yg biasa soalnya pro max mah android bgt desain nya ngapain 🤣🤣🤣"
9-poYwCZxDQ,@HomeEarth2025,2025-10-16T12:40:11Z,Terlalu bertele2... Cape nonton nya 😂
9-poYwCZxDQ,@Radenngelalu,2025-10-16T09:58:43Z,Unboxing xiaomi 17 pro dan promax abangku🙏🙏🙏
9-poYwCZxDQ,@girbaaan,2025-10-16T05:00:57Z,"Salfok sama Dyson nya bang, kaya Collab sama Marvel soalnya warna nya Thanos banget"
9-poYwCZxDQ,@denmaseka,2025-10-15T14:41:45Z,😂trus kpn obain xiaomi 17 pro max bang lbh keren
9-poYwCZxDQ,@vloggerterhitz4797,2025-10-15T06:11:57Z,"pengen si punya iphone buat ambil dokumentasi kerja di wisata alam, tapi apalah daya gaji umr hehe bantu doa ya sahabat"
9-poYwCZxDQ,@PutriMpi,2025-10-15T06:01:24Z,Fold 7 lah juwaraaa 😍🥳🤍
9-poYwCZxDQ,@adityaprabowo72,2025-10-15T02:28:07Z,lebih suka yg based model
9-poYwCZxDQ,@DeniIsma-m4z,2025-10-14T15:55:45Z,studio ponsel store
9-poYwCZxDQ,@Rizalhartono5658,2025-10-14T14:08:04Z,Gw yg nabung pengen punya IP 11 aja nggak kesampaian aja😢
9-poYwCZxDQ,@siskaaleminaginting1538,2025-10-14T11:23:23Z,Suara cempreng review ga jelas
9-poYwCZxDQ,@ScorpionSwiftie,2025-10-14T05:30:52Z,"Mirip albumnya Taylor swift koh, The life of a Showgirl 🧡"
9-poYwCZxDQ,@YaalaAbrisam,2025-10-13T22:07:03Z,29:00 mungkin ini karena zoom nya cropan dari wide cameranya bang
9-poYwCZxDQ,@dodddfrrr,2025-10-13T19:00:38Z,"jujur ga suka model 17 pro,, aneh banget,, wkwkwk
mending 16 pro or 17 aja sihhh"
9-poYwCZxDQ,@harisk2190,2025-10-13T18:53:49Z,Bagus
9-poYwCZxDQ,@dyasCh.,2025-10-13T12:36:15Z,"Bang David, coba bandingin iPhone 17 sama iPhone 16 pro bang..."
9-poYwCZxDQ,@altariervan,2025-10-13T10:31:49Z,Thanks infonya bang. Apple udh berubah sejak jobs mangkat. Saatnya beralih ke S Ultra gk sih 🙂
9-poYwCZxDQ,@Novia1989-x6v,2025-10-13T01:50:03Z,Aq jatuh pada 17 pro max biru tua  tp mendingan dr pada warna oranye tp masih kurang puas sm warna nya pengen ungu
9-poYwCZxDQ,@Walkingwithly,2025-10-13T01:41:55Z,Harusnya satu lg beli iphone Air bang mau liat ih
9-poYwCZxDQ,@cieprutndaslanky,2025-10-12T20:09:55Z,Alhamdulillah sudah kebeli.
9-poYwCZxDQ,@aidilputra4972,2025-10-12T18:31:49Z,"Terserah mau di katain kaum mendang mending, tp jujur design IP 17 DAN 17 AIR bnr² kocak menurut ku,. Dan aku paling suka design IP camera boba dan layar poni nya , sekalipun menutupi layar tp aku paling suka ketimbang android yg bulet atau punchole"
9-poYwCZxDQ,@ryuga07gaming,2025-10-12T16:04:39Z,Setelah iphone 17 brand sebelah bakal ngeluarin S26
9-poYwCZxDQ,@muhammadalaidinsyah,2025-10-12T15:39:46Z,"Ada yg mau beli 15 base model gua gak? Blue 128gb BH 94%. Baru dipake 6 bulan, plus garansi  qoala 2 tahun sepaket sama pembeliannya waktu itu. Masih full box, ambil stiker2 nya sekalian kan susah noh skrg udah gaada stiker lagi. Di 9,8jt net. Kalo kata ci mehong mah yg mau2 aja."
9-poYwCZxDQ,@Pauzi125,2025-10-12T15:08:56Z,Saya pengguna 16 pro max desainnya masih bagus tapi kalau 17 letak kameranya makin ngawur😂😂
9-poYwCZxDQ,@antonioant0n67,2025-10-12T12:30:17Z,kalau menurut saya 16 pro lebih unggul dari kameranya dibanding 17 pro..
9-poYwCZxDQ,@neta-f4w,2025-10-12T07:06:38Z,Wah iphone 17 pro max buat adik saya itu hehe
9-poYwCZxDQ,@stroberryy,2025-10-12T05:18:23Z,Bagusan yg dari china apa amerika bang
9-poYwCZxDQ,@MutiaraUti-j4r,2025-10-12T04:52:35Z,25:04 ke poco
9-poYwCZxDQ,@MahendraSuteja,2025-10-11T17:37:19Z,Vid kira2 hp lo apa ya ?
9-poYwCZxDQ,@M.AlfinoPandu-l9j,2025-10-11T14:20:04Z,Bang unboxing hp Infinix smart 10 bang
9-poYwCZxDQ,@alimalco,2025-10-11T12:46:06Z,Malah jadi jelek design camerax  mirip Poco sich
9-poYwCZxDQ,@fitri_lee,2025-10-11T12:44:54Z,silahkan diperdebatkan wkwkwk
9-poYwCZxDQ,@alimalco,2025-10-11T12:36:19Z,17 pro /max model camera beda dari sblm2x.
9-poYwCZxDQ,@crispandosaragih,2025-10-11T10:48:19Z,"klo negara Indonesia ini di bagi beberapa negara GK usah bnyak ,cukup 3 negara aja pasti rakyat sejahtera"
9-poYwCZxDQ,@Biru_official13,2025-10-11T09:22:16Z,"Tabmelnya harus mendefinisikan riview dong bro kalau menurut gue 👍😎 

Jangan tubmel Clickbait aja 😭"
9-poYwCZxDQ,@xiao-m1b,2025-10-11T04:21:13Z,Hp yang di agung agung kan netizen Konoha
9-poYwCZxDQ,@HadiGear29Fox,2025-10-11T00:10:34Z,bentukan hape nya udah kayak android. JELEK
9-poYwCZxDQ,@Kusnadianak-rantau,2025-10-10T14:23:58Z,Tetep 16 sih
9-poYwCZxDQ,@WatiDarma-d6f,2025-10-10T13:59:31Z,Lama2 iphone design nya kyk hp china
9-poYwCZxDQ,@aksa66,2025-10-10T11:55:36Z,"jadi mending 16 pro atau 17 base model guys? bingung bjir, harganya gak jauh beda juga"
9-poYwCZxDQ,@alonalavidi,2025-10-10T08:12:01Z,"Bang, bandingin 17 basic sama 16 pro dong. Aku bingung ini, mending yang mana. Makasih."
9-poYwCZxDQ,@AAKAMEWAANSKIMASJAI,2025-10-10T03:42:55Z,Masih nyaman sama seri sebelumnya karena lebih kalem simple elegan dan fitur gak kalah telak 😂😂😂😂
9-poYwCZxDQ,@bergiatlban7594,2025-10-10T02:19:26Z,"BG,sekali sekali bikin dong intronya biar estetik aj,massa intronya AI GUYS DAVID DISINI,bosan banget dengernya"
9-poYwCZxDQ,@adechanel0267,2025-10-09T16:09:44Z,ka coba review xiomi 17 pro dan pro max
9-poYwCZxDQ,@IndraRamadan-nf1fu,2025-10-09T16:06:09Z,bazelnya bahas bang dari keduanya
9-poYwCZxDQ,@Detrisnaa,2025-10-09T16:02:17Z,Suatu saat pasti tenggelam
9-poYwCZxDQ,@nicoboy1743,2025-10-09T15:06:54Z,Kamera lebih oke 16 ternyata
9-poYwCZxDQ,@BahamutNo.1,2025-10-09T09:47:57Z,Xiaomi 17promax bang tolong di review 😅
9-poYwCZxDQ,@warofnet5469,2025-10-09T06:47:40Z,bang dapit tinggal dimana kok dikit dikit di palak (eh di pajak)
9-poYwCZxDQ,@maee1,2025-10-08T23:06:35Z,"saya suka suka aja, terlihat lebih keren 17promax dibanding ip 16"
9-poYwCZxDQ,@mariaf2087,2025-10-08T20:50:32Z,"Designya aneh yg pro ga estetik ga kelihatan luxury sama sekali
Beli hp poco aja lah 😂
Samsung dan android lain msh menang klo design"
9-poYwCZxDQ,@desirosdianasari,2025-10-08T18:26:24Z,Makin sini makin yakin kalo hp dengan kamera kecil2 itu udh paling nyaman. Menurutku. Aku ttp setia dng oppo reno 2f. Sesuai kebutuhan sih. Sosmedan aja udh cukup nih hp sm foto2in bocil
9-poYwCZxDQ,@rusticmac,2025-10-08T16:46:22Z,Review tesla pi phone bang
9-poYwCZxDQ,@STLE889,2025-10-08T15:06:37Z,"Thank you gadgetin... Makin yakin beli yg 16 aja, harga udah turun, kamera gw anggep lebih bagus (selera)"
9-poYwCZxDQ,@pasetyoplafonbajaringan7395,2025-10-08T14:44:33Z,Belum mampu...kalo dipaksain bisa sih..tapi mentingin buat investasi dulu😂karena profesiku kuli bangunan
9-poYwCZxDQ,@YutaWatanabe-p9r,2025-10-08T13:05:00Z,"Buat Fanboy denial yang dulu ngekeuh Iphone base gk butuh 120 Hz, tolong jangan beli Iphone base seri 17 ke atas ya kalian. Nikmati aja 60 Hz kalian itu, kan kalian bilang katanya gk butuh itu 😂. Iphone 17 series ke atas cuma buat Fanboy waras dan user lainnya. Awas kemakan ludah sendiri. 😂😂😂"
9-poYwCZxDQ,@justiceIens,2025-10-08T05:05:52Z,Beli ip15 basic skrng worth it ga ya ?
9-poYwCZxDQ,@KristianjaauDwiatma,2025-10-08T02:40:09Z,Mas kapan ngonten hp oneplus 15 sand dunes.
9-poYwCZxDQ,@ruparupachannel8929,2025-10-07T18:35:07Z,"Tim nonton ajah😅

Saya bertahan di ip 15 base model,,cos perdana ni ip pertama saya dalam hidup ni,,
Semoga awet❤"
9-poYwCZxDQ,@ajicips3233,2025-10-07T18:28:49Z,Ke inget Nokia N8 gw dlu warna oren 😢...
9-poYwCZxDQ,@AbanChenel,2025-10-07T11:54:15Z,Masih pengguna 7 plus hadir
9-poYwCZxDQ,@alhafzhhh,2025-10-07T11:31:14Z,buat series ipon paling worthit setelah ip 17 keluar bang
9-poYwCZxDQ,@jokosulistyanto5574,2025-10-07T09:56:23Z,"Somai 17 promag mana nih 
Katanya aipon killer"
9-poYwCZxDQ,@irmanuraini9686,2025-10-07T06:06:02Z,"gapernah skip iklan , nungguin rekomendasi hp akhir tahun atau buat lebaran nanti😊"
9-poYwCZxDQ,@Story_Nalika,2025-10-07T04:21:41Z,Menunggu review Tesla Pi phone
9-poYwCZxDQ,@GachaOfficialll,2025-10-07T02:23:37Z,"bang, emang bener Tesla mau adain smart phone?"
9-poYwCZxDQ,@Marko_william,2025-10-07T01:39:21Z,Yang paling ku suka dari update iphone 17 reguler itu yang dari 60hz ke 120hz
9-poYwCZxDQ,@Marko_william,2025-10-07T01:37:34Z,Bang menurut mu iphone cocoknya di bandingkan sama hp apa? samsung S ultra kah?
9-poYwCZxDQ,@customcasindo6620,2025-10-06T23:31:36Z,Sementara itu Android udah melesat ke 144Hz 🤣
9-poYwCZxDQ,@MRHHH12,2025-10-06T20:37:11Z,"jujur bimbang banget mau beli ip 17 biasa atau 17 pm, soalnya mau sekali sekali upgrade ke ip, bosen banget pake samsung"
9-poYwCZxDQ,@dwiriyadhi,2025-10-06T18:13:13Z,review xiaomi 17 pro bang
9-poYwCZxDQ,@wahyudian1146,2025-10-06T17:14:28Z,yg 17 pro desainya kyak hp 2 jutaan mlah bagusan desain 16 pro
9-poYwCZxDQ,@Riady03,2025-10-06T16:43:53Z,munkin biar mirip toko oren tau kan apa .??
9-poYwCZxDQ,@Pepadaan.Entertaiment,2025-10-06T13:13:24Z,Mamtap
9-poYwCZxDQ,@terenarazor3241,2025-10-06T12:18:21Z,"JANGAN BELI PRODUK DI STUDIO PONSEL, SOALNYA KALO BARANG MASALAH MEREKA LEPAS TANGAN. Kronologinya saya beli Ipad pro di tanggal 28 september , di tanggal 5 oktober hari minggu hp kena death pixel, saya komplain lah ke pihak penjual kalau ipad saya kena death pixel, apakah bisa di garansi atau engga soalnya mrk menyediakan garansi toko 7 hari, nah pas hp saya rusak di hari ke 7 harusnya bisa dong claim garansi toko tpi saya ngajukan claimnya pas di hari minggu pas pelayannya tutup. singkat cerita baru dibales lah di hari senin tanggal 6 oktober, pihak toko menolak claim garansi toko karena udh lewat 8 hari dari tangga 28 pas barang sampai, udh begitu cara bicaranya muter muter g ada solusi sama sekali yang ujung ujungnya disuruh claim garansi apple ya sama aja bohong ngapain saya harus chat panjang lebar kalo ujung ujungnya g bisa, di chat juga cuman read centang biru"
9-poYwCZxDQ,@omimoel235,2025-10-06T11:35:56Z,"Kesimpulan sederhana saya :
1. Sebab teknologi Apple tidak serevolusioner dulu adalah karena tidak ada steve jobs (meninggal).
2. Sebab desain Apple tidak serevolusioner dulu adalah karena tidak ada Jonathan Paul Ive (resign dan sekarang jadi konsultan open AI).
3. Sebab material Apple sekarang ringkih adalah karena Tim Cook memakai material yang murah tapi disulap kualitasnya sama dengan yang mahal. Sulap tapi menghabiskan biaya besar untuk R&D. Pendapatan besar tapi laba bersih kecil.
4. Kandidat ceo masa depan Apple adalah John Ternus dia ahli hardware. Mungkin saat jadi ceo, kualitas hardware Apple bagus tapi mungkin harganya akan lebih mahal karena tidak memiliki kemampuan efisiensi sebagus Tim Cook.
5. Sebab soc apple hemat daya adalah karena struktur soc nya lebih banyak e-core (efisien) daripada p-core (performance)."
9-poYwCZxDQ,@antaniahanjani8350,2025-10-06T09:37:05Z,itu made in apa bang
9-poYwCZxDQ,@adittianyakgaya1601,2025-10-06T04:28:37Z,16 pro sih ❤
9-poYwCZxDQ,@citfinixcitfinix,2025-10-06T01:42:47Z,nonton ini pakai inf hot 60 pro plus sambil ngemil 😊
9-poYwCZxDQ,@DediSugiarto-r6r,2025-10-06T00:20:07Z,Bang review Xiaomi 17 pro dong
9-poYwCZxDQ,@masna2ng,2025-10-05T16:29:31Z,diketawain poco versi 17 pro seriesnya hehe
9-poYwCZxDQ,@rendy.0857,2025-10-05T10:13:43Z,xiaomi 17 pro max
9-poYwCZxDQ,@achmadakbari601,2025-10-05T09:41:25Z,"masih pake iphone 13 dan masih bisa ngikutin ios 26 dengan theme yg crystal clear itu, jadi berasa hp baru hahahaha"
9-poYwCZxDQ,@jiminshii26,2025-10-05T09:35:07Z,"Nabung 6 bulan buat beli iphone, tp masih bingung mau beli ip yg mana"
9-poYwCZxDQ,@Andhiniac,2025-10-05T06:31:52Z,review MI 17 pro max sekalian baanng
9-poYwCZxDQ,@wibi9424,2025-10-05T01:15:34Z,"gk ada review poco 17 kah? cuma pengen tau pendapat David, beserta perbandingan ke hp lain"
9-poYwCZxDQ,@abi-z8t9e,2025-10-04T22:29:10Z,"bagusan warna light blue, green, apa lavender yaa?"
9-poYwCZxDQ,@ardiannew1513,2025-10-04T16:09:49Z,Bangg bahas kamera iphone 14 pro bang
9-poYwCZxDQ,@Virals2Virals,2025-10-04T15:23:13Z,Saya nonton vid ini masih pake IP 5
9-poYwCZxDQ,@syahrullah8668,2025-10-04T13:17:28Z,Tim nonton tak mampu beli ayo kumpul dimari😂
9-poYwCZxDQ,@daditrisianto9260,2025-10-04T10:42:55Z,Pajaknya ngeselin 😂😂
9-poYwCZxDQ,@rivansovian2227,2025-10-04T08:02:31Z,Salam semua sehat selamat sukses sejahtera selalu.❤🙏🇲🇨
9-poYwCZxDQ,@ryaniseverywhere,2025-10-04T05:03:36Z,"ini ga ada upgrade lain selain desain, kamera sama processor??"
9-poYwCZxDQ,@van2050,2025-10-04T04:40:28Z,"5 atau 6 tahun lagi,  aku akan beli hp ini bang😂"
9-poYwCZxDQ,@567AyAy,2025-10-04T02:18:20Z,Yang kamera ada 2 orang otomatis jauh di Redmi Note 14 juga bisa 😁
9-poYwCZxDQ,@RonaldSugianto1996,2025-10-04T01:23:15Z,Xiaomi 17 pro max dong
9-poYwCZxDQ,@hotthread4403,2025-10-03T17:46:27Z,"Teknologi hp udah mentok, yg di upgrade sekarang ya itu2 aja,.jadi beli iPhone sekarang emang udah cuma  beli BUAH di hp"
9-poYwCZxDQ,@Berasmerah555,2025-10-03T15:56:51Z,Positive thinking mungkin beliau beli lewat seller jastip yang harga retailnya lebih mahal +  biaya bea cukainya yang ditotal hampir 30 juta.
9-poYwCZxDQ,@mreshadiptahalim315,2025-10-03T15:29:38Z,"Menurut saya kamera lebih natural yg 16pro denk,..
Selera sih jatohnya..."
9-poYwCZxDQ,@rungkad-e1b,2025-10-03T12:45:26Z,iPhone Sage jadi sage aku liatnya
9-poYwCZxDQ,@oktavianusrooselvelt5366,2025-10-03T08:09:22Z,17 pro mirip2 designnya google pixel yg dl design belakangnya dual tone gt bng
9-poYwCZxDQ,@BraveKnight999,2025-10-03T07:54:31Z,Alhamdulillah HP mid range sudah bisa 120hz
9-poYwCZxDQ,@___ubaidd,2025-10-03T07:36:51Z,"Gatau knp, review yg ini Aku ngakak 😅🤭"
9-poYwCZxDQ,@CookiesGaming1,2025-10-03T07:06:18Z,"Sejelek Apapun IP dimata fanboy tetap aja dibela, padahal klo dikritik terus pada ga beli bisa aja membuat apple memberikan yg jauh lebih baik😂"
9-poYwCZxDQ,@enakseger9272,2025-10-03T06:56:36Z,Tim beli doank kaga nonton ☝️😅
9-poYwCZxDQ,@iamyours9,2025-10-03T06:55:18Z,"19:43 Dari ketiga warna Ip 17 Pro, aku malah lebih suka sama warna Orange ini. Kayak jarang banget Hp punya warna seberani ini. 😂  langsung WOW pas ngeliat kali pertama di iklan."
9-poYwCZxDQ,@andraardy4104,2025-10-03T06:46:07Z,Bang adu camera sama Huawei kek nya seru banget tuh
9-poYwCZxDQ,@Aicontents-k7n,2025-10-03T05:08:34Z,Grafiknya di 👑 𝐁𝐄𝐌𝟒𝐃 👑 keren abis! Gameplaynya juga seru!
9-poYwCZxDQ,@ShadowTactics_Gaming,2025-10-03T05:08:19Z,keren dan suka gimana ️👑 𝐁𝐄𝐌𝟒𝐃 👑selalu update
9-poYwCZxDQ,@ahmmedsiyam956,2025-10-03T05:05:48Z,"Konten berkualitas tinggi, standar 💎 𝐁𝐄𝐌𝟒𝐃 💎emang top!"
9-poYwCZxDQ,@ColaxGamer-x6m,2025-10-03T05:00:28Z,keren dan suka gimana ️👑 𝐁𝐄𝐌𝟒𝐃 👑selalu update
xgJdkk7QIi8,@doykurnia3117,2026-03-28T06:03:31Z,"Sony 1 v atau Iphone 17 pro max Bang?
untuk kamera foto & video"
xgJdkk7QIi8,@BaliAja-l2e,2026-03-26T10:43:21Z,Ada yg sama ga ip 17 promax speaker atas rada kresek kresek klo full volume apalagi klo scrol tiktok?
xgJdkk7QIi8,@winsenpola1162,2026-03-08T08:04:48Z,"Bingung mau beli s26 ultra apa ip17pm , secra harganya skrg mirip2

Ex user s22 ultra"
xgJdkk7QIi8,@norhadi674,2026-03-07T13:50:38Z,"Izin minta saran bang. 
Sekarang pakai 15PM , mau upgrade bingung . Ke 17PM atau nunggu 18pro?"
xgJdkk7QIi8,@adriansetiawann654,2026-03-06T18:38:33Z,"Gua punya keduanya iPhone 17 pro max dan iPhone 16 pro max. Dan gua jual lagi tuh iPhone 17 pro max 😂😂 
Moga aja iPhone 18 pro max ada gebrakan"
xgJdkk7QIi8,@donalddolokdd,2026-02-20T04:11:28Z,"Iphone 17 PM : Overprice for social status
Redmagic 11 Pro : Overkill for social gamers"
xgJdkk7QIi8,@udi3816,2026-02-15T02:41:31Z,Recording sekarang pakai kamera apa bang?
xgJdkk7QIi8,@jeri_zzz,2026-01-18T03:22:53Z,06:54 ohhhhh
xgJdkk7QIi8,@kylegrey1993,2026-01-13T00:57:47Z,baru kali ini lihat YouTuber yg rada rese gitu... kayak berasa yg punya brand gitu
xgJdkk7QIi8,@lukmanpurnomoakbar760,2026-01-11T07:39:41Z,"Kalau mau keliatan wauw naik gengsi wajib iphone,
Kalu mau teknologi mending samsung z fold"
xgJdkk7QIi8,@VisoPlus,2026-01-06T08:43:00Z,Kalau iphone kamera video masih Terbaik naturalny
xgJdkk7QIi8,@Coeszx,2026-01-05T08:07:37Z,"Sumpah warnanya jelek banget jirr, gonjreng norak gitu"
xgJdkk7QIi8,@asaasian6306,2026-01-04T06:02:49Z,Bertahan gw di 16 pm 😎
xgJdkk7QIi8,@JediKnight207,2026-01-04T04:49:23Z,Secara desain kurang menarik
xgJdkk7QIi8,@aidenkun3094,2025-12-29T14:08:31Z,gua nahan ngakak karena cara penyampaian lu gampar realita bgt bang gua suka 🤣🤣🤣🔥🔥🔥
xgJdkk7QIi8,@Bayu_JalanJalan,2025-12-25T12:16:58Z,"Saya pengguna iphone 17 pro max menurut saya iphone memang lama inovasi teknologinya bahkan dlu iphone terkenal user xperiencenya skrg makin susah fitur""nya dan banyak bug,,"
xgJdkk7QIi8,@yogapurnamika,2025-12-24T13:55:32Z,"apa kabar aku msh stay di 14pm udh 3th msh joss ngonser, jalan2 dan game hehe"
xgJdkk7QIi8,@musafirhakiki8968,2025-12-24T12:19:38Z,Gua pakek 17 PM sekarang. Yang sakit nya tuh ketika ada kerikil kecil masuk kedalam case gua. Eh malah bikin penyok body nya. Ini iphone atau abal abal sih
xgJdkk7QIi8,@Super_Espresso2019,2025-12-14T06:27:03Z,"Udah mau 2026,masih magrib aja bang..."
xgJdkk7QIi8,@DallanPratama,2025-12-13T06:54:31Z,"Ternyata suaminya pevita pearce reviewer gadget & apple fanboy.😁🤣
Keren bener partner lo mas Al😂🙏🏻"
xgJdkk7QIi8,@indahwahyuningrum9330,2025-12-11T22:03:26Z,"Aq juga baru upgrade ke 17 pm dr sebelumnya pake 14 pm,tapi ya kaya B aja, krna fiture yg gt gt aj,,, ga krasa perbedaannya😌"
xgJdkk7QIi8,@derizmeteora,2025-12-11T15:23:10Z,dari 15 pro ke 17 pro berasa ga ya ? keluhan di 15 pro cuma suhu aja sih sering deman selebihnya masih aman
xgJdkk7QIi8,@ferdieomb1576,2025-12-07T23:58:13Z,"Durability sih mungkin yang dirasain user apple, apalagi buat org yg sembarangan"
xgJdkk7QIi8,@dolansantaiaja1111,2025-12-07T15:43:35Z,"Gara2 iPhones ini, POCO X6 KU jd bahan perhatian... 😅😅😅"
xgJdkk7QIi8,@RubenHansyah-f4k,2025-12-07T12:33:58Z,"Bukannya kemaren kena kasus terus kalah ya.
Gara2 jiplak paten apa gitu.
Dah minim inovasi masih ngandelin kejayaan masa lalu.
Tanda2 kayak blacbery dulu udah mulai kecium."
xgJdkk7QIi8,@muhammadiqbalvlog6931,2025-12-06T17:17:38Z,nonton sambil pake ip 17 pm 512
xgJdkk7QIi8,@dianaberlianti1223,2025-12-06T03:20:36Z,"Setuju, membosankan.
Udah pake sejak dari 2013 sampe sekarang gonta ganti iphone tapi ya ga begitu kerasa bedanya.
Pengen pindah ke android tapi udah kejebak di ekosistem apple, nyebelin.
Kl ganti hp android agak sulit karena macbook, ipad, dan apple watch jadi kurang maksimal"
xgJdkk7QIi8,@Ekim-bh1oc,2025-12-06T00:11:00Z,"katanya spec ada di deskripsi, pas baca deskripsi, ""katanya iphone ga main specs""🤣🤣🤣"
xgJdkk7QIi8,@arifromadhoni6628,2025-12-04T22:21:21Z,Marketing tetaplah marketing 😂
xgJdkk7QIi8,@temmy6849,2025-12-04T11:48:30Z,"Kalo adu kualitas jelas iphone kalah jauh. Iphone laris krn dijual mahal, jadi tampak prestise. Coba iphone dijual 5 jt an pasti gak laku parah. Coba lagi iphone dijual nya 50 jt pasti lebih disembah bak dewa"
xgJdkk7QIi8,@anthonyc5907,2025-12-04T03:55:07Z,"Kita butuh reviewer yg kyk gini, bukan kyk sebelah yg uda nyembah2 ip 17 kek agama baru.."
xgJdkk7QIi8,@RuckF-t9b,2025-12-04T00:40:44Z,"Belom lg aplikasi Photosnya, ampunndahhhh, makin kesini makin AHHHHH"
xgJdkk7QIi8,@rinckeshawn-uz2mq,2025-12-03T14:51:11Z,iphone tetap juara dibandingkan android kalau komparasi produk 3-7 tahun setelah launching.. jadi 2030 kamu compare 17 promax vs x300 pro vs pura 80 vs x90
xgJdkk7QIi8,@herrybirtus,2025-12-03T00:56:45Z,"Up dri 15pm ke 17pm berasa beda cuma di batre dan adem saat di pake,sama layar keliatan lebih enk di pandang"
xgJdkk7QIi8,@TanMasro,2025-12-03T00:36:58Z,Ini mah iklan ma
xgJdkk7QIi8,@Dwiyanta-q9s,2025-12-02T22:49:31Z,"image nya "" wah orang tajir nihh"""
xgJdkk7QIi8,@luqar1f,2025-12-02T20:49:58Z,"Yg pakai flagship android dan iphn, bakal bilang tuh hp biasa saja 😂😂😂😂😂😂
Bagusnya cuma kalau dipakai jametin teman2 kelas mendang mending dintongkrongan 😂😂😂😂😂😂"
xgJdkk7QIi8,@fachreza8665,2025-12-02T12:53:14Z,hp kawanku
xgJdkk7QIi8,@ocenocan2199,2025-12-01T13:29:52Z,"Sambil Nonton dengan huawei pura 80pro, 😊😊, 😂"
xgJdkk7QIi8,@wesleymesah3357,2025-12-01T09:23:52Z,Ini  review paling jujur 
xgJdkk7QIi8,@NadineCitra-fo8um,2025-12-01T06:47:51Z,"Warnanya norak, terlalu mencolok..😅"
xgJdkk7QIi8,@tim7890-ti2tv,2025-12-01T02:45:09Z,Promag g tuh? Ampe keselek gw 😂
xgJdkk7QIi8,@anizetya,2025-11-28T22:17:12Z,"saya terlanjur beli 17 Promax , tadinya mempertimbangkan baterai yang sangat awet bahkan 4 jam lebih panjang ketimbang yg 17 Pro.. ( sebelumnya pakai 13 Promax) dan saya ternyata menyesal karena terlalu besar dan berat.. tahu gitu ambil yang 17 Pro saja ..lbh nyaman digenggam dan lebih ringan di tangan
Ini sekedar berbagi pengalaman"
xgJdkk7QIi8,@chandrapurwoko6555,2025-11-28T03:19:59Z,"Kemarin baru beli I-Phone 17 pro max warna orange lagi, bener pas gw lagi makan meja depan gw ngeliat gw kayak sinis gitu.. Cewek cewek berhijab gitu ada 4 orang dan bisik bisik sambil ngeliatin gw😅😅"
xgJdkk7QIi8,@Abc-mg7cy,2025-11-27T12:16:59Z,Camera apa pun kalau g bisa snap wajahmu jadi putih ya bagiku mebosankan🤣🤣🤣🤣
xgJdkk7QIi8,@Zack-oo4fn,2025-11-26T13:34:59Z,"emng yg pke iP tuh di ksh tau ngeyel, denial bgt, mna ngaku² fiturnya bnyk lgi"
xgJdkk7QIi8,@Bluelovebird69,2025-11-26T08:31:02Z,"Bosenn, gw brenti di  ip14 pro. Ga sebanding harga. Udh bela2in beli yah gt2 aja"
xgJdkk7QIi8,@PelengkapOtomotif,2025-11-25T15:09:33Z,"Iphone pertama 15, mungkin saya akan upgrade ke Iphone 18 atau diatasnya"
xgJdkk7QIi8,@styfad6185,2025-11-25T08:18:13Z,"Jadi masih bingung baru pertama kali mau make flagship antara Oppo find x9 pro , Vivo x300 pro, Huawei pura 80 ultra dan iPhone 17 pro max, nunggu video battlenya dulu, kebutuhan kamera video (stabilizer, autofokus, kamera malam) dan performa"
xgJdkk7QIi8,@그리고1,2025-11-25T08:04:44Z,"""Kalo kt cm user iphone, kt akan terbiasa di kasih standard rendah oleh iphone""
Betul itu bang..
Karena sy user iPhone n android seri high end jg, sy udh tinggalin iPhone dr seri 11 😂.
Jenuh sm perubahan iphone yg gt2 sj..."
xgJdkk7QIi8,@MyStories_aka,2025-11-25T00:18:56Z,"Kalau jujur jujuran ya, sebenernya : iphone 16 PM aja udah bisa dipakai sampai 5 tahun kedepan kan."
xgJdkk7QIi8,@DediSumardi-c4p,2025-11-24T14:46:01Z,"Dih pede banget pake ipon, pernah pake iphone pake airpods pro 2, suaranya jelek, bagusan samsung buds 3 pro pake samsung s25 ultra"
xgJdkk7QIi8,@Nyenyenye663,2025-11-22T17:28:26Z,1:36 wkwkwk bener banget desainnya kayak hp 2 jutaan
xgJdkk7QIi8,@noblegrey4537,2025-11-21T21:57:23Z,"Yang lain berinovasi dalam feature, apple terus improve (increase) harga"
xgJdkk7QIi8,@mdrichjal,2025-11-21T21:02:14Z,"Tahun ini aku skip ke 17 pm, ttp stay di 16pm, tp find x 9 pro lumayan menggiurkn 😁"
xgJdkk7QIi8,@Chainsawman_pro,2025-11-21T15:37:05Z,"Samsung s25 ultra nyimak, update gw pribadi dari user ip 11 biasa😊"
xgJdkk7QIi8,@anggiatsagala9542,2025-11-21T13:34:19Z,"Saya suka hp hp flagship meskipun sering beli yg bekas seperti Sony xperia 1 mark V, Google pixel 8, dan baru tahun ini saya mau pakai iPhone beli yg 17 pro max ini, setelah pakai iPhone baru saya tau kenapa banyak orang2 sangat mengidolakan iPhone ternyata jauh lebih enak pakai iPhone dibanding android, kualitasnya emang gak ada bohongnya, gengsinya juga dapat. Pernah dengar kalau yg pakai iPhone bakal susah beralih ke android, mungkin itu ada benarnya karena iPhone emang enak dipakai."
xgJdkk7QIi8,@ridzkyalamsyah1157,2025-11-20T05:38:08Z,"Buat Gua yang dari iPhone 11 Pro, upgrade ke iPhone 17 Promax kerasa banget Upgrade nya."
xgJdkk7QIi8,@channelanaksholeh,2025-11-19T11:28:30Z,"Yup betul, saya pengguna z fold 7 dan 17 pm. Lbh mahal 17pm tp hnya menang di gengsi, batrai awet dan video proresnya, selebihnya z fold 7."
xgJdkk7QIi8,@pradipta1368,2025-11-19T11:00:44Z,"Emang iPhone biasa aja, kayak hp kebanyakan, yang Kusuka cuma ukurannya di seri basic meski harus rela dengan batre kecilnya juga"
xgJdkk7QIi8,@adhityaprayuda,2025-11-19T07:40:02Z,"Gw masih pakai 13 pro max di 2025. Makanya gw ga mau beli ip17, belum ada perubahan yang significant"
xgJdkk7QIi8,@seankrisnanda3062,2025-11-18T01:05:46Z,"Saran saya buat yang sudah kecemplung di ekosistem Apple. Beli yg versi termurah saja, lalu upgrade setiap 4-5 tahun."
xgJdkk7QIi8,@Milo-r9n9t,2025-11-17T17:56:42Z,"Sumpah jelek banget design iphone kali ini dalam sejarah iphone. Apalagi yg warna orange nya, kelihatan norak banget"
xgJdkk7QIi8,@MasPray4,2025-11-17T16:44:31Z,A
xgJdkk7QIi8,@YikAs66,2025-11-17T13:51:06Z,Mungkin klo apel nya udah utuh bisa banyak yg akan dikasih (ga pelit lagi)
xgJdkk7QIi8,@pandabelepotan,2025-11-17T08:59:52Z,"Makannya upgrade jangan tahunan, gw dari 12 pro max ke 17 pro. Biar upgrade kerasa 😁"
xgJdkk7QIi8,@suhenrihenri6675,2025-11-17T07:20:52Z,Punya 14 pro bingung mau up 16 pro max atau 17 pro max
xgJdkk7QIi8,@Dani1_2201,2025-11-16T16:01:49Z,Gimana K2G body nya beneran ringkih kah (mudah terbaret) ?
xgJdkk7QIi8,@royyanteknik4562,2025-11-16T01:32:08Z,"Udah nggak sempet inovasi, lagi berusaha ngimbangi fitur yang ada di smartphone Android, terlalu cepat perkembangan android ges, iPhone jadi keliatan monoton 😂
Kalo nggak bisa ngimbangi android ya lama2 jadi hambar liat iPhone terbaru wkwk."
xgJdkk7QIi8,@nengSarahiphone,2025-11-15T17:45:44Z,aku masih bertahan di 15 pro max. ada niat mau beli 17 pro tapi kenapa banyak banget kabar pahitnya..
xgJdkk7QIi8,@hotspot62,2025-11-15T17:03:57Z,"Bang sorry mau tanya, lu turunan vrindavan bukan sih ? 🙏🏻"
xgJdkk7QIi8,@sinisamaomm,2025-11-15T16:58:56Z,05:35 wow emejing👏😑
xgJdkk7QIi8,@babywalkercube-tv2740,2025-11-15T09:38:07Z,"Jujur sebagai pengguna iphone dan samsung, menurut saya iphone menang merek dan gengsi aja, selebihnya biasa aja"
xgJdkk7QIi8,@Zie_Hikomori,2025-11-15T05:25:46Z,Sebagai gen millineal yang hidup di era nokia vs sony Ericson ketawa melihat persaingan samsung vs apple. Gitu gitu doang!! Bentuk hp gitu doang. Dulu siapa sangka. Nokia keluarin hp yg kmera bisa muter. Hp ada tombol game khusus. 😂 Dan sony ericson keluarin hp khusus music buat nelawan produk apple ipods.
xgJdkk7QIi8,@Prsidntx,2025-11-14T05:55:41Z,"Ke tu ji,,kentuji"
xgJdkk7QIi8,@JimmyHendrick-p9n,2025-11-13T22:30:22Z,"gw sih engga recommend upgrade Iphone per tahun. Tapi overall,  smartphone sih udah gak gitu banyak perkembangannya. barusan liat oppo x9 juga biasa aja"
xgJdkk7QIi8,@halo6849,2025-11-12T14:11:45Z,HUAWEI RAJA DXOMARK ❤❤❤❤
xgJdkk7QIi8,@dhimaswirawan,2025-11-12T04:38:57Z,"aku dari 2016 pakai ip, tahun 2024 rencana mau ambil ip16pro tp terkendala lama launching, kepaksa beli android dulu karena ip yang lama udah ga bisa ketolong baterainya. Belilah oppo fx8. Sumpah berasa keluar dari GOA. Sejak saat itu ga pernah ngulik iphone lagi 🤣"
xgJdkk7QIi8,@avangardboom1687,2025-11-12T03:01:15Z,Ngecasnya masih kalah sama hp 4 jutaan 😂
xgJdkk7QIi8,@trevor3375,2025-11-11T05:01:48Z,"Gue udah pake kurang lebih 3 minggu, kesan mewahnya kureng banget, cuma menang di plateau yang baru, jadi bikin iphone sebelumnya keliatan jadul. Dari segi performance batrenya joss banget, kamera sempet blinking, tapi teratasi dgn update software."
xgJdkk7QIi8,@MF.Rizkhon,2025-11-10T10:20:22Z,"kenapa ambil iphone 16 pro/max: Bahan Titanium, Warna Premium, garis tepi paling tipis, Bisa video 4k 120fps dg edit slowmo, audio mix feature & masih bisa beli baru diskon 4jtan dari harga awal.. say no Alumunium 25,7jt"
xgJdkk7QIi8,@muadriloni7529,2025-11-10T04:50:08Z,"gw user ip & produk apple dari jaman 4s dan juga kerja di bidang iT gitu, kerja pakai mac os & kebanyakan kawan atau sodara kalo mau beli gadget baru pasti nanya ke gw mana yg bagus maka gw tanya2 dulu dia sebenarnya maunya apa dari gadget itu dan kebanyakan gengsinya ke apple tapi cocoknya ke android brand tertentu😅
kalo ada yg bilang ""udh terjebak di ekosistem apple"" agak aneh aja di tahun ini😂😂
skrg udh amat sangat cukup di ip 16 pro, kalo anda pengen lebih dari sekedar ios liat dulu funtouch dan colorOs"
xgJdkk7QIi8,@fahriaffandi-sr4gs,2025-11-10T02:51:40Z,"Gw suka review k2g, memang murni makai hp dan puna hp lain juga.."
xgJdkk7QIi8,@2bersaudarastory972,2025-11-09T23:42:32Z,Desainnya feel  membosankan
xgJdkk7QIi8,@hasanbasri-ep9ok,2025-11-09T23:40:49Z,"Kedepan ga ada inovasi bakalan hancur, karena kalo mau ubah kamera udah ga mungkin lagi"
xgJdkk7QIi8,@indoaussie9144,2025-11-09T21:21:05Z,"Saya pribadi kalau mau beli ya beli saja bukan  karena ini itu banyak sekali pertimbangannya malah ndak jadi beli nanti 😅
iPhone ya iPhone walaupun sejelek apapun banyak orang yang ingin punya..Iya kan? 😁"
xgJdkk7QIi8,@mdianpermana8754,2025-11-09T13:34:41Z,"Bisa dibilang Iphone harus berbenah dari segi desain atau inovasi, secara kualitas ya bagus cuman kalau design kaya "" oh gitu"" sama aja.. jujur gue lebih terpesona sama desain google pixel atau xiaomi 17 ultra. Tapi ttp aja iphone masih jadi wishlist cuman ya masih keinginan aja belum kebutuhan"
xgJdkk7QIi8,@ridwanmuhammady,2025-11-09T13:12:06Z,jarang banget ada fanboy yang mau mengakui kukurangan iphone dan merasa iphone gitu' aja dan membosankan
xgJdkk7QIi8,@devbagin,2025-11-09T09:07:55Z,"Akhirnyaa, ga jd upgrade deh 😂"
xgJdkk7QIi8,@MasAlwii,2025-11-09T08:32:29Z,bajingan bener banget omongan lu bang
xgJdkk7QIi8,@oktabeny2889,2025-11-09T07:48:33Z,Klo untuk yg cari gengsi ya iki hp nya klo utk teknologi ya jelas beda dimensi sama androit yg beredar sekarang
xgJdkk7QIi8,@aina26.27,2025-11-09T05:25:51Z,Nama charger ny apa bang?
xgJdkk7QIi8,@RajaKurcaci,2025-11-09T02:57:39Z,"sebenarnya iphone bisa ajah buat lebih menarik dari Android, 

cuma berhub baterai dah besar, prosesor makin bagus, ram makin gdee.. jadi.. dia explore nya dikeluarin, tadinya kan terkenal simple dan mudah karena emang ram nya kecil jadi, nunjukin beda.. sekarang makin kesini ikut2an😅"
xgJdkk7QIi8,@froghijau,2025-11-09T00:55:33Z,"Iphone dari dulu sampai saat ini di mana mana tetap menjadi perhatian orang, tetap jadi sorotan padahal android jauh lebih canggih tapi anehnya berasa kosong aja dan biasa biasa aja mau di design seperti apa pun tetap berasa kosong dan sepi"
xgJdkk7QIi8,@alvinbiologi,2025-11-09T00:18:20Z,Video tetap iPhone terbaik bang
xgJdkk7QIi8,@ryoutaichika,2025-11-08T16:22:44Z,Kayaknya emang pemenang dari keseluruhan Iphone new gen ini malah versi paling murah wkwk
xgJdkk7QIi8,@rizkyfrebaldi9472,2025-11-08T11:30:50Z,ip paling niat tahun ini cuma ip air. meski desain kameranya pixel abis
xgJdkk7QIi8,@annzadanj1753,2025-11-08T11:03:32Z,Manteppp
xgJdkk7QIi8,@ronswee2274,2025-11-08T10:09:36Z,"17 PM merupakan sebuah inovasi besar, dr HP lama saya Oppo reno 4 pro. 😅"
xgJdkk7QIi8,@bangaaji,2025-11-08T08:42:21Z,"Setuju kata abang reviewer nya, Yang  saya rasakan ga nyaman pake iphone adalah saat di tempat umum, lagi pegang iphone posisi badan tegak rasanya gelisah takut disangka flexing padahal karena saya kalau bungkuk/nunduk suka pegel.. sedangkan beda feel nya saat saya pegang android rasanya bebas dari kegelisahan fikiran gw sendiri, udah bodo amatpun kadang fikiran terganggu😅"
xgJdkk7QIi8,@afifyasri,2025-11-08T08:26:15Z,udah ada center point sama double display  ya? hihi.. merk sebelah udah ada di 1 dekade lalu...😅
xgJdkk7QIi8,@kukuhdarsono8835,2025-11-08T07:57:47Z,"Jelas banget itu modus, lalu belaga gila ujung-ujungnya meres."
xgJdkk7QIi8,@skypiercerst,2025-11-08T07:34:10Z,"Usher iphone & android hadir ✋🏻

Seperti biasa, selalu menyajikan review iphone yg jujur & ga menutup mata akan betapa tertinggalnya kualitas kamera iphone dari flagship android lain

Reviewer lain boro2, malah dipuji ky dewa seakan gak ada kurangnya, cerita lama"
xgJdkk7QIi8,@deditpras5642,2025-11-08T06:21:12Z,"beli iphone itu untuk jangka panjang pengunaan.... yang gak suka ganti"" hp 3-4 tahun.... misal
kau beli hp samsung pasti layarnya bakal
ada masalah..."
xgJdkk7QIi8,@VincentG-x4p,2025-11-08T05:37:45Z,downfall apple
xgJdkk7QIi8,@sinanggar,2025-11-08T05:34:19Z,"selalu pake iOS, tapi selalu pilih varian base model.
belom pernah ngerasain punya varian Pro-nya. 
base model aja sudah melampaui ekspektasi kebutuhan gw akan sebuah smartphone!"
xgJdkk7QIi8,@haikunt,2025-11-08T05:03:41Z,"Disaat brand² Tiongkok berlomba-lomba inovasi. iPhone gitu² aja terus karena ttp laku. Jadi jangan harap bakal inovasi gila²an, mereka lagi ngejar profit sebanyak²nya, karena brand sudah terbangun di era Steve Jobs."
xgJdkk7QIi8,@ereseven,2025-11-08T05:00:27Z,"Tele 4x beneran enak banget. 5x kejauhan.
Sayangnya focus distance masih agak jauh gak sedekat Android flagship yang baru."
xgJdkk7QIi8,@dollayx8,2025-11-08T04:38:39Z,gw kira vrindavan
xgJdkk7QIi8,@kalamaksara9736,2025-11-08T03:31:52Z,"rekomendasiin dong, hp di harga 7-8 jutaan, fokus ke camera aja"
xgJdkk7QIi8,@yonq3287,2025-11-08T03:15:42Z,BANDINGIN NYA IPHONE YANG BARU DENGAN IPHONE YANG SUDAH DIPAKE SETAHUN…???😂😂
xgJdkk7QIi8,@wijayahandi2887,2025-11-08T02:40:36Z,"sadd, klo taon depan masih kyk gini aja perkembangannya, fix sih bakal byk yg kecewa sama brand ini"
xgJdkk7QIi8,@Yogiri_Akuto,2025-11-08T02:06:07Z,"Baru pertama kali mau beli iPhone terbaru. Coba tolong kasih gw alasan kenapa ga harus ngambil iPhone. Alasan gw mau ngambil iPhone karena pengen nyobain iOS—penasaran dengan experience dan update yg cukup panjang. Kalau memang tidak se-Wow itu, pilihan ke-2 mungkin bakal ngambil Oppo Find X."
xgJdkk7QIi8,@omrii1636,2025-11-08T01:57:11Z,"yang paling gak bisa diterima Adalah Flagship harga 25jt bahan Alumunium, udah nunggu- nunggu Akhirnya pilih seri dibawahnya iphone 16 pro max TITANIUM desert.."
xgJdkk7QIi8,@razorrahendra,2025-11-08T01:44:55Z,"betul bro,saya pakai iphone mulai dari ip4 sampe ke 11 pro yang sekarang masih saya pakai jadi second daily driver,dulu jaman2 ip6 sampe 8 banyak yg bilang bosenin tapi nyatanya secara user experience masih sangat amat nyaman,disaat itu saya bodo amat sama layar disaat brand android udah pakai layar yang lebih lebar,atau di saat android sudah advanced dari segi kamera saya masih sedikit bodo amat karena memang bagi saya kamera ip masih sangat cukup buat saya, menurutku sekarang yang bikin saya kecewa sama iphone dan memutuskan hijrah ke android ya karena android sekarang untuk AI sudah lebih advanced dan user exp nya sudah sangat sangat nyaman. Sejujurnya kemaren2 mempertimbangkan buat ganti ke 17 series karena 11 pro saya sudah sangat uzur,tapi bikin kecewa di UI ios yang jelek banget buat saya dan AI yang kureng ketimbang Android device, semoga apple bisa berbenah,dan apple bisa berbenah kalo selling iphone sangat anjlok,karena kritik2 dari fans,reviewer gak akan mereka denger selama penjualan masih stonk"
xgJdkk7QIi8,@DuyanaGaunaa-x5j,2025-11-08T01:11:40Z,bang req dong bahas realme gt 8 pro
xgJdkk7QIi8,@teamcasing,2025-11-08T00:28:39Z,Masih bertahan 14 pro max dan s20 plus hehe
xgJdkk7QIi8,@afiaziliwu,2025-11-08T00:27:18Z,Cintai ususmu pakai Xiaomi setiap hari
xgJdkk7QIi8,@laguasik8579,2025-11-07T23:47:20Z,"Fanboy harus pake xiaomi berarti 
Kan sama² 17 pro max wkwkwkwk"
xgJdkk7QIi8,@MrBig-qr9qq,2025-11-07T22:05:00Z,"saya pakai iphone sejak ip 3GS,dan akhirnya nyerah di ip 14 Pro.yg paling ngeselin,bgt up date soft ware,ada masalah baru yg hadir,selain minimnya inovasi itu td."
xgJdkk7QIi8,@dedythoedoric4621,2025-11-07T19:58:29Z,mau ngulangi sejarah nokia nih ipon
xgJdkk7QIi8,@Zaunix95,2025-11-07T19:49:58Z,Sejak di iOS26 kayanya emang jadi gede gitu ya dynamic island nya waktu aktif
xgJdkk7QIi8,@dendjaka7203,2025-11-07T19:24:18Z,"Bagi yg tiap tahun selalu ganti flagship dg merk yg sama sih bkl ngerasa kaya gtu juga.
Ga ada peningkatan yg wah dari seri sebelumnya.
Ga cm iPhone, android mid range juga peningkatannya tipis."
xgJdkk7QIi8,@deddykristiawan3033,2025-11-07T18:57:58Z,"Ingat ya adek adek, gk jelek tp cuma gitu gitu aja. Berhenti sakit hati krn tidak mampu beli. Kalo ada yg beli ip biarkan saja krn mreka mampu dan mreka pengen. Ya kali mreka beli harus sesuai harapan elu :)"
xgJdkk7QIi8,@podcast4us,2025-11-07T18:01:02Z,"Gw pernah make iphone, sumpah nggak tahan. Kek penjara!! Share file susahnya minta ampun!!"
xgJdkk7QIi8,@bod908,2025-11-07T17:16:39Z,"Skrng dah jd hp pasaran gk se wah dlu wkwk AI nya ampas multi tasking sulit, mknya gw lbuh milih pke samsul flagship krn lebih kepake di keseharian"
xgJdkk7QIi8,@Albj15,2025-11-07T16:44:19Z,"Bang gue aja maju mundur terus mau bungkus 17 PM, sampe sekarang masih bulak balik liat Vivo X300 Pro, Huawei Pura 80, Oppo X9 Pro, pengen ngeluarin duit banyak tapi sebanding sama apa yang di dapet"
xgJdkk7QIi8,@muhammadmufid379,2025-11-07T16:34:19Z,Bayak fans nya bilang ip ini next level 😂
xgJdkk7QIi8,@farhanasidiqi9979,2025-11-07T16:33:43Z,"""buat gw yg tau indahnya/canggihnya dunia luar iphone, merasa bete dan kasian sama orang yg berasa fine karena standrnya udh di set rendah sama apple terutama kamera dan fotografi"" DANGGG.... TRUE. Mereka ngga tau dunia luar selain iphone, dan merasa iphone si paling better which is NOT."
xgJdkk7QIi8,@ilhammdona,2025-11-07T15:53:29Z,"10:48 switch lensa ini dipikir"" kok bisa banget semulus itu ya"
xgJdkk7QIi8,@rizkihidayat2731,2025-11-07T15:52:15Z,Gw blm prnh pkek ip. Skrg mau pkek. Mending 16 pro 256 atau 17 pro 256 bang. Dgn beda harga 2 jutaan?
xgJdkk7QIi8,@gadgetaudio4924,2025-11-07T15:37:00Z,"Desain ga menarik, minim inovasi. Skrg udh ga se WAH dulu....."
xgJdkk7QIi8,@juanda.maulana,2025-11-07T15:35:48Z,"Nie baru Fansboy apple yg bner , klw producknya kureng signifikan update dan inovasinya ya diomong ..

Beda sama si indra teklep"
xgJdkk7QIi8,@breetskuy8344,2025-11-07T15:23:42Z,"Maaf bang klo iphone aku absen dulu 🙏🏻
Like komen adalah jejak saya"
xgJdkk7QIi8,@Amidin-r9r,2025-11-07T15:23:37Z,Cuaba android stbilier sbnding dgni psti by by ip😂
xgJdkk7QIi8,@roszie1726,2025-11-07T15:21:18Z,cukup di 16 pro aja haha
xgJdkk7QIi8,@imsomatur3,2025-11-07T15:15:48Z,iPhone 17 pro series yang cosmic orange ini untuk swifties dalam rangka the life of a showgirl album release 🧡
xgJdkk7QIi8,@Qahwah.Cemeng,2025-11-07T15:05:53Z,"harga 20 juta++, setara android 5 juta"
xgJdkk7QIi8,@afandiaksanmanopos1tekniki181,2025-11-07T14:59:26Z,"Interupsi Statement time  1: 40 Terkait Boba iPhone Dapat Mengintimidasi Lingkungan Sekitar yah bang, Bdw Ini Can Culture di Indonesia Raya ajah orang make Ip dikira tajir melintir Merinding Bdw Aku Yg Udah hidup Lama di Negara Maju dan kerja di sana Gada Working With Culture dgn Vibes Kayak Gini Di Negara2 maju loh, lu make Ip berapa Ip new, lawas Its Okey Gak ngaruh, make Branding apapun itu, Setelah Gua Balik Dari LN ajah kaget mampush Make Ip 16 pM ajah dikira orkay dan banyak Yg Terpantau kek ngejajz🤣🤣 ini budaya di indo doang yah udah umum dan Menormalisasikan Ip itu yah kayak Gitu😌"
xgJdkk7QIi8,@100kwiewersgiftsandaljepit5,2025-11-07T14:34:53Z,Kalau si buah tak ada inovasi yang menonjol untuk 3 atau 5 tahun kedepan saya yakin sih ini produk bakalan chaos kaya almarhum blackberry di saat android mulai mengejar inovasi sofhware Ai canggih.. sibuah minim inovasi yang wow.. 2 poin saja tantangan android buat ngejar sibuah 1 kualitas video perekaman dan ekosistem
xgJdkk7QIi8,@AgenKarma,2025-11-07T14:34:15Z,"pegang iphone tp gapegang android sih berasa kureeeng bgt, memang harus di lengkapi secondary hp android ,"
xgJdkk7QIi8,@triabdipoernomo,2025-11-07T14:26:20Z,"Review paling balance so far, good job K2G .."
xgJdkk7QIi8,@kidslogic_corner,2025-11-07T14:20:09Z,ya gantiya jgn tiap taon simple wwkwkw
xgJdkk7QIi8,@mTechlifePro,2025-11-07T13:48:15Z,Nice review K2G dari POV Apple Fan Boy. Semakin memantapkan niat utk skip yg seri 17 thn ini 👍👌
xgJdkk7QIi8,@wendoystory,2025-11-07T13:32:42Z,10:56 Vivo x 300 pro ga kalah smooth saya lihat di Chanel luar
xgJdkk7QIi8,@arraxvelaryon,2025-11-07T13:16:40Z,"Keunggulan mutlak tinggal segi transisi video, yang paling mendekati saat ini dari Vivo X300 pro dan Oppo Find X9 pro"
xgJdkk7QIi8,@MichaelCH911,2025-11-07T12:53:10Z,"kembalikan warna hijau ke varian pro, cukup album Taylor Swift, MCL39, dan shopee yg oren"
xgJdkk7QIi8,@bossman3020,2025-11-07T12:01:32Z,reviewer jujur
xgJdkk7QIi8,@syafiqurrahman418,2025-11-07T12:01:03Z,"Selfi 9:41 gambar kanan, kupingnya ilangg 🤣🤣🤣"
xgJdkk7QIi8,@luckk3471,2025-11-07T11:58:37Z,"User iPhone jangan pada denial, keenakan brand nya gaada untungnya buat user"
xgJdkk7QIi8,@jiqballl,2025-11-07T11:56:34Z,Pokoknya setelah samsung lipat rilis 2019 udah biasa aja liat ipon 😅.
xgJdkk7QIi8,@ezrariyandy3343,2025-11-07T11:54:35Z,"Hamba iPhone rata² mata nya tertutup kalo ngomongin soal kualitas. Dan sekarang pun udah banyak sebenernya umat umat iPhone sadar kalau IP sekarang udah mulai ke saing sama hp android kelas Flagship. 
Tapi mau gmn lagi, gengsi is number one."
xgJdkk7QIi8,@Nasrulvlogg,2025-11-07T11:50:18Z,"Klw gua sih, beli ip cuman butuhin kamera vidieonya + ke amanan perbankkn, dan beli jga sesuai kebutuhan"
xgJdkk7QIi8,@masmus999,2025-11-07T11:49:12Z,"desainnya makin keren, dan mungkin bakal jadi tren 2026, yaitu kombinasi kaca dan metal.
wkt K2G ngereview Nord 4, gw udh ngarep bgd banyak yg ngikutin kombinasi material ini. 
buat yg udh ngumpulin duit buat beli hp, ini saat yg tepat buat beli iphone 17 pro series"
xgJdkk7QIi8,@agungwindadi,2025-11-07T11:48:28Z,"Great review. Udah males banget sama reviewer yang selalu memaklumin apple bahkan sampe bilang tetep paling bagus. Padahal apple juga gak akan berubah jadi lebih baik selama masih banyak youtuber kaya gitu, apalagi di zamannya si tim memasak ini"
xgJdkk7QIi8,@CarlosMontenegro-c1q,2025-11-07T11:48:05Z,"Jagat review, k2g, sama youtuber cupu review terjujur dan fair sih menurut gw..."
xgJdkk7QIi8,@AkbarAkbar-wq5bh,2025-11-07T11:28:38Z,Kalau mau cari kamera ambil vivo atau  oppo tp klo mau video ya iphone
xgJdkk7QIi8,@醜いです12あなたは,2025-11-07T11:18:33Z,Best konten
xgJdkk7QIi8,@fatqurrokhman2306,2025-11-07T11:15:47Z,paling2 tambah gambar jernih dikit😂
xgJdkk7QIi8,@foreveralone4015,2025-11-07T11:13:10Z,Jadi inget nokia n8 oren gw yg telah lama berubah warna jadi bolang2 😢
xgJdkk7QIi8,@wahyuanjaswatipranata99,2025-11-07T11:12:50Z,"Jalan di tempat. 
Yg lain sdh pakai paket teleskop, casing game, bahkan buat HP  Foldebele. 
Ini mah boro"" Cuma lebarin bump camera aja bisanya. Suara hati pengguna iphone 16 promax 😊"
xgJdkk7QIi8,@ViP-BigBangForeVeR7788,2025-11-07T10:50:46Z,Saya skip iPhone 17 pro stay di iPhone 16 pro desert titanium 🔥
xgJdkk7QIi8,@MatchaStarz0997,2025-11-07T10:46:23Z,"Reviewnya tumben2an agak sadis ya buat ukuran k2g 😂. Kayak yang udah dipendem lama 😂. @18:10 ini setau saya aja sih, mohon dikoreksi, yang nganggep iPhone barang murah, itu cuma orang Indo, di negara2 maju, negara asalnya aja deh, yang UMRnya 2 digit, masih dianggep barang mahal lho 😂. Nggak tau orang2 Indo ketinggian egonya atau gimana"
xgJdkk7QIi8,@K-lite123,2025-11-07T10:43:56Z,"Wkwwk.. tutup mata, buta mata . Fanboy epel… 😂 siri diganti gemini. Tar lg ios ganti android aja… sebelum bangkrut"
xgJdkk7QIi8,@Deshan199,2025-11-07T10:42:32Z,"logo Xioami kan orange 
berarti ipong udah jadi mifans 😂😂"
xgJdkk7QIi8,@oreoars9196,2025-11-07T10:34:23Z,"lok dimata gw ketika ada yg pakai hp ip n ditunjuk""in kek jijik cok dia fikir gw bkln bilng wahhh iphon..!! mlh yg ada..apaan sih cok katrok bngt 🤣🤣🤣🤭"
xgJdkk7QIi8,@pandiwaluyo,2025-11-07T10:29:33Z,"Sebagai user 16 Pro, soal 17 Pro cuma tertarik sama warnany aja. Kalau kamera,  lebih milih Vivo x300 pro. Hehe"
xgJdkk7QIi8,@JUVENILE愛,2025-11-07T10:27:00Z,"Sebagai fanboy iphone, kan cuman butuh animasi video smooth doang, gak perlu detail yg penting gak jitter. Buat apa itu inovasi, mereka udah nyaman dengan ketertinggalan kok, yg penting upload konten kan gak dicompress 😊"
xgJdkk7QIi8,@PRASETIOUTOMO-n3s,2025-11-07T10:22:14Z,"Saya secara pribadi setuju dengan pendekatan iPhone (meskipun mungkin karena mereka belum bisa). Ga usah banyak Ai nya. Apalagi di photo editor.

Biar ga manipulatif semua di poles dengan AI"
xgJdkk7QIi8,@dewagede216,2025-11-07T10:11:57Z,"Portofolio product experience, kalimat yang mantap 😂"
xgJdkk7QIi8,@AlbertMulyadi-l6c,2025-11-07T10:03:25Z,"BG gw yg pakek Apple dan selalu harus ada android,bagi gw AI android gw sangat bermanfaat dan berguna untuk sehari2 ,AI di iPhone 16 pro gw yg dulu di gembar gembor iPhone AI pertama ,blm sangat berguna dan siri yg kayak gen alpha rebel dan noise"
xgJdkk7QIi8,@yodianto,2025-11-07T09:45:23Z,gitu2 aja tapi kaya antrian popmart😂
xgJdkk7QIi8,@fradesjo,2025-11-07T09:39:28Z,"Saya masih pakai iPhone 11, masih fungsional buat kerja dan pribadi. Terhubung dengan mulus ke Macbook juga. Nyaman buat kerja. Baru akan ganti kalau nanti udah benar2 butuh banget. Lagian sejak Steve Jobs meninggal, inovasi Apple udah mandeg. Tiap tahun gitu-gituuuuuuuuuuuuuuuuuuu doang"
xgJdkk7QIi8,@rlay286,2025-11-07T09:35:23Z,Serem sama peny-iPong garis keras
xgJdkk7QIi8,@lien1212,2025-11-07T09:33:41Z,Dijaman AI kayak gini apple ketinggalan jauh.. Apple Inteligent masih soak & keok.. kalah sm android midrange sekalipun..
xgJdkk7QIi8,@renzo1184,2025-11-07T09:26:43Z,Bagus perspektifnya.... jarang ada fanboy yg begini
xgJdkk7QIi8,@resswawa,2025-11-07T09:25:07Z,"""Standarnya udah diset rendah sama apple"" :)"
xgJdkk7QIi8,@perez-ɛɛ,2025-11-07T09:13:47Z,Keluh kesah femboy inimah😂
xgJdkk7QIi8,@dekedi2190,2025-11-07T09:01:28Z,"Sebagai pengguna iphone jga kerasa banget hasil kamera drop pas cahaya remang2, apple harus segera bergegas sih optimalin AI di saat hp2 midrange aja sekarang hasil kameranya udah bermain dengan AI, kalau ngejar natural sih natural ya tapi ya minimal pas low light ada sharpening dikit biar hasil kameranya ga soft soft banget😭"
xgJdkk7QIi8,@michaelpatrick3492,2025-11-07T08:56:22Z,Nah bnr pikiranku... modelnya ga se keren promax yg seblmnya.
xgJdkk7QIi8,@STLE889,2025-11-07T08:52:17Z,tega bener dibandingin sama #1 Dxomark 😅
xgJdkk7QIi8,@nickosaputra2344,2025-11-07T08:50:10Z,Thanks reviewnya. Kalo di Indo itu udah bisa blm bayar transaksi dengan smartwatch seperti apple/samsung watch ? Karena beberapa waktu lalu ke singapura liat orang2 yang naik transport umumnya bisa pakai watch utk byr.
xgJdkk7QIi8,@kaitokid6307,2025-11-07T08:41:38Z,"13:27
Bilangin om Fitra sama om Mobi bro. .  😂"
xgJdkk7QIi8,@Workaholic33,2025-11-07T08:39:36Z,Kalian kalo storge di iphone udah penuh di backup kemana sih ? selain icould ya karena banyak bgt file yang emang penting
xgJdkk7QIi8,@mrhen3259,2025-11-07T08:19:20Z,"gw malah upgrade ke 17 pm karna butuh daya tahan batre, pake 15 pm udh gak cukup, sering overheat. 
nah buat tandem nya gw pake S25 edge, mantep banget ini hp, tipis tapi canggih banget. mana gw dpt harga murah di market place. hahaha"
xgJdkk7QIi8,@adiwijayasalim6922,2025-11-07T08:14:33Z,"Terakhir kali make iphone 11 dan gw jual, sejak saat itu langganan flagship android. 
ternyata improvement apple selama 5 tahun terakhir ga se banyak sebelah ya?"
xgJdkk7QIi8,@irfankey5222,2025-11-07T08:04:44Z,"Gak tau kenapa Di review yg ini Satish keren bgt reviewnya dibanding produk2 yg lain, sample apapun bagus, informasinya bagus, POV bagus.. Apa karena Apple? IDK..❤😂"
xgJdkk7QIi8,@ulilize,2025-11-07T08:01:24Z,obat sakit maag katanya wkwkwkwk
xgJdkk7QIi8,@dedesetyadi5593,2025-11-07T07:21:21Z,"Masih banyal apple fanboy yg bilang kamera 17 pro max jauh lebih bagus dari 16 pro max, padahal gw liat sama aja, dan bener kan dibilang K2G gak beda jauh, bahkan bagi orang awam kayak gw pasti akan merasa sama aja, bener2 objektif review nya K2G 👍🏻"
xgJdkk7QIi8,@Aurigadatta,2025-11-07T07:21:00Z,"Ga nyesel sih beli aipon, sesuai saran bang Al, kalau pengen punya HP mahal buat balas WA, ya ambil aipon. Soalnya kalau bukan harganya, ga ada yg bisa gue banggain dari ni HP 🤣"
xgJdkk7QIi8,@WisnueRivanPraditya12,2025-11-07T07:18:52Z,User iphone enggak pernah otak atik soalnya ketika updete ke ios 26 bayak yang binggung
xgJdkk7QIi8,@itskimoraa,2025-11-07T07:18:12Z,Bener² gak gw skip kalo bg satish bahas iphone😂
xgJdkk7QIi8,@yogeeg90,2025-11-07T07:15:40Z,Apple fanboy sama fanboy karbitan yang baru banget pake iphone WAJIB BANGET mantengin vt ini wkwkwk. Gua udah nyerah sama Samsung dan Apple dari 2 generasi lalu deh. Ngeselin banget !
xgJdkk7QIi8,@risnurahmadian3047,2025-11-07T07:14:57Z,"Bg, mayoritas orang pakai iPhone itu untuk validasi ,, mana peduli dengan Downgrade Dari Titanium ke Alumunium 😂😂😂😂😂😂"
xgJdkk7QIi8,@heyndrikkk,2025-11-07T07:14:09Z,"Dan pas di bilang overpriced, abis dirujak w di twitter wkakakak"
xgJdkk7QIi8,@nunoholics,2025-11-07T07:12:08Z,Cuma emak2 yg ga bosen
xgJdkk7QIi8,@ahuman378,2025-11-07T07:11:27Z,Tapi penjualannya malah lebih moncer dr thn kmren 🤦
xgJdkk7QIi8,@TomiDolapaet,2025-11-07T07:06:18Z,Coba pakai casing warna kuning bang auto jadi poco tuh
xgJdkk7QIi8,@doyandouyin,2025-11-07T07:05:38Z,nah ini
xgJdkk7QIi8,@Mystery9.,2025-11-07T07:01:22Z,K2G kalau ngejelasin tuh enak ya 50% ngasih sisi positif 50% ngasih tau sisi kurangnya. Goood
xgJdkk7QIi8,@ryzaelm,2025-11-07T06:58:57Z,"Wah mantap.. sekarang yang Air jadi dailydriver ya.
Info bang tahun depan Iphone Air jadi dual camera loh, mantap kan?
Jadi ada alasan deh buat upgrade"
xgJdkk7QIi8,@Izqycleafz,2025-11-07T06:51:30Z,"Sepakat..
Kalah telak dan gak worth to buy sih (kalo buat user basian kayak saya) sempet jejerin memang beda dibanding 14 PM..
Tapi lebih bagus kamera oppo 8/vivo 200x / pura ultra🥲

Berhubung fanboy iphone lebih baik nambah sih, sambil wait and see 300x resmi.."
xgJdkk7QIi8,@DwiSipetani,2025-11-07T06:49:56Z,Ga bsa dipungkiri emang kudu mulai beneran berinovasi lgi sih iphone 😊 .. dri series 12 sampai skrang yg dirubah warnanya aja.  Ga jelek tapi monoton
xgJdkk7QIi8,@HenkySA,2025-11-07T06:48:05Z,"ternyata ga saya doang yg ngomel UI baru Safari wkwkw bener bikin ribet buat switch tab. emang bisa pake gesture buat pindah tab tp buat orang yg mau highlight all tab buat sorting/closing, UI baru Safari ini anti UX banget. walau saya pribadi jarang banget browsing di HP, tp ini emang agak annoying

kalo buat screenshot preview saya masih bisa lihat sisi lainnya, karena by design buat preventing accidental screenshot & juga edit on the go ga harus ke library dulu. cuma lebih enak kalo kayak Android, kalo screencap/opsi edit cukup thumb kecil & swipe aja kalo mau quick screenshot & send

saya ambil 17 Pro yg silver waktu trade in dari 15 Pro. satu hal yg saya suka dari 17 Pro ini karena dia bahan alumunium, buat beberapa sesi intens mobile gaming suhunya lebih bersahabat & penyebaran panasnya lebih baik. cuma buat outdoor, lebih enak pake case buat jaga durability bodynya yg unibody alumunium. dibanding 15-16 Pro yg titanium frame dimana kalo naked pun ga terlalu khawatir kalo dia jatuh. alangkah lebih baiknya mungkin kalo kedepannya dia pake frame titanium tp backdoor alumunium, siapa tau.

all in all kalo mau upgrade, it's a great phone. improvementnya cukup banyak. tp kalo skenarionya cuma make biasa aja, 15-16 Pro still holds well."
xgJdkk7QIi8,@goldson6,2025-11-07T06:40:28Z,"Android tinggal bagaimana memaksimalkan kualitas upload saat ke media sosial aja, kalah telak itu iphone"
xgJdkk7QIi8,@andikapratama9475,2025-11-07T06:38:09Z,"Gw yg pakai ip dan android, belum ada kepikiran up ip gw karena tidak ada teknologi yg menarik di ip terbaru. Kebanyakkan orang up ke ip terbaru cuma biar terlihat pakai ip terbaru. Android jauh lebih menarik teknologi jauh lebih banyak dan fitur jauh lebih banyak juga. Malah gw kepikiran up android gw tahun depan, menunggu inovasi terbaru brand."
xgJdkk7QIi8,@fazanoor,2025-11-07T06:32:19Z,"Bagus, tapi gada yang baru, di kala Xiaomi pamer layar belakang, Samsung berjaya dengan fold, Vivo OPPO lomba kamera terbaik buat konser, iPhone cuma sebatas bagus aja, gada inovasi yang wow, seolah main aman di situ-situ aja."
xgJdkk7QIi8,@messhinoda,2025-11-07T06:31:35Z,kali untuk video dengan hp top android..iphone lebih bagusnya soalny kualitas videony apa cuman switch antar lensanya aja?
xgJdkk7QIi8,@jameroqui8835,2025-11-07T06:30:24Z,"Review yang jujur obyektif. Lama pakai ip (dan android), yang dirasakan yah..  begitulah ip... Tidak jelek tapi ya begitu2 aja..."
xgJdkk7QIi8,@dhanarputra555,2025-11-07T06:27:52Z,"Sebagai orang yg udah pegang iPhone sejak versi 4s, 
bini sendiri aja bilang boncos banget punya ipon😅
Ya gimana ya, logo *Apel* nya udah tidak cukup utk menarik dompet bini keluar dari habitatnya."
xgJdkk7QIi8,@AribElek,2025-11-07T06:24:37Z,"Kualitas foto ipon udah kalah telak, dan kualitas video ipon udah mulai tersusul. Bahkan setelah Launching ip17 sahamnya lngsung anjlok. Warning buat Apple Kl ip18 masih gitu"" aja. Kayanya bakal wassalam"
xgJdkk7QIi8,@adilahsaputra3,2025-11-07T06:17:50Z,"keren bang walaupun fanboyy apple tetep jujur, sangat membntu orng yg pngn beli barang apple tapi kemalahan 😁🙏"
xgJdkk7QIi8,@superbonto,2025-11-07T06:17:48Z,kolom komentar koq adem adem aja nih wkwk
xgJdkk7QIi8,@anakesolikin-k7v,2025-11-07T06:15:36Z,Design terbaik dan built quality ip terbaik adalah ip xs series no debat
xgJdkk7QIi8,@moezibdork666,2025-11-07T06:09:56Z,Mantap iPhone ini
xgJdkk7QIi8,@wangsimin6707,2025-11-07T06:08:28Z,Masih inget story Satish pesen Nasi goreng orange yg ceritanya lagi flexing iPhone 17 Promag 😂
xgJdkk7QIi8,@salomoriech,2025-11-07T06:01:10Z,13:27 penyakit kuning iphone ga hilang hilang sejak 13 pm
xgJdkk7QIi8,@kaprios1709,2025-11-07T05:59:39Z,"🙄.. Begitulah tuningan software untuk hasil foto dan videonya Ip di paskan untuk warna kulit orang European atau American...

Yg ""repot"" ketika di jepret ke warna kulit warga Indo berasa bangget jadi semangkin ""kusem"".. Itu sebab tuningan hasil jepretan camera hape China atau Korea lebih di sukai oleh kebanyakan orang Indo...

Kerna bisa menyulap ekspresi wajah jadi lebih glowing dan mulus lus....

😐"
xgJdkk7QIi8,@arifhidayat454,2025-11-07T05:57:50Z,"lu gak beli bang cash sama anti gores itu, lu di kasih pasti"
xgJdkk7QIi8,@jakafaturrohman4801,2025-11-07T05:56:45Z,"saat reviewer lain cuma bilang bagus, bagus, bagus... k2g gitu looh 👍🏻"
xgJdkk7QIi8,@DKtube81,2025-11-07T05:55:02Z,"Saya jujur dulu beli iphone 15 pm ""terpaksa"" karena disarankan oleh pihak bank untuk banking apps. Beli di ibox ikutan PO dan buka hanya untuk transaksi perbankan. BH masih lumayan di 96%. Daily tetap samsung fold 7. One ui nya tidak bisa dipungkiri adalah yang terbaik menurut saya. Asyik untuk kerja dan lihat sosial media memang foldable phone"
xgJdkk7QIi8,@AllesandroKim,2025-11-07T05:54:13Z,"Semakin saya menua karena usia,, semakin cocok dgn iphone.😊"
xgJdkk7QIi8,@RazxMuhammad-g3x,2025-11-07T05:54:10Z,💤
xgJdkk7QIi8,@Kudrihan,2025-11-07T05:52:49Z,"6:10 Untuk Urusan Perkabelan, Coba Deh Beli Kabel Merk i2c di Shopee, import dari china. Support Semua Protokol, Jadi cukup bawa 1 kabel, bisa hampir ke semua device supercharge. menarikkan ? Banget 🤭🤭🤭...
Pasangannya Cuktech 10 mini 2a1c + Kabel Sakti i2C,... Super!🔥"
xgJdkk7QIi8,@ghivbrand,2025-11-07T05:51:04Z,Tetep aja artis dan pesohor pake nya iphone 17 pro max bang 🎉
xgJdkk7QIi8,@sahidinaalii,2025-11-07T05:49:34Z,Review nubia z80 ultra dong
xgJdkk7QIi8,@Kudrihan,2025-11-07T05:47:27Z,iphone tetaplah iphone 😊
xgJdkk7QIi8,@SIAPA-e8b,2025-11-07T05:35:32Z,"Iphone 17 Promax dan 17 Pro bagus, namun sekarang jadi barang langka, saya cek sana sini stok habis. jadi kepikiran untuk pilih VIVO x Fold 5 atau S25 Ultra saja"
xgJdkk7QIi8,@laudien2786,2025-11-07T05:35:02Z,"Ooowh gak jelek yaaa, tapi ya gitu gitu aja"
xgJdkk7QIi8,@BattlefieldClassroom,2025-11-07T05:33:57Z,First
nr_gLFbY7w8,@Hidayat_Ahmad90,2026-01-06T20:04:42Z,🧡🧡🧡🧡🧡
nr_gLFbY7w8,@Himmah-k2d4m,2025-10-21T07:30:46Z,1:39 logo apa tadi bang? 😂
nr_gLFbY7w8,@agungwijaya-yg3kk,2025-10-09T12:09:08Z,Wah 12gb ram~
nr_gLFbY7w8,@Xshoot24,2025-10-09T10:55:31Z,Kita tunggu juga pres liris nya PI phone
nr_gLFbY7w8,@noname-jb4rz,2025-10-07T02:30:51Z,Banyak para miFans dan kaum  bacot mental munafik iri dengki....sibuk menghujat ip 17 promax.
nr_gLFbY7w8,@ashrapnal,2025-10-06T16:51:47Z,Bang lo engga mau potong rambut apa biar keliatan rapih
nr_gLFbY7w8,@GhifariNaufall,2025-10-04T10:54:40Z,🙌🏻YesyesyesyesIP 17 PRO MAX🔥😍❤
nr_gLFbY7w8,@WhatIf-9092,2025-10-01T21:04:05Z,"kalo steve jobs liat iphone sekarang, udah dipecat tuh tim cook
apaan, tiap tahun cuman upgrade kamera, baterai, chip, ram, core gpu, core cpu, ukuran chip, screen. gitu2 aja

dulu tiap tahun, apple pasti ada inovasi baru nya
itu yang bikin orang pada nunggu
itu yang bikin apple itu apple

sayang banget
johny ive juga udah keluar dari apple lagi

no hope kalo nunggu inovasi dari apple
malah xiaomi 17, bangke bagus banget cok
ada screen di belakang nya

keliatan nya sih, ini semacam uji coba
untuk membuat smartphone dengan layar penuh depan dan belakang"
nr_gLFbY7w8,@ViP-BigBangForeVeR7788,2025-09-29T12:37:30Z,Titanium Baru Premium 💪🏼👍 stay di ip 16 pro👍 design ip 17 pro tak cantik bagi aku😂
nr_gLFbY7w8,@aangwiguna4320,2025-09-29T05:43:12Z,Baru iPhone ini yg gak menggugah selera...😂
nr_gLFbY7w8,@DanielSusanto-pv9dg,2025-09-27T01:07:54Z,Kak review case zagg dong untuk 17 promax mulai dari yg clear ampe yg berwarna
nr_gLFbY7w8,@kulibangunan89,2025-09-25T12:25:34Z,Design paling sampah
nr_gLFbY7w8,@buzoezarf,2025-09-25T08:36:47Z,"Asli yg oren noraknya dapet bngt, design rame dipadukan dgn warna gonjreng gokz beud.😅🤭 Looksnya kek hp mainan anjr, kalo yg deep blue bolehlah msh ada kesan ganteng & elegannya."
nr_gLFbY7w8,@wafidisini,2025-09-24T07:18:01Z,"Konsep Apple memang begitu, dulu iPhone X pake poni orang2 juga pada ketawa
Sampai2 Samsung bikin iklan untuk nyindir 😅"
nr_gLFbY7w8,@HengkiAva,2025-09-24T06:21:10Z,iphone kontol
nr_gLFbY7w8,@HengkiAva,2025-09-24T06:20:35Z,jujur sejak dulu ngak suka sama iphone . . alhamdulillah sakarang gua punya sasmung s25 ultra . .rencana aku mau nambah XIAOMI 17 PRO  mantapppppppppp
nr_gLFbY7w8,@MAKOLiiNA6431,2025-09-24T06:01:02Z,Relatif utk setiap penilaian..tp penilaian saya biasa aja dan gak ada yg wow dgn versi ini..
nr_gLFbY7w8,@reyhanarya3630,2025-09-24T05:48:48Z,Si suki ngokop iponge😂
nr_gLFbY7w8,@adamawlana,2025-09-24T04:49:26Z,Mau desain gembel sekalipun kalo dipake apple jadinya mewah🤣
nr_gLFbY7w8,@EngkanSujana,2025-09-24T04:29:20Z,"Setiap orang boleh pro atau kontra, tapi sebenarnya iPhone produk yang melegenda dan sangat dinanti user🎉"
nr_gLFbY7w8,@ZalmaMahyzia-e7c,2025-09-24T02:25:36Z,"Nah kali ini desain iphone gak bakal di pake sama brand lain ,,😂"
nr_gLFbY7w8,@Infeksi_Nalar,2025-09-24T01:48:56Z,Biasanya brand besar di contek brand dibawahnyah....eh ini malah iphone membuat replika hp poco 😂😂😂
nr_gLFbY7w8,@Zunairotul1,2025-09-24T01:48:11Z,Nunggu review bang indra baru mantap beli
nr_gLFbY7w8,@Talipancingy4u,2025-09-23T23:38:56Z,Hahaha hp badut
nr_gLFbY7w8,@pecintatogel39,2025-09-23T18:51:01Z,"Warnanya di ketawain david gadgetin
Wkwkwkwkwkk"
nr_gLFbY7w8,@andygarcia4810,2025-09-23T16:47:56Z,Kalau mau liat review jujur mah jgn disini wkwkw sama dia mah gaakan ada kurangnya sedikitpun
nr_gLFbY7w8,@handeriOMG,2025-09-23T13:52:11Z,"Om buat review tes lidarnya untuk scan ruangan ya pakai app canvas, dari semua seri mana aja yang bisa di pakai untuk scan. Kepakai buat design interior untuk survey proyek jadi ga perlu ukur pakai meteran. Tinggal scan ukurnya nanti di laptop atau di rumah.
bela-belain punya iphone untuk fitur itu tapi yang pakai istri, jadi pas survey proyek tetap pakai meteran tradisional. 😭😭😭😭"
nr_gLFbY7w8,@rizkyykzl7747,2025-09-23T12:18:50Z,Gila kameranya memang iphone wkwk
nr_gLFbY7w8,@adisaputrasaputra7783,2025-09-23T10:18:47Z,Apa itu ram .. Ram kecil sdh cukup.. Itu hanya omong kosong... Nyatanya skrng pakai ram 12GB.😅
nr_gLFbY7w8,@eksekusi_senyap,2025-09-23T09:35:58Z,Hp paling norak sepanjang sejarah ya I phone
nr_gLFbY7w8,@SayaBahri,2025-09-23T07:17:01Z,"pdhl dlm hatiny mah ga sreg sm design ny itu,, wkk"
nr_gLFbY7w8,@gardarash3453,2025-09-23T04:53:17Z,Jelek im sorry
nr_gLFbY7w8,@samuelarnoldrindo2234,2025-09-23T04:36:19Z,"Kalo kata om kutang, ini mah udah penyefong handal 😂,"
nr_gLFbY7w8,@masda2829,2025-09-23T03:39:01Z,Knp GK ke Malaysia bro?
nr_gLFbY7w8,@sugara2627,2025-09-23T02:44:07Z,Bang bahas rumor iphone 17 pro rawan baret dan bengkok
nr_gLFbY7w8,@HayRICHIE,2025-09-23T00:53:54Z,Mana nih iphone Air 🎉🎉🎉
nr_gLFbY7w8,@goby8687,2025-09-23T00:18:50Z,hotel2 auto rame nih tiap iphone rilis baru akwkwkwk
nr_gLFbY7w8,@Detective_Batman,2025-09-22T23:38:34Z,Cakep memang 17 pro ❤
nr_gLFbY7w8,@junaedi0333,2025-09-22T16:20:44Z,Ka tali jam nya beli dmn?
nr_gLFbY7w8,@sabbataizevi4031,2025-09-22T15:16:16Z,"si apple udah nggak think diferent lagi, terlihat jelas mereka cuma ingin membangun sentimen pada konsumen saja dan dengan inovasi apa adanya lalu melazimkan harga yang jelas2 bukan worth it lagi. Jijay sekali warna dan cara pikir mereka terhadap konsumen.
Mulai hari ini kukatakan jika anda beli iphone 17pro/max anda tak terlihat sebagai punya uang dan jadi seseorang TAPI anda yang sudah punya uang pun masih segampang itu terjajah.
bagiku nilai anda sama dengan kambing yang makan rumput itu, digembala dan diambil keuntungan nya."
nr_gLFbY7w8,@herastantiagustin4607,2025-09-22T15:03:37Z,Lol aja
nr_gLFbY7w8,@chandralksmana,2025-09-22T14:12:44Z,Ini org mah iphone ditempelin TAI ttep dipuji2 😂😂😂
nr_gLFbY7w8,@kucingtidursiang,2025-09-22T14:02:38Z,"Air mana air haus nihhhh, uda 3 hari nungguin gan"
nr_gLFbY7w8,@saptriwiguna9562,2025-09-22T13:25:58Z,Kek google pixep
nr_gLFbY7w8,@komarudin9717,2025-09-22T13:04:28Z,"Dari semua komen, saya tahu hp nya yang pada komen 🤣🤣🤣 
Kebanyakan yg komen hp Nya android"
nr_gLFbY7w8,@kenangan212,2025-09-22T11:57:11Z,Kabarnya desainnya terinspirasi dari casing cebanan android yg besebaran di shopee 😊
nr_gLFbY7w8,@CakJune,2025-09-22T11:40:38Z,Mudah sekali untuk fanboy apple senang cukup hadiri warna baru dan design aneh udah seneng aja😅
nr_gLFbY7w8,@SamsungGalaxy-c8t,2025-09-22T11:14:17Z,"Mau tanya dong srius ini, itu real IP 17 pro kah? Atau IP 15 pro? Soalnya gua liat² itu kaya IP 15 pro yg casing kameranya di lebarin gitu aja sama flashlight nya di geser/pindah dikit biar bisa di bilang cikal bakal  jadi INOVISASI terdepan dan terkini dan terkemuka di masa depan sampai² si penyopong droid² nge klaim milik IP yg tercanggih terkece badai cetar membahana?"
nr_gLFbY7w8,@ridwankassel6372,2025-09-22T09:52:22Z,"🤣beneran ada.. pasang casing ijo ke hp oranye.. kayaknya ada video komedi/kartun sebelum keluar. beli yg oranye. cari casing, di keluarkan yg bening. yg beli bilang gak bang saya mau yg ijo saja...😁   kasih cover sampai dekat lensa, ada yg uji gesek/jatuh. kemudian pakai kamera macro kelihatan alumniumnya gupil dikit ( kecil)"
nr_gLFbY7w8,@awanmegamendung8338,2025-09-22T09:48:19Z,"terlalu me.lebih2kan sesuatu yg biasa2 aja.
padahal selebihnya mah karena merek aja.
sesederhana ituh...."
nr_gLFbY7w8,@majelisgurumunawar,2025-09-22T08:39:06Z,Desain nya jelek...lebih bagus 16 pro max
nr_gLFbY7w8,@bintinisa9530,2025-09-22T07:50:34Z,Flare kamera gmn
nr_gLFbY7w8,@AndikaAaep,2025-09-22T06:06:29Z,ternyata casing unibody alm lebih lemah dibanding titanium tahun lalu ya lbh tangguh
nr_gLFbY7w8,@aamhamzah2979,2025-09-22T05:56:57Z,Warna nya prindapan banget dah😂
nr_gLFbY7w8,@kyludlukhdkh-eu7ih,2025-09-22T05:55:15Z,"Jujurlah pada dirimu, desainya emang lebay 😂"
nr_gLFbY7w8,@alatalisca,2025-09-22T03:47:11Z,Tapi apple rugi gara gara ip 17😂😂😂
nr_gLFbY7w8,@notebookextra,2025-09-22T03:04:29Z,"mending pakai 3 boba yg biasa ajalah, sudah jadi identitas. 
seperti 4 kamera kompor listrik ala xiaomi, atau 3 boba lurus tanpa tatakan ala samsung. gak ada yg salah. kalau begini kan aneh. mau motret landscape malah rentan tertutup jari itu flash dan lidar sensornya."
nr_gLFbY7w8,@sigitsetiyawan4639,2025-09-22T02:14:52Z,k
nr_gLFbY7w8,@user-gp1tx8je8h,2025-09-22T01:43:50Z,Mending iphone 17 aja
nr_gLFbY7w8,@butongsexy,2025-09-22T01:37:16Z,Titan nya ilang😅
nr_gLFbY7w8,@omennguyup,2025-09-22T00:37:48Z,kayak hp poco
nr_gLFbY7w8,@papaeggman1868,2025-09-22T00:32:22Z,"Desain Dan Warna Paling Kurang Banget Menurut Gua 😂, Paling Bener Kalo Desain ya Back To Basic Aja, Mana dibikin 2 Finishing Yg berbeda tapi jatohnya jadi Kurangggg, Series terbaru paling bener menurut gua I Phone Air Sih, Ya Meski Mirip2 Pixel, tetep aja ga seburuk desain Versi Pro Ini . ."
nr_gLFbY7w8,@PutraMadangkara-v5h,2025-09-22T00:05:04Z,Itu hp google 😂😂
nr_gLFbY7w8,@SariraPalopo,2025-09-21T23:56:33Z,Waw...
nr_gLFbY7w8,@umarulfaruq6162,2025-09-21T23:38:02Z,"Lebay lu bang, ga malu apa disetiap jaman gaya ngmongmu soal iphone tetep alay😅😂 berlebihan omongan lu"
nr_gLFbY7w8,@diparangga9495,2025-09-21T22:41:05Z,Tunggu aja nanti rame cat pd ngelupas sm gampang baret soalnya pake almu😅 seri pro kualitas base model
nr_gLFbY7w8,@ikhlassajaikhlas,2025-09-21T22:16:53Z,"ongkos ke sana suda bisa beli HP lagi,,mantap"
nr_gLFbY7w8,@hopedesignproduction,2025-09-21T21:08:28Z,User android nangis di pojokan
nr_gLFbY7w8,@lopo33,2025-09-21T18:51:25Z,Kmbli ke selera aja...gua pribadi lbh trtrik ke vivo flagsip..
nr_gLFbY7w8,@andraadika5856,2025-09-21T18:03:36Z,"Izin tanya bang, Gua rencana mau beli ip 16 basic, Kira” waktu yg pas buat beli itu kapan ya bang ?
Kalo ip 17 udah masuk indo kira” harga ip 16 ada di range berapa ?"
nr_gLFbY7w8,@walidnakbuyung,2025-09-21T17:49:34Z,"semenjak steve jobs gk ada iphong kehilangan arah cmn main geser2 kamera dan sekarang cosplay menjadi POCO 17 PRO MAX, rugi 1500T dlm sehari 😮😅"
nr_gLFbY7w8,@yuliuswei8590,2025-09-21T17:48:34Z,"iphone tidak menunjukan AI di iphone 17 Pro ditaun sekarang itu kekurangannya dibanding android , itu kekurangannya pada saat peluncuran tidak dibahas tentang AI , Apple banyak perubahan di body dan kamera saja"
nr_gLFbY7w8,@masbro_tmk,2025-09-21T17:15:27Z,"Pada jemput iphone ke thailand, malaysia sama singapore... harusnya di indo jg bisa pelll... usermu banyakan dimari😢"
nr_gLFbY7w8,@Semarmesem-k,2025-09-21T17:14:09Z,Ohh masih belum bisa dilipat...
nr_gLFbY7w8,@NikeishaNailah,2025-09-21T17:07:32Z,"17 hari kedepan fitur center stage si ip17 bakal muncul ke hape"" 👾ndroid entry &mid level😎💪🏻💪🏻 gampang itu maah 🗣🇰🇷🇨🇳"
nr_gLFbY7w8,@vereljack,2025-09-21T16:50:20Z,"Iphone is iphone 😅 mau model nya kyk gmn pun mewah nya gabakal bisa di kalahin sama yg sebelah, bagi yg gasuka model nya beli aja dulu iphone 16 kek gtu 🤏"
nr_gLFbY7w8,@suryaaghani,2025-09-21T15:53:59Z,Bang mana video iphone air elaahhhh?😊
nr_gLFbY7w8,@bayunotosegoro4832,2025-09-21T15:42:08Z,Jelek banget design😂😂😂nya
nr_gLFbY7w8,@RedmiTujugolan-t8k,2025-09-21T15:29:40Z,Kaya POCO M3 harga mahal doang fitur stug kalah sama android
nr_gLFbY7w8,@gemilang_ch,2025-09-21T15:03:09Z,"salfok sama logo applenya gak centre ya bang, kayak aneh keluar dari lingkaran magnet magsafenya ya bang"
nr_gLFbY7w8,@Muhisnaeni-sf3ee,2025-09-21T14:58:37Z,"Kamera depan-belakang bisa dipakai bareng👍
Klo 16pro bisa gitu gak yaaa?"
nr_gLFbY7w8,@DNABuahTropis,2025-09-21T14:51:45Z,"Harusnya 16 reborn😂
Banyak yg kecewa jadinya karna 17 nggak sesuai"
nr_gLFbY7w8,@Radityaprasetio92,2025-09-21T14:29:26Z,Balik ke warna XR coral wkwkwk
nr_gLFbY7w8,@denihermawan6878,2025-09-21T14:26:42Z,"Terlalu penyepong upong smape lupa kalo dia aja rugi 1,6 T gara2 investor pada kabur 😂"
nr_gLFbY7w8,@Brownclate,2025-09-21T14:20:33Z,"Dasar Indra fanboy penyepong IPONG

Gw benci lu bkn krn lu fanatik iphone, tp karna lu terlalu fanatik sm iphone dan menjelekan merk lain

Makan tuh iphone 17"
nr_gLFbY7w8,@alanbarie83,2025-09-21T14:19:50Z,"""Gak terlalu kayak base model"" Artinya emang kayak base model cuma gak terlalu aja😂😂😂😂 lawak"
nr_gLFbY7w8,@bebekoren6512,2025-09-21T13:18:07Z,"bang, fitur pler di kamera iphone 17 series apakah sudah dihilangkan?"
nr_gLFbY7w8,@pramchanel91,2025-09-21T13:09:55Z,Mirip poco...😅
nr_gLFbY7w8,@agsbp1,2025-09-21T13:09:32Z,Tanpa inovasi….
nr_gLFbY7w8,@budiprasetyo7329,2025-09-21T13:08:08Z,Alhamdulilah akhir nya Iphone kolab dengan POCO..
nr_gLFbY7w8,@putuadhik,2025-09-21T13:03:37Z,Ini kalo upgrade dari 15pm 512gb signifikan gak ya upgradenya?
nr_gLFbY7w8,@lorenzo071082,2025-09-21T13:00:43Z,"gitu2 aja ga ada beda cuma jual gengsi, sama2 buatan china harga amerika, yg 18 nya sja sdh ketebak speknya akan spt apa.. Apple sekarang miskin inovasi.. mereka memuaskan investor dan tidak fokus lagi RnD untuk memuaskan konsumen.."
nr_gLFbY7w8,@Cellafamily,2025-09-21T12:56:58Z,poco 17 pro
nr_gLFbY7w8,@YanSuki-h7j,2025-09-21T12:53:53Z,Desainnya kayak hp 2 jutaan😅😅😅
nr_gLFbY7w8,@sambanugraha5355,2025-09-21T12:49:38Z,Itu IP 17 atau poco😂
nr_gLFbY7w8,@shemphakerrumbay,2025-09-21T12:39:50Z,"iPon 17 Pro Gak ada inovasinya blassss, masa kalah dengan inivasinya Xiaomi 17 Pro…. gokil… saatnya si cook masuk magiccook 😅"
nr_gLFbY7w8,@redypajero,2025-09-21T12:24:21Z,"Bro is Apple affiliator and die-hard fanboy, he will never say a bad thing about an iPhone every year no matter how ugly it was."
nr_gLFbY7w8,@suryahadikusumah2461,2025-09-21T12:17:28Z,Halah cuma lebarin bagian belakang aja ga beda sama aja kamera nya tiga
nr_gLFbY7w8,@teukutanzil6151,2025-09-21T12:05:28Z,Ipon poco m6
nr_gLFbY7w8,@must_hafidz,2025-09-21T11:54:38Z,Apa bagus nya iphone seri ini bang😂😂😂😂😂😂😂😂😂😂😂😂😂😂
nr_gLFbY7w8,@sangdinosaurus6077,2025-09-21T11:47:31Z,Biasa aja kesannya sama poco 😅😅😅
nr_gLFbY7w8,@sangdinosaurus6077,2025-09-21T11:44:42Z,Poco
nr_gLFbY7w8,@dwihandoyo3964,2025-09-21T11:41:23Z,Masih di pakein casing jgn dibanggain lah warna2 an😂😂😂
nr_gLFbY7w8,@robbyelbarrac3478,2025-09-21T11:40:47Z,"jangan pangil aku poco m6 pro 5g paman  sekaranga aku ipone 17 pro plus,,dan gaklama lagi  aku akan jadi xiomi 17 pro max🤣🤣🤣"
nr_gLFbY7w8,@nizalchanel6979,2025-09-21T11:33:43Z,😂😂😂😂😂😂
nr_gLFbY7w8,@fidiatantra4115,2025-09-21T11:27:02Z,BANGGG! mungkin gak apple nanti akan  produksi ip17pro warna hitam? kecewa banget gak ada warna hitam
nr_gLFbY7w8,@fauzianton5598,2025-09-21T11:20:02Z,banyak duit
nr_gLFbY7w8,@zayn2658,2025-09-21T11:04:06Z,"Gw sedih sebenernya, negara sebesar dan sekaya ini, tidak ada satupun apple storenya..😂😂🤣🤣 sedih kan gw?? 😂😂🤣🤣"
nr_gLFbY7w8,@samudradarma6981,2025-09-21T10:46:27Z,Apakah benar bg ip 17 gampang baret?
nr_gLFbY7w8,@BYDmobile,2025-09-21T10:15:58Z,"Kaum mendang mending sini kumpul 
Masih stay 11pro 512gb selama 5th ganti batrai udh 3x baru th ini mau upgread ke 17 512gb karena udh ada 120hz ya biar gk kelihatan patah"" 😁
Mau up ke 17pro tp jelek desainya menurutku ya"
nr_gLFbY7w8,@bolonebandar968,2025-09-21T10:03:41Z,Coba Vs huawei 80 pure ultra bang..
nr_gLFbY7w8,@rendhanrr07,2025-09-21T09:57:54Z,ditunggu review watch ultra 3 & airpods pro 3🎉
nr_gLFbY7w8,@hadTzy-29,2025-09-21T09:53:09Z,bagi para penyephong ip sih cakep... tapi untuk orang2 normal design itu sangatlah B aja
nr_gLFbY7w8,@PartTimeTraderz,2025-09-21T09:35:24Z,"Dari iPhone 11 sd 17 gitu2 aje nih apple..gw nyeberang dulu ke tetangga sebelah deh, sambil nunggu Apple buat iPhone Folding"
nr_gLFbY7w8,@DivaSamudra-o8f,2025-09-21T09:33:41Z,iPhone 14 aja Blm kebeli😢
nr_gLFbY7w8,@Blegexspeed,2025-09-21T09:21:40Z,"Gua kira kamera blakangnya bisa digeser dan ada layarnya ternyata eggk ya ,karna pernah lihat divt tt bisa digeser"
nr_gLFbY7w8,@ArdaHandikaPradana,2025-09-21T09:18:59Z,"Namanya juga apple fan boy, gimana pun desainnya meskipun penurunan bahan tetep aja dibilang oke, padahal kl menurut saya lebih kelihatan mewah yg 16 pro sih serius😂"
nr_gLFbY7w8,@deamateur5299,2025-09-21T08:49:50Z,Bagus ??? 😅
nr_gLFbY7w8,@bermudaheaven6832,2025-09-21T08:40:01Z,Prindapan
nr_gLFbY7w8,@bendolaja7575,2025-09-21T08:38:05Z,Poco😮
nr_gLFbY7w8,@yogagirisagara49,2025-09-21T08:31:16Z,https://youtu.be/vn8XHx2Ka_Q?si=aiCrx7UKmg0mdmp6
nr_gLFbY7w8,@thejogriwal20,2025-09-21T08:20:32Z,"Jelek + overprice + ketinggalan teknologi tapi masih disukai penggemarnya ,, itu lah ,,, iphone"
nr_gLFbY7w8,@arispriyanto8784,2025-09-21T08:04:34Z,Bang HP poco versi brpa bang?😂😂
nr_gLFbY7w8,@xomenx1059,2025-09-21T07:53:25Z,fanboy lagi menghibur diri
nr_gLFbY7w8,@hilmykurniawan5570,2025-09-21T07:50:16Z,"iphone setau gua simple elegant, inimah poco"
nr_gLFbY7w8,@agoesmh,2025-09-21T07:49:02Z,Cuman beda casing sm iphone versi sblmnya😂
nr_gLFbY7w8,@singgihardiyanto6638,2025-09-21T07:19:24Z,Mirip produk oli orange bg warna I-Phone nya😂😂😂
nr_gLFbY7w8,@jumardinsawalrindo,2025-09-21T07:10:40Z,"Walaupun bukan user IPhone, tetap aja gw salut dan muji iphon berani keluar dari kesombongan yg sok pertahankan gengsi. Ngikut gapapa, yg penting buat kebaikan. Siapa tau dengan gini gw jadi mikir beli iPhone..
Sekali lagi selamat buat iPhone udah bawa perubahan."
nr_gLFbY7w8,@poeterapertamareal,2025-09-21T07:07:32Z,Iponk made in prindavan
nr_gLFbY7w8,@adhryandirma,2025-09-21T06:56:05Z,Test baret nya gmn bang😂
nr_gLFbY7w8,@SyahrezaEdu,2025-09-21T06:52:57Z,"Samsung akan tertawa melihat upgrade iphone 17, 😂  dual camera udah ada sejak lama , camera depan otomatis menjadi luas juga udah lama,  zoom juga gitu2 aja, , tapi inilah pasarnya,, 😅😅😅"
nr_gLFbY7w8,@jimmynapolion4201,2025-09-21T06:51:50Z,versi penyempurnaan kecil dari generasi sebelumnya dengan harga yang tetap selangit..
nr_gLFbY7w8,@ronaldosaputra955,2025-09-21T06:40:47Z,Kureng 😂😂😂
nr_gLFbY7w8,@devi_kta,2025-09-21T06:06:47Z,POCO M3 😂
nr_gLFbY7w8,@dwioktanugroho,2025-09-21T05:56:08Z,harganya belum merakyat..
nr_gLFbY7w8,@rempoa0507,2025-09-21T05:53:18Z,iphone X poco
nr_gLFbY7w8,@khaimanjarizki4046,2025-09-21T05:51:06Z,"A highly cinematic and atmospheric urban fashion
portrait photograph, featuring a hansome young
Indonesia n man in his 20s, sitting casually yet
reflectively on a dark, wet wooden park bench on
a city sidewalk during a heavy downpour at night.
Rain is visibly falling in fine droplets, creating
small ripples in the puddles on the street and
making the bench's surface glisten.
The man is dressed in a slightly oversized
black plaid flannel shirt, revealing a plain white
crewneck t-shirt underneath. He is also wearing
stylishly ripped black skinny jeans, torn at the
knees, and a pair of converse classic black
high-top sneakers with white laces. The fabric
of his clothes appears slightly damp on the
shoulders and knees, adding to the realism of
the rainy scene. His neat black hair looks slightly
damp. His expression is calm yet melancholic, his
eyes looking directly into the camera with a deep,
thoughtful gaze, as if lost in thought.
The lighting is exceptionally dramatic and moody.
Distant orange-yellow streetlights create long,
vibrant reflections on the wet asphalt, forming
a stunning 'wet road reflection' effect. In the
background, the silhouettes of passing vehicles
are visible, their red taillights blurred into long
streaks from motion, all melting into a creamy,
artistic bokeh. A bright red neon light from a building sign in the distance dominates the upper
frame, reflecting off the raindrops and providing
a striking color contrast to the warmth of the
streetlights. The air feels humid and cool.
Shot with a professional setup: A full-frame
mirrorless camera like a Sony Alpha a7R IV or
Canon EOS R5, paired with a fast prime lens (e.g.,
Sigma 85mm f/1.4 Art or Sony FE 50mm f/1.2 GM)
to achieve an extremely shallow depth of field
and luxurious bokeh. The focus is razor-sharp
precisely on the subject's eyes. A subtle film
grain and rich, cinematic color grading with
contrasting cool and warm tones. High resolution,
hyper-detailed, visible textures.--ar 3:4"
nr_gLFbY7w8,@andrekoto0948,2025-09-21T05:49:25Z,"Bagi fans aphone mania, upgrade dikit itu sesuatu yang wah walaupun hargannya gak ngotak,  itu sih masalah selera dan prestise berkelas"
nr_gLFbY7w8,@knsohe,2025-09-21T05:42:01Z,unboxing iphone berkedok poco😹 setahun nge design jadi bitu🗿
nr_gLFbY7w8,@AlexAlafif,2025-09-21T05:34:28Z,Hp warna orange n casing warna hijau asli jelek parah 😅
nr_gLFbY7w8,@faridjoel9564,2025-09-21T05:26:55Z,Beneran gampang lecet gk oom yg warna selain silver?
nr_gLFbY7w8,@samuelsanpakpahan6078,2025-09-21T05:18:35Z,"Coba lepas tutup camera iPhone 17 pro nya pasti sama seperti iPhone 15 juga camera iPhone 17 pro pakai camera Samsung dan lebih baik android lebih asyik,gampang,harga nya terjangkau juga Hp Vertu Hp termahal di dunia pakai Android"
nr_gLFbY7w8,@ekoyunianto7051,2025-09-21T05:00:48Z,"aneh banget model dan warnanya , mirip POCO wkwkwkwk"
nr_gLFbY7w8,@ivanichtanuel1681,2025-09-21T04:42:04Z,"dear itech life, lo kan bro dekat dengan orang orang apple, please dech product apple itu tidak lebih dari pembodohan technologi, lo beli produk mahal tapi banyak yang tidak bisa di pergunakan, buat apa coba? gwe senang inofasinya waktu steve jobs gwe juga ngerti tim cook bukan steve jobs tapi seharusnya bisa bikin yang terbaik, kumpulin orang orang terdekatnya steve jobs dan dari situ pasti akan di temukan barang yang terbaik. salah satu gwe bilang iphone lebih dari scammer adalah iwalet buat apa ada tapi gak bisa berguna di indonesia dan banyak di negara lain ini yang bisa pakai cuma negara negara yang ada apple store  bukan indonesia, buat apa bisa cashless tapi harus apple cash jadi canggihnya apa coba boleh berbeda tapi harus juga pikirkan negara lain, siri, ai masa kalah sama gemini, apple map apa lagi, terus bisa telp ke satelite seharusnya bisa sih itu tinggal masalah kebijakan, buat saya steve jobs masih yang terbaik. dan waktu iphone 17 di luncurkan buat saya sih biasa aja beli tapi tidak ada something new buat apa, iphone 17 promax terbuat dari aluminium dan banyak yang penyok itu gimana coba? gw masih senang dengan yang sebelumnya. gwe sudah punya duit tapi bisa di alokasikan setelah ada inovasi baru di iphone iphone 20, atau iphone 25  dan itu pun kalau semua perangkatnya bisa di pergunakan kalau nga ya sudah nga usah beli. toh sekarang sudah banyak tuh para pencita iphone pindah ke huawei dan huawei saya melihat lebih banyak orang ketoko tersebut tanpa ada pemberitaan banyak ketoko tersebut ketoko samsung dan brand lain . kalau saya bilang ini ada era apple the fallen sih. jadi ibarat anda punya uang banyak bisa rolls roys, terus datang ke indo tapi banyak yang nga bisa di pakai gimana tuh?"
nr_gLFbY7w8,@fliponfloor,2025-09-21T04:14:31Z,kirain hape poco tadi
nr_gLFbY7w8,@antonmadani8801,2025-09-21T04:08:43Z,"Waw,,lebih keren pakai case🤟🏼"
nr_gLFbY7w8,@yusufmansurrugpul9353,2025-09-21T04:03:26Z,Anjas berasa liat xiaomi
nr_gLFbY7w8,@TheAlliPerdana,2025-09-21T03:25:19Z,Tanpa inovasi lagi 😂  rugi 1800 T 😅
nr_gLFbY7w8,@Dera31st,2025-09-21T03:23:58Z,"Yahhh masih gini gini aja iphone, gaada gebrakan yang bener bener luar biasa kek dulu, skrg malah kerasa kek apple ini cuma manfaatin loyalitas penggemarnya doang, tahun ke tahun pun desainnya cuma geser geserin kamera dikit, tambahin sesuatu dibelakangnya, tapi harganya ga sebanding sama upgrade yg diberikan😢"
nr_gLFbY7w8,@AFE-eu7uz,2025-09-21T03:17:23Z,"Pada ngerasa waktu tes record video pake front facing camera, gambar ga smooth, macam 25 fps ngga...."
nr_gLFbY7w8,@RIDWANAKBAR,2025-09-21T02:43:52Z,Jelek designnya. 😢
nr_gLFbY7w8,@AGH1401,2025-09-21T02:08:48Z,Designernya kayak lagi keabisan ide. Ugly. The ugliest iPhone ever.
nr_gLFbY7w8,@anggadsaputra,2025-09-21T01:58:54Z,kok mirip pixel
nr_gLFbY7w8,@hackerbones7998,2025-09-21T01:55:56Z,Balik lagi model rounded. Bolak balek aja 🗿
nr_gLFbY7w8,@ErnaWati-gi2uf,2025-09-21T01:50:47Z,Poco Iphone 17 pro hh
nr_gLFbY7w8,@ida.darmayanti,2025-09-21T01:27:17Z,kombinasi antara P*CO dan Go*gle Pix*l 😂
nr_gLFbY7w8,@lordyui567,2025-09-21T01:14:58Z,"Sementara skip dulu, masih kurang  cocok  sama modelnya😂"
nr_gLFbY7w8,@muhamadyunushidayat4069,2025-09-21T01:13:25Z,Hahahahahaaaa
nr_gLFbY7w8,@AsepSugiMukti,2025-09-21T00:14:52Z,mas mobi 1:27
nr_gLFbY7w8,@TeamMcVanOfficial,2025-09-21T00:14:44Z,"Minum inovasi emng lebih pro ke investor saat ini ,kecuali bagi diehard fans Apple sih tekcuali psti akan ttp pro hehehe yg udh ngga ngikutin ilang"
nr_gLFbY7w8,@dedisetiadi6999,2025-09-20T23:15:19Z,Poco M3 skin Legend 😅
nr_gLFbY7w8,@EkoHernanda-c4c,2025-09-20T23:13:30Z,Gak ada inovasi
nr_gLFbY7w8,@gezodkentir9619,2025-09-20T23:03:18Z,Malah jelek modelnya cuma geser blitz doang😂
nr_gLFbY7w8,@niaseptianierlina,2025-09-20T22:45:40Z,Si anak apple ini channel. Sampah
nr_gLFbY7w8,@muhammadilhamgemaramadhan3024,2025-09-20T22:18:44Z,Fanboy iphone sih sejelek apapun inovasi jya tetep di bilang bagus🤣🤣🤣
nr_gLFbY7w8,@deltarazort,2025-09-20T22:16:48Z,"Inovasi nya mana?

AI nya juga masih trtinggal😂😂.."
nr_gLFbY7w8,@MrBreew-t1m83z,2025-09-20T22:09:55Z,Yg blg desainny keren kata gw mah menghibur diri sih 😂 jeleekk bangeettt pliiss gw yg selalu excited sm iphone dr sei 4 malah jd gini 😭😭😭
nr_gLFbY7w8,@Ikyphoenix,2025-09-20T22:05:20Z,Klo upgrade dari iphone XR ke 17 bakalan kerasaa banget dahh yg disebut upgrade tuh 😂😂
nr_gLFbY7w8,@fardamme7982,2025-09-20T21:15:17Z,"Cerita sedikit , saya user iphone dari jaman 4g hingga sekarang pakai ip 13pm , 15 pm. bulan ini sempat pengen ip 17pm tapi saya mikir berkali kali lipat untuk ip terbaru ini karna tidak ada perubahan yang buat membuat saya kagum dan perubahan yg signifikan jadi kangen jaman steve jobs launching iphone terbaru itu jangka waktunya agak lama dan perubahannya banyak. Dan pada akhirnya bulan ini saya ambil hp huawei pura 80 ultra.
Jujur masih gagok alias belum terbiasa tapi untuk kamera untuk hasil foto dan video saya kagum banget iphone yang saya punya dan samsung s25 ultra ( hp temenku ) serasa dikucilkan."
nr_gLFbY7w8,@giyu-o7r,2025-09-20T20:35:33Z,Hp Lawak cakep dari mane😂
nr_gLFbY7w8,@krismafiryo9718,2025-09-20T20:02:11Z,Gw yg masih pegang ipon XR bisa cengir2 saja liat video ini
nr_gLFbY7w8,@are1378,2025-09-20T19:29:51Z,handphone impian
nr_gLFbY7w8,@nurapipasalma5226,2025-09-20T19:07:38Z,iPhone kereeeeen trus
nr_gLFbY7w8,@salimsadrawing06,2025-09-20T17:53:27Z,"Sumpahh ,ini aipon bentuk kameranya jelek dan norak banget, apalagi warnanya. Kalok gua punya uang ,pasti milih beli ipon 16.nya aja ,"
nr_gLFbY7w8,@LucyanaMegaSelviana,2025-09-20T17:45:02Z,"Liat model nya kayak gini waktu sebulan lalu , mutusin lebih pilih beli 16 pro max langsung waktu itu. 
Model menurut selera. Ini lucu sekali belakangnya kayak Pocophone."
nr_gLFbY7w8,@propertystory8987,2025-09-20T17:35:05Z,15 pro udh paling bagus dan promax nya… 😂
nr_gLFbY7w8,@tommyhartawan1006,2025-09-20T17:30:07Z,Yg liat video ini pake XR angkat jarinya....kita ngumpul 😅
nr_gLFbY7w8,@chandralksmana,2025-09-20T17:22:24Z,Desain iphone paling norak diantara semua yg udah rilis smpe skrg 😂😂
nr_gLFbY7w8,@chandralksmana,2025-09-20T17:18:22Z,Ipoco 17 promax 😂😂
nr_gLFbY7w8,@andijaiman5524,2025-09-20T17:09:05Z,Kak ada iphon yang gak pake ka😅.... Saya belum pernah pegang iphon😂😂😂
nr_gLFbY7w8,@dptgis4529,2025-09-20T16:43:08Z,Kayak iPhone 5C yak
nr_gLFbY7w8,@juanda.maulana,2025-09-20T16:43:03Z,"Ya walaupun desainnya kureng , minimal ada yg berubah kan .. 😅"
nr_gLFbY7w8,@andygarrix3515,2025-09-20T16:38:46Z,Asli keren modelnya
nr_gLFbY7w8,@hilalfahmi1390,2025-09-20T16:18:20Z,Kenapa casing nya hijau gak jelas
nr_gLFbY7w8,@TanpaKata25,2025-09-20T15:48:28Z,"Alhamdulillah udh punyaaa.... Tgl 19 kmren bru diambil,krna inden dri tgl 8 septmber kmren.Mnrt aku ok kok,semua trgntung selera msing2 klo msh model😊"
nr_gLFbY7w8,@Tile_Marwan,2025-09-20T15:42:28Z,Gookkssssss kreen ....
nr_gLFbY7w8,@ahmad-z5z2w,2025-09-20T15:19:02Z,"Asli saya gak banget gaya belakang nya  kayak gitu ,,udah duluan Poco konsep desigen kayak mmmmm ,,ternya poco lebih cerlang rupanya dari si iphone,,iphone konsepnya ketinggalan 😂😂😂"
nr_gLFbY7w8,@channelproject19,2025-09-20T15:13:00Z,Model ya malah kek hp cina 😂😂
nr_gLFbY7w8,@Auto_85,2025-09-20T15:08:44Z,Bagusan pakai Titanium dari Aluminium. Model udah kayak Poco..
nr_gLFbY7w8,@benderamyadventure,2025-09-20T15:08:19Z,Warna sama dengan SONY ERICSSON seri walk man
nr_gLFbY7w8,@rezabaloiview5731,2025-09-20T14:59:21Z,"Besok keluar 18 , paling mantep, keluar 19 paling mantep , gitu aja terus smpe kluar ip 50😅"
nr_gLFbY7w8,@ikoikokimochi1950,2025-09-20T14:40:25Z,"Pocophone juga udah punya design begitu dari dulu, tapi knpa gk dapat pujian selebay ini juga ya 🗿, nurunin kualitas bahan juga bisa jadi pujian"
nr_gLFbY7w8,@HariSudewo-q6f,2025-09-20T14:32:24Z,"ini masalahnya titanium ke aluminium, DOWNGRADE 😅"
nr_gLFbY7w8,@AntonieManroe,2025-09-20T14:31:41Z,Minim fitur tapi tetap dipuja puja..itulah apple funbase...
nr_gLFbY7w8,@khak5269,2025-09-20T14:21:10Z,Iphone terjelek yg pernah ada 😂😂
nr_gLFbY7w8,@PijayWijaya-q4d,2025-09-20T14:02:55Z,Bertahan aja lah di ip 14 pro max
nr_gLFbY7w8,@PijayWijaya-q4d,2025-09-20T14:02:28Z,Ip poco 17 pro
nr_gLFbY7w8,@kirigawakun,2025-09-20T14:00:59Z,Jokes hari ini dong mas indra 😂
nr_gLFbY7w8,@DaCFIL,2025-09-20T13:56:06Z,Ipon mulai runtuh😂
nr_gLFbY7w8,@MantolopMantolop,2025-09-20T13:55:15Z,Jauh dan TDK sesuai harga.menang merek dagang tapi jauh ketinggalan dari tetangga bawang merah..
nr_gLFbY7w8,@abdulazs26,2025-09-20T13:42:28Z,Iphone 17 pro ni saudaranya poco m4 kah ? 🙈
nr_gLFbY7w8,@MeltingCement,2025-09-20T13:34:51Z,cantik warnanya   kuning2 taik gtu y😂😂😂😂😂
nr_gLFbY7w8,@RoyhatulJannah.official,2025-09-20T13:31:01Z,Hamba nya timcook apple akhirnya umboxing juga 🎉
nr_gLFbY7w8,@Anakmudabolmong,2025-09-20T13:29:09Z,Ini kayak pinjam desain ke poco nggak sih😂😂😂😂😂
nr_gLFbY7w8,@Nouvalraycha,2025-09-20T13:28:26Z,"kalau udah paling cinta akan iphone apapun modelnya ntah aneh dan nyentrik pasti akan selalu ngomong fresh bagus dan hal"" bagus lain. wwkwkw pdhl ya desainnya begitu begitu doang apalagi inovasi nya sekelas brand apple wkwkwkwkwk🤣"
nr_gLFbY7w8,@notperson0,2025-09-20T13:28:17Z,"Di indo ngapa gk ada apple store sih, pdhl antusiasnya gk kalah zma negara Asean lain, bayangin byk wanita rela BO demi iphone loh heyyy"
nr_gLFbY7w8,@BoLangKID57,2025-09-20T13:16:01Z,Poco ini mah
nr_gLFbY7w8,@putuarman2065,2025-09-20T13:10:16Z,"Desain body’nya konyol, ngga elegan sama sekali, kebanyakan otot."
nr_gLFbY7w8,@vikyferdiantoro3814,2025-09-20T13:01:46Z,Orang ko kaya2 ya. Usahanya apa aja ya. Padahal pedagang katanya lagi lesu ekonominya. 😅
nr_gLFbY7w8,@syamilchannel7276,2025-09-20T12:53:04Z,cakepp semoga tahun ini bisa kebeli.
nr_gLFbY7w8,@Tempatnya-Hoki-BIBIT288,2025-09-20T12:44:11Z,menit 3:20 tampilannya cakep sih setelah dikasih case. 😁
nr_gLFbY7w8,@Khoyr,2025-09-20T12:41:15Z,Sudah lihat langsung iPhone 17 Pro di Apple Store Osaka. Hapenya Cuakep kok. Semua akan setuju cepat atau lambat.
nr_gLFbY7w8,@sampahduniamaya,2025-09-20T12:34:03Z,"saya mengerti desain itu selera, tapi kalau anda bilang desain 17 pro keren? entah kenapa saya sangat ingin menggerutu, sewot dan ketawa terbahakbahak *&%$#^%$^(&*) harga sudah mahal, kelas sudah tinggi, tapi desain??????*&%^*&^%$&^%*( ini sama aja kayak masang logo ferrari atau lamborgini di angkot suzuki carry....(adheeeewh sadar tidak sadar, kita sedang membodohi diri sendiri, maaf)"
nr_gLFbY7w8,@hotaenisme555,2025-09-20T12:22:07Z,Gw nonton nya pake iphone 12 mini
nr_gLFbY7w8,@taufikpamungkas292,2025-09-20T12:08:06Z,Bang cb vs ip 16 pro hasil videonya ko kyaknya bagusan ip 16pro
nr_gLFbY7w8,@andikaputranasruddin9369,2025-09-20T11:57:37Z,Sama dengan samsung a35ku kalau selfie otomatis alhamdulillah cukup buat kerjaan
nr_gLFbY7w8,@RajaGita309,2025-09-20T11:52:57Z,"Kapan ya bisa megang iphone lihat  review org aja sudah senang apalagi punya sendiri,dari dlu pengen beli cuman masih ada masalah internal yg lebih di utamakan😢"
nr_gLFbY7w8,@calvfinka,2025-09-20T11:50:04Z,harganya di goreng abis abisan yang sudah di Indonesia gila gila
nr_gLFbY7w8,@muhamadrizky4446,2025-09-20T11:49:21Z,ya allah semoga tahun ini bisa tercapai
nr_gLFbY7w8,@Pendakitungkling,2025-09-20T11:47:21Z,"Desain kamera iPhone 17 Pro menjadi lebih lebar atau ""melebar"" karena adanya peningkatan teknologi pada modul kamera, seperti sensor kamera utama 48MP yang lebih besar, kamera telefoto Fusion 48MP baru untuk optical zoom 8x yang lebih baik, serta potensi kamera depan 48MP yang lebih berkualitas, yang semuanya membutuhkan lebih banyak ruang fisik di dalam perangkat. Desain baru ini, yang dijuluki ""plateau"", menggantikan desain persegi yang sudah digunakan sejak iPhone 11 dan bertujuan untuk mengakomodasi sistem kamera yang lebih canggih dan berkinerja tinggi."
nr_gLFbY7w8,@dailyact17,2025-09-20T11:39:27Z,Casing tetep menutupi kamera bar  yg panjang.. Zagg bikin casing versi  yg panjang juga gak 😂😂
nr_gLFbY7w8,@nurhakikiiksan9818,2025-09-20T11:35:12Z,"jangan ada yang protest si di channel ini, namanya aja udah jelas iTechLife aka Iphone Tech Life"
nr_gLFbY7w8,@gegodohpuntik6458,2025-09-20T11:17:58Z,"Yg masih menjadi gajalan di pikiran dan sanubari ide Iphone Mengganti material TITANIUM ke ALUMUNIUM apakah ini semata2 krn mengurangi panas? Atau kah realitasnya itu downgrade. Teringet generasi Iphone 6, 6s, 6splus. Semua body tertutup aluminum alhasil muncul cacing2 kremi dibodynya dan parahnya kepentok dikit penyok. Kadang juga body suka melengkung krn kelamaan ditaruh dicelana atau tas ransel krn ketindih barang lain."
nr_gLFbY7w8,@aflah-gaming201,2025-09-20T11:16:08Z,Jadinya inter dong beli di luar
nr_gLFbY7w8,@muhamadhabibisaputraa288,2025-09-20T11:14:18Z,"Di paksa tangguh kuat, padahal pro itu kemewahan"
nr_gLFbY7w8,@ereinaldy20,2025-09-20T11:10:51Z,BAGIS POCO nya😂
nr_gLFbY7w8,@prime8393,2025-09-20T10:57:53Z,Br kali ini liat iphone gk mewah...
nr_gLFbY7w8,@indoflight8390,2025-09-20T10:55:02Z,Jelek bg
nr_gLFbY7w8,@TryOnMeCH,2025-09-20T10:53:01Z,Poco 😂
nr_gLFbY7w8,@jakaparker,2025-09-20T10:52:49Z,"Di boxnya ada tulisan: Assembled in China, designed in California, inspired by the Poco M6 Pro gak? 😊"
nr_gLFbY7w8,@mevlana705,2025-09-20T10:49:45Z,kok bisa bisanya ngeremehin jahe. kipatin ke mata perih perih dah
nr_gLFbY7w8,@SyafiqAl-Khaleed,2025-09-20T10:41:06Z,"Apple identik dgn warna hitam mengkilap atau putih cerah
Knp jadi oreng"
nr_gLFbY7w8,@IDNFAMILY,2025-09-20T10:38:30Z,Sejauh ini model ip 17 yg paling aneh dan jelek. Warnanya pun norak banget. Paling bagus mnrut gua ttp ip 14 pro deep blue.
nr_gLFbY7w8,@igoy7871,2025-09-20T10:25:24Z,Harga?
nr_gLFbY7w8,@VeronicaHernandez-i8u,2025-09-20T10:23:37Z,𝐆𝐀 𝐑𝐔 𝐃𝐀 𝐇𝐎 𝐊𝐥..Terpopuler masakini
nr_gLFbY7w8,@AmyBurns-l1i,2025-09-20T10:23:32Z,peminat terbanyak 𝐆𝐀 𝐑𝐔 𝐃𝐀 𝐇𝐎 𝐊𝐥 di Indonesia
nr_gLFbY7w8,@AmandaDoyle-z2x,2025-09-20T10:23:28Z,𝐆𝐀 𝐑𝐔 𝐃𝐀 𝐇𝐎 𝐊𝐥..Member baru pasti jepe
nr_gLFbY7w8,@TaylorHernandez-s9c,2025-09-20T10:23:24Z,𝐆𝐀 𝐑𝐔 𝐃𝐀 𝐇𝐎 𝐊𝐥 menang lebih mudah
nr_gLFbY7w8,@imamsyafii7041,2025-09-20T10:20:18Z,3:32 Begini lebih ganteng
nr_gLFbY7w8,@AlowisiusKamisopa,2025-09-20T10:14:58Z,Logo jahe😂😂
nr_gLFbY7w8,@dek_lio99,2025-09-20T10:12:32Z,menit 3:20 tampilannya cakep sih setelah dikasih case. 😁
nr_gLFbY7w8,@DekUniTV,2025-09-20T09:56:47Z,wahhh mantap bang kita akan review juga nehh
nr_gLFbY7w8,@cl6124,2025-09-20T09:43:56Z,Ipun aer ngab
nr_gLFbY7w8,@echoborneo597,2025-09-20T09:43:55Z,Iphoco 17 pro max yg ada ketahanan standar militer emng keren bang 👍👍👍
nr_gLFbY7w8,@Kuyung-z2q,2025-09-20T09:42:45Z,Duhhh case warna hijau nya kerenn bgt matc sama warna orange mya
nr_gLFbY7w8,@Kuyung-z2q,2025-09-20T09:39:37Z,"Malah gw suka bgt liat desain iPhone 17 Pro,"
nr_gLFbY7w8,@DinaDianah-i7g,2025-09-20T09:33:51Z,Gak tau kenapa tapi iPhone sekarang berasa bgt android 😂 dari desain dan IOS terbaru nya
nr_gLFbY7w8,@Trant-j1z,2025-09-20T09:28:12Z,Coba survey tny ke cewe2 Dr 10 cewek apakah mayoritas Akan blg design belakangnya bagus?
nr_gLFbY7w8,@m.yazidbastomi2287,2025-09-20T09:22:34Z,❤
nr_gLFbY7w8,@cahyopamungkas4433,2025-09-20T09:09:08Z,Akhirnya bang indra megang hp Poco
nr_gLFbY7w8,@omnawserchannel3012,2025-09-20T08:58:59Z,gile gile gile 😮😮😮
nr_gLFbY7w8,@mansinamoke2713,2025-09-20T08:48:46Z,kenapa tech riviewer pada beli ip 17 kali ini di thailand??? biasa nya di singapore
nr_gLFbY7w8,@Tequillasweets,2025-09-20T08:48:18Z,Steve Jobs nangis dah di pojokan liat modelnya kayak gt 😅
nr_gLFbY7w8,@kreativaktivision,2025-09-20T08:45:47Z,di pasang case ijo....tjakep bangeett!
nr_gLFbY7w8,@BagjaHalomoan,2025-09-20T08:40:34Z,Saham turun tanda pasar kecewa ga ada inovasi yg signifikan
nr_gLFbY7w8,@Iskael,2025-09-20T08:36:05Z,oranye nya beneran keren banget
nr_gLFbY7w8,@sinoptik0274,2025-09-20T08:25:55Z,Semoga ngga cepet panas sepeti iphone 16
nr_gLFbY7w8,@muhammaddhiafarhan7852,2025-09-20T08:21:13Z,Ekspresi muka lo ga bisa boong bg😂
nr_gLFbY7w8,@meme-sb3gv,2025-09-20T08:13:19Z,Apel sudah kehilangan Different Thinking
nr_gLFbY7w8,@agungaminnullah7985,2025-09-20T08:11:06Z,Cakep amat warna orangenya plus case ijo 🔥
nr_gLFbY7w8,@antowijaya8566,2025-09-20T08:05:56Z,"Desainya belakangnya kurang menarik , gk elegant😂"
nr_gLFbY7w8,@nakj4ks3l,2025-09-20T08:03:46Z,yaaa...klo sudah apple boy apa aja yang di bikin apple semua bagus....
nr_gLFbY7w8,@anthonyphin6325,2025-09-20T07:52:56Z,Jujur mereka diam2 kecewa dalam hati 😂
nr_gLFbY7w8,@adyavandysaputra4156,2025-09-20T07:50:33Z,"mas mobi : "" KAMI SUKA APPLE"""
nr_gLFbY7w8,@ABBustan,2025-09-20T07:44:22Z,Itu iphone atau poco??😢😢😊
nr_gLFbY7w8,@sembahkapertame8295,2025-09-20T07:43:23Z,Yeeess kalo sdh di indo langsung beli yg cosmic orange ✌️👍
nr_gLFbY7w8,@PebiPermana,2025-09-20T07:35:04Z,jadi penasaran pajak masuk entar pas di bandara indonesia. apakah ini masuknya pajak amerika yang katanya 0% atau gimana ya!?
nr_gLFbY7w8,@Febyrasbifa22,2025-09-20T07:25:20Z,"Jujur kurang suka sama warna gonjreng oren nya dangdut banget, tapi yaa iPhone is iphone gak bisa di compare sama brand lain, tetap punya kelebihan nya tersendiri."
nr_gLFbY7w8,@MyRepublic404,2025-09-20T07:24:12Z,SO YA
nr_gLFbY7w8,@ridhoyudha517,2025-09-20T07:20:31Z,jelek
nr_gLFbY7w8,@dibafauz6315,2025-09-20T07:17:28Z,Jelek asli
nr_gLFbY7w8,@rydhorydho,2025-09-20T07:17:01Z,Nope.. iPhone ilang identitas
nr_gLFbY7w8,@muhammadsyahrulmulud5822,2025-09-20T07:11:34Z,POCO😂
nr_gLFbY7w8,@Thorfinnn.15,2025-09-20T07:10:56Z,3:40 Dikasih case misah gitu antara kamera dan LiDAR sensornya sih tambah keren bng iPhone 17 pro ya jdi pengen beli wkwk
nr_gLFbY7w8,@pujisasongko4164,2025-09-20T07:09:56Z,Hp Overheat
nr_gLFbY7w8,@nirinaazzahra8261,2025-09-20T07:04:17Z,Tetep S24 Ultra HP paling ganteng sepanjang masa..❤
nr_gLFbY7w8,@krisper7,2025-09-20T07:00:57Z,Akhirnya fanboy iphone pake poco juga 😂😂😂
nr_gLFbY7w8,@Fatur_Alfikri,2025-09-20T06:58:18Z,"Aneh bngt sama yg berjamaah hujat model iphone setiap release, pdhl mostly bukan apple user tp android. Gw malah suka2 aja model iphone, malah was2 kalo modelnya dibikin kyk kebanyakan model android yg aneh2."
nr_gLFbY7w8,@Agungkoerniawan_08,2025-09-20T06:54:13Z,Ah mantap❤✨ pilihan warna yang bagus bang
nr_gLFbY7w8,@zekkenmtsurugi8313,2025-09-20T06:46:43Z,Poconya kok Oren?
nr_gLFbY7w8,@KikiDestriArdi,2025-09-20T06:38:59Z,Lebih Mending  Xiomi 17 Pro Yg Akan Hadir.....🤣😂😅
nr_gLFbY7w8,@johnwicksclash,2025-09-20T06:37:49Z,bg knp ga yg 2tb
nr_gLFbY7w8,@amoeba83tv93,2025-09-20T06:25:57Z,"Dkarang design nya, ngikutin Hp China ya😅"
nr_gLFbY7w8,@vadjarosd,2025-09-20T06:25:47Z,Desain terburuk kalo menurut selera saya
nr_gLFbY7w8,@samudrarahman833,2025-09-20T06:21:23Z,"B aja, ganteng dari mana nya? Berlebihan."
nr_gLFbY7w8,@Gavchky,2025-09-20T06:20:27Z,Make oren dari jauh orang bisa menyimpulkan lu pake ip17 pro/max😅
nr_gLFbY7w8,@Valdilliezz,2025-09-20T06:06:31Z,Satisfying
nr_gLFbY7w8,@FerryVerygood02,2025-09-20T06:06:29Z,"Kok bnyak yg review seri Pro ya, yg ProMax blom ada"
nr_gLFbY7w8,@tantoxelix1542,2025-09-20T05:56:37Z,Apa cuma saya yg masih pake ip x⁉️
nr_gLFbY7w8,@liefukpau5928,2025-09-20T05:47:39Z,"Dulu kl ada launcing iphone seri terbaru, suasana exited nya besar banget sampe nginep nginep di dpn apple store di hampir semua negara, tp tambah kesini kok sprt nya launcing iphone seri baru kok tambah biasa biasa aja gitu, gak se rame dulu yg sampe nginep nginep utk antri dpt barang pertama kali"
nr_gLFbY7w8,@andri149,2025-09-20T05:40:04Z,Jujur dgn bentuk kyk hp cina dan warna yg gonjreng ini adalah iphone terjelek menurut sy
nr_gLFbY7w8,@yusufefendi-z7g,2025-09-20T05:36:43Z,Me be kalo bump kameranya dikasih warna piano black lebih bagus
nr_gLFbY7w8,@nurhadipanca,2025-09-20T05:10:47Z,percuma bos kemahalan. mending beli huawei 80 ultra 😊
nr_gLFbY7w8,@toggyfriends985,2025-09-20T05:05:08Z,besok beli ah 3
nr_gLFbY7w8,@shichibukai85,2025-09-20T04:58:20Z,sayang banget sih ga ada warna black nya
nr_gLFbY7w8,@Archasro,2025-09-20T04:54:31Z,"Solusinya beli yg warna putih, karna frame aluniniumnya ga di cat. Kalo saya sih saya pakein matte hydrogel di bagian bezelny, aman aja. 😁"
nr_gLFbY7w8,@seruputngebul77,2025-09-20T04:51:48Z,"Ada yg kurang,Gak ada tulisan POCONYA"
nr_gLFbY7w8,@Archasro,2025-09-20T04:47:32Z,"Kalo dia yg review, asal itu Apple mau desain sjelek apapun ttp dia blg ganteng 🤣"
nr_gLFbY7w8,@irawanagus3256,2025-09-20T04:43:43Z,Nah kan cakep
nr_gLFbY7w8,@bakar4657,2025-09-20T04:43:27Z,AI g ada pengembanganya 😂😂😂
nr_gLFbY7w8,@muchsdm8520,2025-09-20T04:37:29Z,Nostalgia sama nokia N8 oren
nr_gLFbY7w8,@georgiehonda4802,2025-09-20T04:37:22Z,Warna orange aura prindavannya kuat banget
nr_gLFbY7w8,@tampan_tailor,2025-09-20T04:35:54Z,Halah2 hamba iphone  sejati dia ni... mutahhhh berakkkkk🤮🤮🤮🤮🤮
nr_gLFbY7w8,@GasngegameAndroid,2025-09-20T04:33:15Z,2 kata lucu . BENER GANTENG😂
nr_gLFbY7w8,@auliarakhman1965,2025-09-20T04:32:17Z,iPhone memang gak dipungkiri soal semua performa terbaik. Karena hampir rata disegala sisi cuma satu aja kelemahannya. Harga😅
nr_gLFbY7w8,@d.wahyudi,2025-09-20T04:22:26Z,Mending beli insta360 3 go
nr_gLFbY7w8,@arvi197,2025-09-20T04:18:45Z,Kek tai desainnya
nr_gLFbY7w8,@Film-p3g,2025-09-20T04:15:07Z,"😂aga mirip Xiaomi 11 ultra 4 tahun lalu, gak ada gebrakan desain baru 😂😂"
nr_gLFbY7w8,@aziznob-f5w,2025-09-20T04:11:57Z,Poco versi iPhone
nr_gLFbY7w8,@komangArta-v3p,2025-09-20T04:11:14Z,NORAK GAK SIH WARNANYA
nr_gLFbY7w8,@theazzaky,2025-09-20T04:07:08Z,Bingung cari kelebihannya apa?? Lebih mahal aja kali yaa..  🤔
nr_gLFbY7w8,@msyaifunnasir4823,2025-09-20T04:04:20Z,ngeri-ngeri kaya poco
nr_gLFbY7w8,@noverlybaren5241,2025-09-20T04:03:53Z,Panasan mana bang Bangkok ama Bekasion😂😂😂
nr_gLFbY7w8,@manuelneuer-id2xm,2025-09-20T03:58:24Z,kameranya sama xiomi 4a bagusan mana bang
nr_gLFbY7w8,@rudiriswandesilfa,2025-09-20T03:57:09Z,bang coba riquest zoom bulan dong😅
nr_gLFbY7w8,@story-minang-jawa-indonesia,2025-09-20T03:55:50Z,"Maap ni,  emng agak goyang ya kamera depan nya?  ga pernah pegang IP soalnya 5:55"
nr_gLFbY7w8,@maika_desuwa,2025-09-20T03:44:24Z,"Mau bentuk gimana pun,misal mirip infinix note 50 tetep bakal ganteng klo sudah fanatik😂jadi gak heran sama sekali"
nr_gLFbY7w8,@ArthurHigh20,2025-09-20T03:34:14Z,"Yg ku suka dari iphone cuma stabilitas apps yang joss dan pemakaian jangka panjang. Ga kek android, baru 1 tahun udah batuk2. Tapi tetep aja aku lebih suka make android yang makin banyak inovasinya. Pernah pake iphone tapi cuma kameranya aja. 😂"
nr_gLFbY7w8,@naheel7412,2025-09-20T03:28:09Z,Menurut saya desainnya jelek..😅 tp g tau klo lihat aslinya..😂
nr_gLFbY7w8,@ivanidr75,2025-09-20T03:25:10Z,"Bang, udah ngecek di toko belom tadi iphone display nya.  Pada baret2 semua tuh casing belakangnya mau yg 17 biasa Air sama Pro. Kacaw deh gampang lecet  😭😭😭"
nr_gLFbY7w8,@TheOetjoep,2025-09-20T03:23:16Z,"Ya ampun kenapa jadi jelek gitu model terbarunya 🤣🤣🤣

Jadi kayak pake casing 😂😂😂

Kemanakah design elegant ciri khas ipon??  🫣🫣🫣"
nr_gLFbY7w8,@adibbekti4725,2025-09-20T03:22:59Z,"Indo oh indo... 
Sama Asean lainnya jauh banget dah"
nr_gLFbY7w8,@PakAjhi,2025-09-20T03:20:39Z,Kena berapa bang pajaknya
nr_gLFbY7w8,@kamuharustau7279,2025-09-20T03:16:02Z,Penjilat i phone hhaa😂
nr_gLFbY7w8,@IlexBurger,2025-09-20T03:13:56Z,ya jujur sih bang. ini iphone terjelek. coba deh di perhatiin lagi. jelek weh. tapi tetep gw beli😂
nr_gLFbY7w8,@YanuarMadiun12,2025-09-20T03:13:04Z,48megapic vs 200megapic kira”bgusan mna nih
nr_gLFbY7w8,@fanatic1569,2025-09-20T03:05:34Z,designnya kek hp android murah wkwkwk
nr_gLFbY7w8,@andre741300,2025-09-20T03:05:06Z,"bang gak unbox apple watch ultra 3?

btw ukuran wrist elu brapa mm bang?"
nr_gLFbY7w8,@MailJr_777,2025-09-20T03:02:38Z,👍🏻
nr_gLFbY7w8,@ngasaltv8465,2025-09-20T02:56:41Z,Poco versi elite 😂
nr_gLFbY7w8,@loooooqi,2025-09-20T02:56:01Z,Harga segitu design kek poco. Wkkkkk kocak.
nr_gLFbY7w8,@masnue4023,2025-09-20T02:52:37Z,Kek hp mainan ya .. BAGUS??..Enggakk.. Itu Jelek ko..
nr_gLFbY7w8,@ediwijaya1688,2025-09-20T02:51:09Z,Cantik sekali design iphone terbarunya ❤
nr_gLFbY7w8,@DedyMahendra,2025-09-20T02:41:02Z,Kamera ny Kurang lebih aja sama 16promax
nr_gLFbY7w8,@rizalazxx,2025-09-20T02:36:20Z,selalu senang dengan ekspresi abang ketika unboxing xixi
nr_gLFbY7w8,@mame..,2025-09-20T02:33:42Z,"Tahun depan ganti titanium lagi pel, nanti camera plateu di iphone 18 biasa 😂"
nr_gLFbY7w8,@ruanglari,2025-09-20T02:26:39Z,luar biasa iphone
nr_gLFbY7w8,@bryhanarezda,2025-09-20T02:26:27Z,"banyak yang komen desainnya ,,,,tp gak bisa di pungkiri performa nya"
nr_gLFbY7w8,@cavalrymd7152,2025-09-20T02:25:37Z,"Sebagai user ios dari 2016.
Gw udah gak nemu lagi inovasi dari ip, tapi Harganya makin gila gilaan.

Dulu terkesan spesial karena memang berbeda dari yang lain.
Sekarang, fitur dan kecanggihan aja masih dibawah standar android.
Dan ya, setelah ip 14. Aku udah gak ngikutin ip lagi."
nr_gLFbY7w8,@ibaadurrahman3775,2025-09-20T02:22:54Z,Warna andalan sobathape 🌝
nr_gLFbY7w8,@dedelekman96,2025-09-20T02:22:39Z,"Lagi2 ini hanya soal selera, kalau gue pribadi agak kurang oke desain camera seperti ini, seperti terinspirasi dari android. Tapi target Apple bukan bikin orang jadi kagum dg produk barunya, tapi buat orang jadi candu dg produk Apple 😅"
nr_gLFbY7w8,@isntyoutuber8058,2025-09-20T02:22:31Z,iphone 17 😂😂😂😂
nr_gLFbY7w8,@baratbanteryt,2025-09-20T02:16:36Z,itu poco versi yang paling mahal ya bang?
nr_gLFbY7w8,@MuhIchsan-u5e,2025-09-20T02:14:44Z,Kamera bagus mana bang sama pura 80 ultra.?
nr_gLFbY7w8,@GuriPang,2025-09-20T02:11:45Z,Jadinya bener made in india?
nr_gLFbY7w8,@rickyyyy13,2025-09-20T02:07:16Z,tapi Ai nya kalah jauh sama samsung.
nr_gLFbY7w8,@rezaritonga2922,2025-09-20T02:01:12Z,Kaya poco ya...
nr_gLFbY7w8,@ibnuwijaya4035,2025-09-20T01:51:55Z,Warna khas Datsunnya mantap 🔥
nr_gLFbY7w8,@WedusWae-i5r,2025-09-20T01:51:44Z,Pas dual kamera kykny agak patah2 dikit y bang
nr_gLFbY7w8,@laksanardie,2025-09-20T01:46:18Z,5:07 mereka lagi ngapain siang2 panas gitu?
nr_gLFbY7w8,@radityasuhardi3244,2025-09-20T01:42:43Z,Saya gk nemu alesan sih buat upgrade hp lama 15 pro ke 17 pro.
nr_gLFbY7w8,@DwiSulantari,2025-09-20T01:34:28Z,17 pro kaya poco belakangnya. Saya bertahan sama 15 pro aja
nr_gLFbY7w8,@ReinZaka,2025-09-20T01:30:08Z,kyk ada power bank nempal gitu y😢
nr_gLFbY7w8,@PuspoTV,2025-09-20T01:24:02Z,Menurut gw design pro malah oke oke aja. karena akhirnya design Pro berubah sejak 11 pro. Jd at least designer Apple kerja😂
nr_gLFbY7w8,@aldissy3481,2025-09-20T01:14:18Z,"😭 kok agak kecewa yah aku liat ip 17 ini kurang banget bentuknya
Jd pengen pindah ke samsung aja dah"
nr_gLFbY7w8,@LnchzZz,2025-09-20T01:13:39Z,"finishing kayak gini gampang bet ngelupas warnanya, entah lecet/umur/pemakaian, pdhl seri promax sebelumnya finishing glass selalu awet bodynya (kecuali human error)."
nr_gLFbY7w8,@fauziihsan413,2025-09-20T01:08:31Z,masih nunggu ois dipasang dikamera depan
nr_gLFbY7w8,@Zhaofel,2025-09-20T01:05:35Z,"itu center stagenya kan jadi landscape, hasilnya bsa di crop portraid jga ga bang?"
nr_gLFbY7w8,@odikjunior7336,2025-09-20T00:56:50Z,iPocophone
nr_gLFbY7w8,@ferdi_gustian,2025-09-20T00:48:45Z,"Tahun ini gak usah update ke IP 17 promax deh,gak suka bentukan nya,mirip POCO"
nr_gLFbY7w8,@RivanNurzaman,2025-09-20T00:48:40Z,ez skip
nr_gLFbY7w8,@goodway1998,2025-09-20T00:45:10Z,Bang sini aku beli iphonenya
nr_gLFbY7w8,@apocalypse012,2025-09-20T00:44:57Z,UDAH KEK POCO AJA WKWKWK
nr_gLFbY7w8,@erri_imnl,2025-09-20T00:42:05Z,"Tema iPhone sekarang kan liquid glass ya.. kenapa iPhone gk bikin hp yg transparan full glass gitu 😂 biar se tema gitu


Terus kalo ngomongin yg mau di adopsi android pastinya center stage kamera selfie itu bakal di adopsi android.."
nr_gLFbY7w8,@rembrantwidya026,2025-09-20T00:40:46Z,"Dipakein casing tebel benerr,kyk tahu sumedang wkwk"
nr_gLFbY7w8,@tanahair1945,2025-09-20T00:39:20Z,Warna orange nya keren apa mgkin terinspirasi dari Shopee
nr_gLFbY7w8,@CaCha-Sky,2025-09-20T00:36:57Z,"sangat"" tidak tertarik.. tidak elegant sama sekali yg 17 pro n promax.. lebih suka desain yg 16pro n promax lebih nampak mewah"
nr_gLFbY7w8,@nandarhunter7796,2025-09-20T00:35:20Z,"bg pas ngerekam ,panas ga hpnya?
apa msih jdi strika 🤣🤣"
nr_gLFbY7w8,@thefool876,2025-09-20T00:22:15Z,Stiker doang ga dapet 😂 padahal pasti ga sampe 1usd 1nya
nr_gLFbY7w8,@SalijanPutra11,2025-09-20T00:19:26Z,NjiR.. POCO
nr_gLFbY7w8,@JojoKim-Z41,2025-09-19T23:55:58Z,Kak iPhone 18 nya kapan bahas?
nr_gLFbY7w8,@yusvariharzairawan3525,2025-09-19T23:54:37Z,HP POCO ?
nr_gLFbY7w8,@andrysunandry7281,2025-09-19T23:53:20Z,"iphone 17 pro klo Casing transparan jelek ya..
g kaya Model sblum'y
jdi harus casing'y nutupin sebagian Bam, Bntuk Kamera, Baru Bagus"
nr_gLFbY7w8,@ajid_id,2025-09-19T23:52:58Z,Agak kecewa sih Bang video unboxing kali ini gak ada adegan salto karena gak dapat stiker
nr_gLFbY7w8,@hkmdave7481,2025-09-19T23:34:41Z,kok tidak beli yg iphone air?
nr_gLFbY7w8,@Agoenk68,2025-09-19T23:32:53Z,Exposure dagunya yg mencolok 😅
nr_gLFbY7w8,@farellivan2532,2025-09-19T23:32:17Z,Sekip deh gasuka desainnya 😂 ga da perubahan besar tetep di ip 16 pm
nr_gLFbY7w8,@PanjiBp-z4v,2025-09-19T23:20:31Z,"P55 5g nyimak bg
Ikut senang 17 base udah 256 + 120hz 
2 tahun lagi bakalan murah cik"
nr_gLFbY7w8,@riqobdanufansyuri3261,2025-09-19T23:01:26Z,Desainny jelek bingittsss kek HP poco 😂
nr_gLFbY7w8,@uno_maruno,2025-09-19T23:01:10Z,"Mungkin gak sih apple gak buka toko di Indo karena ada importir umum yg pegang merek apple di Indonesia bikin deal supaya mereka gak masuk secara langsung? biar toko2 ini tetep bisa cuan terus, dan mereka gak bertanggung jawab layaknya toko apple resmi untuk purna jualnya. Apple merasa aman dan nyaman juga tetep bisa jual produk tanpa urus garansi secara langsung, gak ada alasan untuk buka toko resmi di Indo"
nr_gLFbY7w8,@Mahardhika45,2025-09-19T22:38:59Z,Keren orange nya maksut nya kayak di Watch ultra ya… 👍🏼
nr_gLFbY7w8,@AExAllboy,2025-09-19T22:30:41Z,"lu diliatin am org bukn krena hp ny bang,tpi krena heran kok katrok bnget ya org ini😅😂"
nr_gLFbY7w8,@BrendiBernadya,2025-09-19T22:29:16Z,"Jaman sekarang jarang sih smartphone yg pakek warna"" mencolok kyk"
nr_gLFbY7w8,@JapanAcc-p1h,2025-09-19T22:25:01Z,"jujur aja ndra Klo itu hp bentuknya JELEK, ya setidaknya ke tolong karena mereknya apple😂😂😂"
nr_gLFbY7w8,@apapunamanya12345,2025-09-19T22:12:39Z,"Gue kira desain camera bump nya bakalan kaya case ijo itu. Tetap kotak tinggal tambah sampingnya jadi ngebentuk huruf 'i'

Kayaknya disain begitu next dipake sama HP androcin. Trus mereka dg bangga nyebut berinovasi."
nr_gLFbY7w8,@MeliaPropolis46,2025-09-19T22:09:52Z,Sholawatin aja dulu 🤲🤲
nr_gLFbY7w8,@MrBig-qr9qq,2025-09-19T22:07:50Z,"Apa cm Aku ya yg gak Antusias ama iPhone lg,pakai sejak iPhone 3GS,smp 14 Pro,dan beralih ke OS sebelah,gara gara iPhone kurang inovatif,Smart Phone yg gak Smart,AI payah,tiap kali up date OS selalu timbul masalah baru,dll"
nr_gLFbY7w8,@ekobambang6794,2025-09-19T22:03:21Z,Merek tasnya apa bang. Keren banget
nr_gLFbY7w8,@komangtriindrawan664,2025-09-19T21:52:53Z,Belum juga ada 3 blm beli 16pm .. skarang udah kluar 17 .. capek juga ngikutin jaman ya .. cukup di 16 ajalah 😊
nr_gLFbY7w8,@imzios,2025-09-19T21:44:26Z,Selera massmobi nih aipoco 17 pro. Poco yang pake ios 😂
nr_gLFbY7w8,@gayuhadisusetyo2617,2025-09-19T21:36:23Z,Btw kenapa pada milih beli di Thailand ya? Padahal kalo gua compare sama ringgit harganya murahan ringgit. Pro max 256 aja bisa selisih 1.8juta
nr_gLFbY7w8,@dedythoedoric4621,2025-09-19T21:07:30Z,jelek
nr_gLFbY7w8,@alitkumara6510,2025-09-19T21:00:14Z,Bg ada iphone gak kepake satu
nr_gLFbY7w8,@danielssaputra1664,2025-09-19T20:59:16Z,"Temennya kek satpam, pakai kemeja item masker item rambut cepak wkwk"
nr_gLFbY7w8,@iamisworo,2025-09-19T20:42:41Z,"6:23 itu yang dipegang jakun bang, bukan dagu yg nonjol dileher"
nr_gLFbY7w8,@iamisworo,2025-09-19T20:36:21Z,"Material aluminium di iPhone 13 15 Bezel Framenya itu gampang ngelotok kalo dipakaiin case terus. Kadang gada dent pas buka case mau bersihin jadi ada dent. Gak pernah jatuh ga apa wkwk
Gak heran si, sejak jaman jamur di iPhone 6s plus, 7 dah ngalamin. Di iPhone 8 malah parah. Udh paling bener di stainless atau Titan harga naik dikit gpp drpd aluminium yg rentan penyok serta goresan cat"
nr_gLFbY7w8,@TonyNugroho-q2q,2025-09-19T20:35:51Z,Mau warna apapun ujung2nya di casing in
nr_gLFbY7w8,@adheensfpv,2025-09-19T20:28:32Z,No comment.. 🤣🤣🤣
nr_gLFbY7w8,@ytcranky9546,2025-09-19T20:26:45Z,Bang bahas rumor iphone 18 dong
nr_gLFbY7w8,@lutfifauzi9123,2025-09-19T20:10:38Z,"Masih nyaman di 16 pm, semoga ip 18 gak lawak kaya 17 😅"
