Username,Tanggal,Komentar,Aspek,Sentimen
@Moto-melove,2026-01-23T03:47:24Z,"nunggu secondnya, siapa tau ada yg jual 25rb 😂😂",Umum,Netral
@Widyaayu로그,2026-01-22T04:40:58Z,Jadi mending iphone 17promax atau Samsung Fold 7 guys?,Umum,Netral
@Eaudegimik,2026-01-22T04:04:22Z,Adooooh kameranya trnyata lbh bagus 16 pro,Kamera,Positif
@Cheesse200,2026-01-14T08:00:17Z,"Saran dong, aku baru beli ip 17 ni",Umum,Netral
@Undi-k2f2b,2026-01-07T01:47:02Z,Kk review ip 17 mini,Umum,Netral
@M.H.B_90,2026-01-06T16:38:20Z,"Gue baru beli diakhir tahun kemarin. Buta bgt soal iphone 17. Datang ke toko, bilang mau iphone 17. Tadinya mau yg putih, tp adanya yg sage, cakep jg. Setelah beli baru liat review 😂",Umum,Netral
@CeritaZehan20,2026-01-06T03:50:21Z,Malah seperti hp mainan 😂😂,Umum,Netral
@Adesari02,2026-01-06T01:28:40Z,"Aku mau beli yg sage jd mastiin dulu liat video ini, oh sage emg kalem warnanya fix sih beli sage aja 😂 apple koq bisa2nya promax dikasi wrn gonjreng bikin sakit mata😢 malah bagus2 wrn yg 17 basic daripada yg pro-promax nya 😂",Kamera,Positif
@zendratonga,2026-01-06T01:13:44Z,Yang 17 promax kok ndak buat konten,Umum,Netral
@amalik2554,2026-01-04T22:56:12Z,Bentuk sama warna nya kek gameboat yg sering gua maenin pas kecil😂,Desain,Netral
@Sutana-id8qh,2026-01-04T13:50:47Z,Ip 17 pake charger 30 watt boleh ga yaa ?,Umum,Netral
@甘いみかん-e9n,2025-12-30T07:50:22Z,Warna orange sony ericsson walkman series 🙈,Desain,Netral
@krisnaartandinteriorentert007,2025-12-30T00:11:38Z,Cuma bisa pengen doang belum mampu beli 🥲,Umum,Netral
@fahrizalsyahdan0234,2025-12-29T10:19:47Z,Bang bahas iPhone air dong,Umum,Netral
@72054589,2025-12-27T09:00:55Z,"IPhone 17 pro max aslih, gak menarik",Umum,Netral
@wiwid_green,2025-12-27T06:36:54Z,"Biasanya gak tertarik sama iPhone, tp karena suka warna ijo kok ya jadi tertarik karena warnanya... Tp mikir lg😅. Ini ato emas 😅🤦.",Desain,Positif
@raffelahmat5533,2025-12-26T15:16:45Z,Harga mehong apa sih yg di jual,Harga,Netral
@UCHIHA-NABZZ,2025-12-26T08:03:18Z,Aku yng pake Infinix aja 50 mp,Umum,Netral
@danw4279,2025-12-26T04:49:42Z,Pro resnya ga nyala bang,Umum,Netral
@BadSaves,2025-12-25T09:02:02Z,"aaaaa bingung mau 17 apa 17 pro, tapi kok 17 pro aga yellow ya kameranya? apa karena layarnya??",Kamera,Netral
@Jiejiell,2025-12-25T03:06:18Z,Mening hp ijo yg itu kasih aku bang🙇🏻‍♀️🙇🏻‍♀️,Umum,Netral
@yumecintaameterasu8876,2025-12-24T13:56:27Z,kalau hp buatan cina itu cpt rusak,Umum,Netral
@victormangarek3003,2025-12-23T05:47:34Z,ip17 basic alternatif  setara dengan hp android apa ? ada saran ?,Umum,Netral
@dhiafasyakirin8929,2025-12-23T02:01:19Z,Ijo Sage Best yaqin,Umum,Positif
@KembangTrotoar,2025-12-22T23:39:20Z,"udah dua kali pake ip dari 12 14 smpe kini udah agak bosan sebab layar nya masih ada tompel belum berubah dari jaman dulu ,sedangkan merk lain udah full screen ,bahkan ada hp baru yg kamera depan tidak kelihatan alias sembunyi dibalik layar",Kamera,Netral
@dress2feelpretty,2025-12-22T17:54:42Z,Harga iphone 17 di indonesia berapa ya?,Harga,Netral
@ninooroffice5394,2025-12-21T05:14:09Z,Wishlist bgt.. bentar lgi ultah.. please ad yg kasih ini Hp😊,Umum,Netral
@muharif2258,2025-12-16T09:12:15Z,Tutor live ganda di facebook pakai 17 basic,Umum,Netral
@lindhayanthi2023,2025-12-15T16:08:59Z,Kan dia review hp yah trus klo udah di review apakah akan di jual atau gimna(bertanya dg soft spoken),Umum,Netral
@mlhedon,2025-12-15T10:59:37Z,speaker pindah ke kiri🥹🥹,Umum,Netral
@messijuli778,2025-12-15T02:08:16Z,Pajak Rp: suka2,Umum,Positif
@wire157,2025-12-14T12:38:56Z,Sebagai penggemar zoom di iphone pro saya kok gak yakin hasil 17 pro😢😢,Kamera,Netral
@uta_utari,2025-12-12T07:31:50Z,"Bagusan warna biru njer,menarik sih semoga bisa kebeli deh.",Desain,Positif
@annasetia4,2025-12-11T15:15:54Z,Ko kameranya bagusan 16 pro,Kamera,Positif
@DsafraaaVerdi,2025-12-10T02:57:22Z,BG bagi dong IP 17 nyaa gua udah subscribe ❤❤,Umum,Netral
@NurKhalid-d3t,2025-12-09T12:36:12Z,Saya mau bang,Umum,Netral
@mekshaaqlate673,2025-12-09T12:22:53Z,Keren.. tapi jelek amat warna nya. terang menerang 😂,Desain,Negatif
@sriindah5046,2025-12-08T22:00:17Z,Fitur biasa jd luar bisa ketika ip yg punya wkwkwkwkwk,Umum,Netral
@elismansitumorang9454,2025-12-08T19:19:39Z,"Aku udah lama nunggu iPhone terbaik, tapi nunggunya yang subsidi aja KLO ada nanti
😂😂😂😂😂",Umum,Netral
@adamsyahril2190,2025-12-08T11:27:22Z,"Saran dong, mending iPhone 17 reguler, apa iPhone 16 pro nambah 300-400rb??",Umum,Netral
@FitriYani-jb5vb,2025-12-07T19:33:21Z,Makin sini kok makin pelit sih si iPhone,Umum,Netral
@madelouies24-k7m,2025-12-07T12:22:27Z,Kapan di riview bang iPhone nya ?,Umum,Netral
@aldinurhafidz7141,2025-12-06T10:09:07Z,Nunggu iPhone 20 Aja Nanggung,Umum,Netral
@diycrafting66,2025-12-06T03:35:00Z,"menurut gw cuma Chanel ini yang agak berani review tiap brand memperlihatkan ketidak sukaan nya, bukan hanya muji2 saja... 😂",Umum,Netral
@elinnun,2025-12-06T02:27:26Z,warna dynamight deku,Desain,Netral
@ekonuroctavianlubis1617,2025-12-05T19:56:49Z,"Bang David kok kalau review iPhone ga pernah bahas baterainya kalau dipakai streaming habis berapa%, buat MLBB berapa, buat Genshin berapa, trus ngecharge nya sekian menit keisi sekian persen .. ? Kalau Android kan biasanya detail tuh 😁",Baterai,Netral
@williamzhang915,2025-12-03T01:40:57Z,review nya kayanya belom keluar ya ?,Umum,Netral
@fadilla308,2025-12-03T00:21:31Z,Pajak ngga ngotak,Umum,Netral
@Kristian_dodi,2025-12-02T16:24:19Z,"semoga bulan ini beli kebeli ya allah, amin ❤️",Umum,Netral
@nataliafransisca9247,2025-12-02T15:00:43Z,"Kak mau tanya, kalau kepala charger utk ip17 promax bagus anker atau u green?",Umum,Netral
@AgusAja-j7o,2025-12-02T06:19:39Z,Apa faedahnya 😅 beli hp mahal mahal wk lancar buat ngegame aje Uda Seneng banget gw,Baterai,Negatif
@luckyarjuna7900,2025-12-01T17:08:10Z,"Kerja Gaji Gak Seberapa.. 
Sementara Biaya Hidup Itu Sangat Mahal..
Pemasukan Sedikit. 
Sementara Pengeluaran Banyak.
Dan Apa Apa Serba Mahal.. 
Sungguh Gak SeBanding.. 
JanganKan KePikiran Buat Beli Iphone.. 
Buat Kebutuhan Sehari Hari Aja Susah..",Baterai,Negatif
@MrAri-gi1kj,2025-12-01T06:24:20Z,Unboxing air pad17pro bag,Umum,Netral
@JC-sc8rw,2025-12-01T06:06:34Z,Poco be like : krn saya murah aja ya,Harga,Netral
@AldoKidsTV,2025-11-30T17:19:03Z,Pajaknya doang segitu😂 kaya bgt,Umum,Netral
@dimassantui,2025-11-30T10:02:30Z,17 pro vs 17 pro hdc david,Umum,Netral
@KacofySkinBeauty,2025-11-30T03:40:28Z,Charger ip 17 pakai apa bang yg worth it,Harga,Positif
@Cundamani-t4c,2025-11-29T23:14:00Z,"Di Singapore iphone pro max 1.900$  256 gb lbh dikit, aku takut bawa balik indo ntar kena pajak mahal.... 😢 kalo mau 2tb 3100$  
Yang pro  256 gb 1750$",Baterai,Negatif
@Penerbang_roket,2025-11-29T15:06:13Z,"klo yg iphone 17pro itu, warna orange terinvirasi  dari warna pabrikan motor KTM tim orange 👍 mantap sih warna nya GG abis, lain dari yg lain dan hanya iphone 17pro yg make warna orange, nice...",Desain,Positif
@zvrstfx,2025-11-29T11:12:56Z,25:00 vibesnya kek perampok wlwkw,Umum,Netral
@meow-kucheng,2025-11-29T09:33:12Z,Iklan doang 😂,Umum,Netral
@SebastianTisten-eu3he,2025-11-26T13:04:21Z,Justru bagus warna 17 pro,Desain,Positif
@Tataian-y1q,2025-11-26T05:04:04Z,Kapan oi reviewnya,Umum,Netral
@barikmuhammad1714,2025-11-25T13:56:35Z,Warna Jackmania banget ya,Desain,Netral
@mmhusein7161,2025-11-24T11:35:35Z,kapan video review nya,Kamera,Netral
@YasminMumtasya,2025-11-24T07:43:18Z,"menurut ku sih yang iphone 17 bagus kamera nya jernih,Zoom nya bagus dan pas kk coba vidio dia gk ada edit filtur sedikit pun. jernih kameranya nya",Kamera,Positif
@Emotbatu98,2025-11-23T15:31:41Z,Paling senang liat hijau sa*ge😍,Umum,Netral
@fikriekanandaa,2025-11-23T10:44:52Z,Bismillah semoga kita tahun depan bisa upgrade hp ke iphone 17 pro aamiin,Umum,Netral
@janelindsay7327,2025-11-22T17:52:27Z,"Ya ya ya, bukan cuma saya yg ngelihat warnanya rada gengges. Pertama kali pilih varian iphone, langsung kepincut ip 17 base. Dari segi design simple, elegan dan menurut saya lumayan handy dan pilihan warnanya masih kalem dan ok. Gak gonjreng!",Desain,Netral
@firmanjuma,2025-11-21T07:06:56Z,Biru atau hijau ?,Umum,Netral
@fahrizalradiansyah6164,2025-11-21T00:15:03Z,mana reviewnya 😂,Umum,Netral
@salsabilasocia,2025-11-20T08:47:20Z,Bang kapan review ip17 base modelnya. Lagi pertimbangin ip17 256gb vs ip15 256gb,Performa,Netral
@SupplierKomodity,2025-11-19T23:43:09Z,cara beli second hp gadget in gmn,Umum,Netral
@clarissa_1234,2025-11-18T00:19:11Z,nungguin review lengkap ko david ttg iphone 17 ini kok gak nongol2 yah?? apa cuma ini aja? 🥺,Umum,Netral
@yustikatalenta4915,2025-11-17T08:41:46Z,Mending 17 basic atau 16 pro?,Umum,Netral
@OnlineNugi-h4i,2025-11-17T03:54:55Z,"Soal foto kalau yg ak amati ya. Misal ad perpindahal dari 2 ke 3 gt contohnya. Nnti di agak ngeblur dikit tp klu udah smpe di 3 dia jernih lg tp klu masih di 2,8/2,9 gt dia kya cba ad peralihannya contoh ny kya muter lensa gt lah paham g sih gt lah pokoknya😅😅",Kamera,Netral
@atalyadeleon8636,2025-11-16T12:18:53Z,"bang bahas topik security hp bang, dan buat antisipasi hp dimaling, per brand hehe",Umum,Positif
@bayantini8935,2025-11-15T15:41:44Z,aku tidak suaka....aku tetap 13...pro,Umum,Netral
@raysharania5217,2025-11-15T12:47:32Z,Kak David unboxing laptop advance dong,Umum,Positif
@silabanjavabry3785,2025-11-15T12:46:29Z,"Coba bang
Ip 16 promax vc ip 17 promax",Umum,Netral
@aburosyidah,2025-11-15T06:59:07Z,selamat anda membuat saya iri,Umum,Netral
@NanaSusanto-g4m,2025-11-15T04:39:05Z,Sm huawei bgz mn bang??? Nnt di bandingin bang,Umum,Netral
@ShalehHajrah,2025-11-15T02:43:05Z,Ka bagusan recommend MN 16 pro te 17 basic ka,Umum,Positif
@RISKI_SUKA_RENDANG,2025-11-14T17:43:11Z,Pajak setara dengan hp bagus 🗿,Umum,Positif
@jayaqihaje313,2025-11-14T17:12:19Z,Bg bikin rekomendssi hp 1 jta zampe flagship,Performa,Netral
@footballGame16,2025-11-14T13:54:40Z,"Masih setia dengan Oppo a33 2020😂 bukan nya gak mau upgrade tapi pengen aja marah-marah tiap hari karena hp ini ,maen game dls aja berat apalagi etusbol😂😂😂",Performa,Netral
@Dudung757,2025-11-14T04:57:54Z,17 pro dari belakang kayak HP mainan 😂😂😂,Umum,Netral
@reviewapaajadeh3079,2025-11-13T16:47:34Z,Langsung BATAL BELI GW abis liat david review iphone 17 pro .. hasil fotonya burik trnyata,Kamera,Netral
@mogami-san4012,2025-11-13T15:10:20Z,29:47 ini aku diang atau foto di iPhone 17 pro agak kekuningan,Kamera,Netral
@yasinnnn-x1x,2025-11-13T09:46:51Z,"Review hp 10%
Nyebut hijau sage 90%",Umum,Netral
@tarumajaya32,2025-11-12T15:59:16Z,"Gw yg udh nyobain 16 up ke 17 pro asli kameranya lebih ok yg 16, lebih detail sepertinyg di review, 17 pro udh kaya kena filter lebih halus, dan warna layar lebih kuning dibanding 16",Kamera,Netral
@cindyhargitas6240,2025-11-12T13:49:04Z,Ko david selain iphone 17 yang worthid dibeli tahun ini yang mana?,Umum,Netral
@OFFICIAL_DODOL-h7v,2025-11-12T09:55:41Z,Mudah mudahan bisa beli🙏,Umum,Netral
@BayuSahputra-n8v,2025-11-11T10:08:45Z,"Gilak pajak ipon 2...unit..8jt lebih,,,x ribuan unit,,njirr kaya pejabat(babu rakyat)",Umum,Netral
@andreasiniesta1338,2025-11-10T03:57:01Z,"jangan bilang hijau miskin bang, TYM",Umum,Netral
@KadekRestu-p2v,2025-11-10T03:05:38Z,Poco x17 pro max🗿,Umum,Netral
@Gobedlia1933,2025-11-10T00:22:44Z,Bang David cek nubia redmagic 11 pro+,Umum,Netral
@marwahsaridewi2692,2025-11-09T04:42:42Z,Bang review infinix xpad 20 pro donggg🙏🙏🙏🙏,Umum,Netral
@DOLAN_93,2025-11-09T03:24:24Z,31:45 jarang² youtuber ngomong gitu david doang yg berani,Umum,Netral
@tandytanz,2025-11-08T22:19:41Z,apakah udah setting Camera preServe nya dinyalain semua? defaultnya 17 itu kan 24 mp jd harus d set ke 48 MP kalo misal default setting ya sama aja kek 16 la. soalnya default settingnya itu untuk optimalisasi storage biar ga terlalu boros size filenya,Baterai,Netral
@channelHeru1789,2025-11-08T07:38:48Z,Kls kapan bisa beli aku,Umum,Netral
@SuhartoReksoJudha,2025-11-08T05:23:07Z,"motor trail KTM.. 
.. orange ... 

matching.. ❤",Umum,Netral
@fllweryesmin,2025-11-07T12:04:03Z,"Kurang suka juga sih sama warna 17pm tapi it's okay, bisa ditutup case. Alhamdulillah Minggu depan IP 17pm aku Dateng sebagai hadiah untuk diriku❤",Baterai,Positif
@adhigunanugraha3020,2025-11-07T01:29:33Z,masih belum ada review khusus nya ni,Umum,Netral
@AzwLa,2025-11-06T23:55:01Z,Hanya iohone 15 dan 16 yg desainya mewah elegean. 😂 Kayaknya aku malu deh megang iPhone 17 soalnya kaya bukan hape poco poco hape nya Xiaomi entry oevel😂,Desain,Netral
@AlmightyWren,2025-11-06T22:26:33Z,Aaaaaa baru beli 16 pro dan masih gamon sama 17 basic karena sempet galau milih antara mereka 😭 please yakinin tapi buat ngonser masih worth it 16 pro kan... 😭😭😭,Harga,Positif
@percpaws,2025-11-06T18:06:41Z,"nonton video ini pake ip 13, semoga bisa menonton lagi memakai iphone 17 pro max aminnn",Kamera,Netral
@ibnuathoillahas-sakandary3052,2025-11-06T14:46:14Z,25:03 kayak POCO 😂,Umum,Netral
@ibnuathoillahas-sakandary3052,2025-11-06T14:45:08Z,"DAVID pengen bilang warna oranye iPhone JELEK, tapi ga enak aja bilangnya 😅😅😅",Desain,Negatif
@ibnuathoillahas-sakandary3052,2025-11-06T14:42:07Z,Kayak hp China gak sii 😅,Umum,Netral
@WicardaSand,2025-11-06T11:52:24Z,"Wah, review-nya jujur banget. Dompetku langsung bergetar pengen beli 🥲 ᴋᴜʀɪʀꜱʟᴏᴛ",Umum,Netral
@JEVRYNEO,2025-11-06T10:57:24Z,nonton video ini pake android 😢😢,Kamera,Netral
@its.moonie213,2025-11-06T09:05:07Z,"jadi mending ip 16 apa 17 ya, masih bingung",Umum,Netral
@Abihtemborotomaychannel,2025-11-05T13:01:52Z,BANG RIVEW KAN DONG KAMERAH VIDIO HP REALMI 15 PRO GAME OF THRONE KAN WAKTU ABANG REVEW KEMARIN KAMERAH VIDIONYA BLM ABANG SEVILKAN,Kamera,Netral
@anggarasutisna7031,2025-11-04T23:47:04Z,"Dari dulu pake iphone 6😁diejek temen ini itu, pas juli 2025 langsung ganti smsung s24 ultra",Umum,Netral
@PangJia-lg6xp,2025-11-04T16:12:06Z,G jadi beli ah,Umum,Netral
@xham6231,2025-11-04T06:03:40Z,"dari 5,7plus,XR,14pro (last lah udah paling mantap) cape banget ngikutin iphone jing 🥲",Umum,Positif
@roifnurwahid2080,2025-11-04T05:42:03Z,lagi liat riview iphone 17 promax nontonnya pake iphone 17 promax😊😊😊😊,Performa,Netral
@ConfusedBeachHammock-kg3vc,2025-11-04T03:08:12Z,Sampai Googling arti Sage. Ternyata tanaman obat herbal. Nice.,Umum,Netral
@inamfadlillah7904,2025-11-03T01:44:06Z,"Model nya jadi norak, bagus model lama",Umum,Positif
@rezhainakaro,2025-11-02T22:25:54Z,Jadi ingin merasakan teknologinya 😊😊,Umum,Netral
@SariYogaSwastiani,2025-11-02T03:42:54Z,menunggu review ipadnya jugaaaa😁,Umum,Netral
@AzwLa,2025-11-02T01:36:22Z,Knpa iphone17 pro kaya hape poco yg murah😂😂😂😂😂 desain belakang nya,Desain,Netral
@ziefebian9380,2025-11-01T07:47:55Z,Relate bgt jirr warna ijo tembok org miskin😂😂😂😂😂,Desain,Netral
@AlfaRiansyah-h3i,2025-11-01T01:42:28Z,Di luncur langsung beli 1:03 😊,Umum,Netral
@DyiauddinTorjun,2025-11-01T01:03:16Z,Warna gak suka sekali,Desain,Positif
@qemherlambang502,2025-10-31T22:27:18Z,"Kasiann ,, orang miskin akan senyum liat ini... 😂😂😂",Umum,Netral
@miru0202,2025-10-31T18:16:09Z,bismillah tahun depan,Umum,Netral
@oficialwanda_ku988,2025-10-31T17:14:13Z,Bang seneng banget jadi kamu rejekinya lancar sehat selalu.beda dg saya harus berusaha sekuat mungkin jadi TKW padahal seorang istri.😭😆doain ya bang rejekinya sama kaya Abang sehat sll,Umum,Netral
@chiikal30,2025-10-31T08:43:11Z,Bang itu hp Poco 17 pro ya,Umum,Netral
@andikoko6550,2025-10-31T07:12:08Z,Ijo EN u,Umum,Netral
@fauziahmade2795,2025-10-30T21:08:06Z,Pasar dipaksa nerima desain iphone yg skrang gk sih😂semoga nasib nya gk jadi ky brand suzuki yg kualitas bagus tpi desain aneh,Desain,Positif
@Katatiana,2025-10-30T16:07:31Z,Q juga lagi mikir soal warna. Mulai I phone 6 plus 8 plus 11 .13 pro .skrg 15 pro pengen up 17 pro tapi kalau sama warna . Putih dah biasa mau oren kok ya jlk 😂betul kata David dia hy unik,Performa,Netral
@FadliRizq12,2025-10-30T14:57:15Z,"🤓""120hz iphone = 1000hz android""",Umum,Netral
@sandialdrian2784,2025-10-30T13:22:22Z,Di bandingin sama bungkus kacang😢😂,Umum,Netral
@antonraharjo84,2025-10-30T08:41:33Z,info bang.kalau seperti adaptor 40w dynamic power adapter with 60w gak ada di ibox dan deler lainya. untuk beli di web nya apple gimana caranya ya.sdh tak coba mentok di alamat.mungkin ada cara lain.dan softcase nya juga pada kosong kadang.pliss,Baterai,Netral
@MNiam-bb1nl,2025-10-29T19:13:45Z,Guys doain gua punya uang 100m sebelum umur 30 tahun ❤❤,Umum,Netral
@HusnudLinda,2025-10-29T14:35:18Z,bang ga mau kirim iphone2 bekas reviewan nya apaaaahhh 😅,Umum,Netral
@DogmaPuppet,2025-10-29T12:36:28Z,"25:01 Segel Orochimaru di leher Sasuke.
Obat nyamuk Tiga Roda.",Umum,Netral
@GhifariNaufall,2025-10-29T10:04:57Z,❤iphone 17 pro max 2tb black,Umum,Netral
@mayurimayura,2025-10-29T08:58:07Z,Eh tp sama gak sih kayak kasusnya 13 pro/promax sama 14 pro/promax. Soal camera bagusan seri 13 drpd 14.,Umum,Positif
@ZENTHOR7,2025-10-29T04:35:00Z,kpn reviewnya bang,Umum,Netral
@mariaagista2937,2025-10-29T03:20:15Z,Liat vid ini sambil pake ip 17pro 😅,Umum,Netral
@NovaYudhaA,2025-10-29T02:03:46Z,jadi tau bisa fitur anti tema aplikasi jadi transparan wkwkwkwkwkw,Umum,Netral
@YusRizal-k9d,2025-10-28T20:39:10Z,"Pajak 9 juta, itu pajak loh. Mending kasih ke orang yang kurang mampu",Umum,Netral
@neurozuno,2025-10-28T16:49:39Z,wokwowk iya lagi dipakein case tertutup malah jadi POCO 🤣,Baterai,Netral
@desykumala.n3869,2025-10-28T11:36:35Z,Di jual gk sii habis di review,Umum,Netral
@suparmanyogyakarta,2025-10-28T10:37:35Z,Yogyakarta Indonesia hadir,Umum,Netral
@rendyachmadsyukur,2025-10-28T05:55:45Z,Mantap bang David,Umum,Positif
@Cinta-pr6io,2025-10-28T01:07:15Z,Iphone selalu ketinggalan jaman soal tekhnologi setelah Android😂,Umum,Netral
@dediirawan1599,2025-10-27T19:12:39Z,Hp Orang Bergaya Hidup Mewah Ini..,Umum,Netral
@aditrafalgar3253,2025-10-27T14:54:39Z,Udah sampai iphone 17 aja bentuknya masih ngebosenin 😅cuman beda warna doang,Desain,Netral
@CP9FFF,2025-10-26T15:31:36Z,13:30 iphone 15 PM juga bisa,Umum,Netral
@DoniArbani,2025-10-26T14:36:41Z,salpok sama merek nya momok,Umum,Netral
@Ramonaiverson222,2025-10-26T13:28:36Z,Hmm ternyata ip 14+ ku tidak begitu buruk wkkwwkwkwk,Umum,Netral
@MasyhudButon,2025-10-26T13:19:33Z,ekspresinya kayak nyesal gitu beli i Phone 17 Pro,Umum,Netral
@adhigunanugraha-b9i9j,2025-10-26T10:29:08Z,blm ada review full nya bang,Umum,Netral
@greenlandfamily-m5g,2025-10-26T07:12:15Z,"20:38 aku tau nyindir siapa Timothy 👉🏻🫩🤕
David ✋🏻😊👉🏻🤣🫢",Umum,Netral
@kampungdurianruntuh2600,2025-10-26T05:06:01Z,Kalau cari pengakuan iPhone 17 pro/max warna oranye memang terbaik,Desain,Netral
@saldijanuar21,2025-10-26T03:19:59Z,koplok ijo miskin😅😅😅,Umum,Netral
@fionaelkhansa6510,2025-10-26T03:08:39Z,ip 16 pro / 17 base ya,Umum,Netral
@ttrisamuel,2025-10-26T02:10:04Z,Jadi flash back duluuuu 2007 punya sony Ericsson walkman warna orens 🫶🏼🥹,Desain,Netral
@fitrihandayani2307,2025-10-26T01:49:23Z,"Mau nanyaaa buat yang pernah pake iPhone dan Samsung seri flagship, mendingan mana sih?😭",Performa,Netral
@maya_anggraini8656,2025-10-25T16:42:26Z,Belum tayang bang riviewny?,Umum,Netral
@Sidney7919,2025-10-25T15:53:45Z,Bukannya yang ijo Sage perasaan itu iphone 16,Umum,Netral
@budieratmawan3329,2025-10-25T12:55:55Z,"Dua varian:
17 Polos (thai green tea)
17 Pro Max (thai tea)",Umum,Netral
@jokobodo4696,2025-10-25T07:41:14Z,bacanya koq sa ge??? baca seij lah,Umum,Netral
@riskanurlaelani2147,2025-10-25T04:55:51Z,Banyak duit si abanggg,Umum,Netral
@longlife1126,2025-10-24T17:51:03Z,"Di lihat dari belakang, Kok jadi inget nokia n8 Symbian",Umum,Netral
@elanadiatnr331,2025-10-24T17:36:19Z,3:05 hijau missqueen g tuh 😂😂,Umum,Netral
@FarisLukman-zl7iz,2025-10-24T15:49:39Z,"Di tempat gua.. Yang pake iphon kebanyakan pegawai yang gajinya di bawah umr .. Klw pengusaha dan pembisnis yang udh punya mobil dan rumah mereka pake hp samsung dan ovvo,.. Gua iseng tanya kenapa gak beli iphone kan udh mampu.. Jawabanya tujuan mereka cari duit di dunia nyata bukan pamer hp yg setiap tahun, berlomba lomba ganti ke iphone terbaru.. 😂",Baterai,Netral
@FarisLukman-zl7iz,2025-10-24T15:43:25Z,"Iphone udh ke 17 aja ni. 
Perasaan gak ada perubahan besar dari tahun ke tahun.. Tpi harga bekasnya anjlok",Harga,Netral
@rezwaazrililhamsiregar1253,2025-10-24T10:54:53Z,"PILIH YANG SERIES GENAP, Series Ganjil emang selalu cobaan, Iphone 12, 14, 16, Jangan ke 17 nanti kalau pengen upgrade ke Iphone 18",Umum,Netral
@wahyurifai-f6f9k,2025-10-24T06:09:49Z,"nonton dulu aja, gatau belinya kapan",Umum,Netral
@ferryrisettoz5698,2025-10-24T04:03:18Z,"cuma mas david yg transfaran dalam menyampaikan fakta.
tengok in aja dulu vt nya , krn aku masih nganggur dan cm pake Realme 6 .
mau beli , belum ada duit soalnya",Umum,Netral
@MagdalenaSihombing-t3x,2025-10-24T03:01:58Z,Samsung S25 ultra : terbahak bahak😅,Umum,Netral
@emmaae457,2025-10-24T02:39:14Z,Herannya tetep laris,Umum,Netral
@inkdesign7,2025-10-23T13:19:06Z,"Kesan sy sih, biasa aja 😅",Umum,Netral
@MisbahBoysaputra,2025-10-23T12:31:13Z,S̤a̤l̤a̤m̤ k̤e̤n̤a̤l̤ b̤a̤n̤g̤.̤.̤d̤a̤v̤i̤d̤ g̤a̤n̤t̤e̤n̤g̤,Umum,Netral
@MellaMorgen,2025-10-23T12:08:11Z,AI nya kenapa ga smooth ya .. heran hiks muka menyong2 semua :(,Umum,Netral
@RajfiSkuy6,2025-10-23T11:49:38Z,Review yg resminya jg bang david,Umum,Netral
@asepbayupratama8913,2025-10-23T09:30:17Z,Kayaknya harus bertiga atau lebih orangnya koh david biar auto rotate,Umum,Netral
@sarilestari3213,2025-10-23T00:32:10Z,jd kesimpulannya bagusan 17 atau 16 pro nih ka???,Umum,Netral
@Raaraaay,2025-10-22T20:41:05Z,UPDATE pemakaian IP 17 nya dong bang selama beberapa minggu gimanaaa,Umum,Netral
@belladwiamalia925,2025-10-22T14:44:46Z,Jadi kesimpulannya mending 16 pro apa 17 pro ya bang,Umum,Netral
@Bellatrix-cho,2025-10-22T12:28:30Z,"Riview Apple Iphone Air dong,  desainnya bagus, pengen tau spesifikasi nya.",Desain,Positif
@irmamariam2541,2025-10-22T11:58:27Z,"Iphone klu gak cepat inovasi...bisa senasib seperti Nokia...,itu hanya bom waktu",Umum,Netral
@d_rger2058,2025-10-22T04:19:15Z,"Aslinya iphone itu bisa banget lo bikin kamera yang langsung bagus bgt, tpi sama mereka di komersilkan dengan tipe tipenya, saya analogikan kamera pada iphone 11 harusnya bisa aj langsung bagus seperti iphone 17 tpi mereka simpan kemajuan tsb dan di terapkan pada iphone 17 spy bisa dimonopoli",Kamera,Positif
@indynaqilah2156,2025-10-22T03:51:08Z,"Tolong sarannya🙏🏻 iphone sy 13 pro. Bagus ganti ke iphone 17pro atau google pixel 10 pro. Pemakaian biasa gak main game, tapi lebih focus ke photo krn suka traveling",Umum,Netral
@fathonahannisa8292,2025-10-22T02:39:33Z,Pertanyaannya mending stay di 16plus 128 atau upgrade ke 17basic 256 nih?,Umum,Netral
@cowboyy20,2025-10-22T01:22:28Z,reviewnya kapan bang?,Umum,Netral
@UdangPresto-v9h,2025-10-22T00:48:25Z,"Sebagai user iphone, model seri 17 pro/promax kurang banget. Model 17 basic sama Air masih bisa diterima lah desainnya.",Desain,Netral
@rizkanaufalianzahra1171,2025-10-21T23:23:23Z,Kalo iphone itu lbh bagus series ganjil apa genap guys?,Umum,Netral
@arhun310,2025-10-21T16:47:27Z,Mnurt sy bentuk 17 pro dari blkang terkesan kurg wow..malah nampak  jadul..nampak dri muka bang david kecewa dgn prodak baru ini😂,Umum,Negatif
@maulanaikya8062,2025-10-21T14:10:20Z,I phone 17 pro edisi bitcoin,Umum,Netral
@lastuanabisyaiin,2025-10-21T11:17:55Z,Xiaomi 17 pro max kpn bg?,Umum,Netral
@faturrohman9314,2025-10-21T10:44:38Z,"udh sebulan bang, kapan upload repiwnya?",Umum,Netral
@Andi-veint,2025-10-21T00:19:42Z,nonton review iphone 17 pro pakai hp vivo tapi yg muncul iklannya samsung galaxy 😢,Umum,Netral
@Chibimaru2604,2025-10-20T22:56:39Z,"iOS 26 update an sampah, ganggu koneksi mau update karna masalah koneksi jadi puyeng 7 keliling",Umum,Netral
@nikodemusb,2025-10-20T14:19:03Z,"Bang david, saran dong travel adaptpr yang bagus dan aman untuk iPhone 17? Dan berapa watt. Trimksh.",Umum,Netral
@imulyadi2443,2025-10-20T14:08:24Z,Bang.. Sudah 1 bulan video ini? Ga buat review nya kah?,Kamera,Netral
@sapimae3486,2025-10-20T13:40:45Z,"Hijau miskin? b oung seprei pung wrn ijo kek tu handpone harga Rp.105.000,- mahal ko murah? seprei miskin ko kaya? 😂 br dengar ini istilah dr ini konten e... ""hijau miskin"" br gbr tembok org pu rumah le... 😭💔",Baterai,Netral
@tauruscell,2025-10-20T13:22:10Z,"Bukannya gak mampu beli ip 17, soalnya tanggung baru minggu kemaren saya beli infinix hot 60i 😢",Umum,Netral
@DarkSoul076,2025-10-20T10:49:20Z,Jumlah yang kamu bayar kalau tukar duit Malaysia jumlah harga setiap iPhone campur pajak dekat RM9000..Mahal Oo 😂,Baterai,Negatif
@ALi_MuFiD_M2Chip,2025-10-20T08:50:52Z,6:03 21jt an 2.0 USB nya 😌😌🤭,Umum,Netral
@ALi_MuFiD_M2Chip,2025-10-20T05:44:04Z,Sebulan 3jt view 😌 90% kaum bawah juga pasti. Yang kebelet beli iPhone yang BELUM kesampaian. iPhone 17 series tuh worth to buy sih di akhir tahun 2030,Umum,Positif
@16sxfi44,2025-10-19T19:20:39Z,Jadi kalo soal kamera masi bagusan 16pro max kah guys?,Kamera,Netral
@gadiprmdy1754,2025-10-19T13:55:36Z,Mnurut gw kok iphone 17 basic lebih elegan daripada iphone 17 pro/max ya,Umum,Netral
@Tamstamaaa,2025-10-19T13:10:40Z,Pajaknya 9jt? Wadidaw negeri konoha sanga sejahtera ya 😂,Umum,Netral
@aansetiawan9959,2025-10-19T08:48:27Z,"Nonton aja dulu, belinya bisa kapan kapan",Umum,Netral
@sigitprasetyo9892,2025-10-19T07:47:41Z,"Pajak ,pajak dan pajak 😮",Umum,Netral
@sofiyanti1406,2025-10-19T06:31:43Z,Bang. Kapan Xiaomi 17 prp max,Umum,Netral
@raygasanjaya01,2025-10-19T05:20:35Z,Bungkus snack saya juga warna oren😂 24:49,Desain,Netral
@Isnowek,2025-10-19T01:52:26Z,Dari awal Baru skrg ku geli liat model iPhone terbaru ini,Umum,Netral
@KaryawanBermotor,2025-10-18T15:30:58Z,gila ya kang pajak… gimana gak cepet kaya bea cukai,Umum,Netral
@satriasatwikaanantha,2025-10-18T15:08:54Z,25:03 wkwkwk bangke 😂,Umum,Netral
@tato5102,2025-10-18T13:45:00Z,Wah ternyata masih lebih ok 16 ya… zoomnya memang menang ip 17 tapi 16 got the detail dan cantik…,Kamera,Netral
@aw.family777,2025-10-18T13:32:38Z,belakangnya gak ada premiumnya - keliatan plastik dan murahan di bagian buble cameranya..sangat di sayangkan sih.,Harga,Netral
@reytheheroraw,2025-10-18T11:20:18Z,"Setelah lihat konten ini, kemudian buka web2 vendor seller resmi, komparasi sana sini, kalo ada budget, sekalian beli pro, atau gk basic. Jangan yang Air wkwkwkwkwkwk sumpah jangan.",Umum,Netral
@Rian_PW,2025-10-18T11:18:49Z,fix kamera lebih bagus 16 ketimbang 17,Kamera,Negatif
@SUPINGAN,2025-10-18T11:08:11Z,Harganya berapa ingin tahu saya,Harga,Netral
@bangkhalicah3949,2025-10-18T10:17:48Z,Lebih Adam sih kamera 17..,Kamera,Netral
@bangkhalicah3949,2025-10-18T10:10:23Z,Warnanya gak bgitu bgus trllu mencolok.. bgus warna putih silver atu blue..,Desain,Netral
@komangdeni170,2025-10-18T09:04:34Z,Banyak yg bilang warna orange itu nglupas dia warna nya jadi ilang katanya,Desain,Netral
@cahngapakk,2025-10-18T04:47:06Z,Seperti nya ini poco versi pro😂😂,Umum,Netral
@azkaputrinuraina8067,2025-10-18T04:25:29Z,"Banggg, bagi 1 bangg pliss😢",Umum,Netral
@rienaamelia3926,2025-10-18T02:48:40Z,Setelah melihat desain 17 pro aku makin mantabkan hati utk tetap memakai 16 proku 😅😅,Desain,Netral
@zulfarjan653,2025-10-18T02:47:38Z,jdi nyesell beli yg 16 basee,Umum,Netral
@rifawahyu10,2025-10-18T00:12:09Z,Mending 17 basic apa 16 pro ya ? Soalnya selisih dikit. Tolong jawab yaaa galau nii 😭😭😭😭,Umum,Netral
@dyosnj-bh8vz,2025-10-17T23:16:48Z,Rencana mau upgrade dari 7 plus ke 17 basic,Umum,Netral
@metodiusjuanw7696,2025-10-17T15:43:44Z,itu jamnya juga warna ijo,Desain,Netral
@rasyid125,2025-10-17T14:24:25Z,Makin kesini makin parah ya,Umum,Negatif
@HABIBTANTOWI-nr4oq,2025-10-17T13:36:57Z,Bagusam model ipone 15 sampai 16,Umum,Positif
@anjingtanah1885,2025-10-17T12:19:25Z,Ada yg sama ga si? Makin kesini makin ga fomo beli iphone terbaru?,Umum,Netral
@ErniMukdori,2025-10-17T11:01:28Z,"Warna orange 🍊🍊 di sini di panjang sepanjang jalan.
Krn warna tong sampah 😅😅 
Mau bli yg 17 tpi pengen max pro tpi juga bingung g suka gede bngt yg 17 pro max",Desain,Positif
@alfinosaurus,2025-10-17T10:54:40Z,ijo sage keinget gw dari pixel 5 kalo ga salah,Umum,Netral
@dianayu1846,2025-10-17T03:03:14Z,Kao mau upgrade dari iphone 16pro ke 17pro worth it gak yah?,Harga,Netral
@rahmatkamal7685,2025-10-17T00:11:03Z,bang saran saya buat hasil foto sunset/matahari pas mau terbenam juga dihasil foto❤😅,Kamera,Netral
@bejoowterjalbejoowterjal185,2025-10-17T00:07:43Z,"Di singapore hari ini , 17 pro 256=$1750 512=$2050 1tb =$2350",Umum,Netral
@BROOKLYNYSL,2025-10-16T17:02:37Z,Kamera mantepan 16 pro maxx😂😂,Kamera,Netral
@Rezabilly-m1n,2025-10-16T14:34:29Z,Bismillah semoga bisa beli iPhone biar bisa coba rasain make hp mahal🤲,Baterai,Negatif
@adekruswandi4889,2025-10-16T14:17:44Z,udah sih bang tinggal bilang warnanya norak...ahahahaha jgn nanggung2,Desain,Netral
@tamharputra9044,2025-10-16T12:42:27Z,"apa skip?? nonton David Gadget In skip ga bgt buat gue yg ada kadang gue track back 😭🤣 
klu di suruh pilih gue pulih yg biasa soalnya pro max mah android bgt desain nya ngapain 🤣🤣🤣",Baterai,Netral
@HomeEarth2025,2025-10-16T12:40:11Z,Terlalu bertele2... Cape nonton nya 😂,Umum,Netral
@Radenngelalu,2025-10-16T09:58:43Z,Unboxing xiaomi 17 pro dan promax abangku🙏🙏🙏,Umum,Netral
@girbaaan,2025-10-16T05:00:57Z,"Salfok sama Dyson nya bang, kaya Collab sama Marvel soalnya warna nya Thanos banget",Desain,Netral
@denmaseka,2025-10-15T14:41:45Z,😂trus kpn obain xiaomi 17 pro max bang lbh keren,Umum,Positif
@vloggerterhitz4797,2025-10-15T06:11:57Z,"pengen si punya iphone buat ambil dokumentasi kerja di wisata alam, tapi apalah daya gaji umr hehe bantu doa ya sahabat",Umum,Netral
@PutriMpi,2025-10-15T06:01:24Z,Fold 7 lah juwaraaa 😍🥳🤍,Umum,Netral
@adityaprabowo72,2025-10-15T02:28:07Z,lebih suka yg based model,Umum,Positif
@DeniIsma-m4z,2025-10-14T15:55:45Z,studio ponsel store,Umum,Netral
@Rizalhartono5658,2025-10-14T14:08:04Z,Gw yg nabung pengen punya IP 11 aja nggak kesampaian aja😢,Umum,Netral
@siskaaleminaginting1538,2025-10-14T11:23:23Z,Suara cempreng review ga jelas,Umum,Netral
@ScorpionSwiftie,2025-10-14T05:30:52Z,"Mirip albumnya Taylor swift koh, The life of a Showgirl 🧡",Umum,Netral
@YaalaAbrisam,2025-10-13T22:07:03Z,29:00 mungkin ini karena zoom nya cropan dari wide cameranya bang,Kamera,Netral
@dodddfrrr,2025-10-13T19:00:38Z,"jujur ga suka model 17 pro,, aneh banget,, wkwkwk
mending 16 pro or 17 aja sihhh",Umum,Netral
@dyasCh.,2025-10-13T12:36:15Z,"Bang David, coba bandingin iPhone 17 sama iPhone 16 pro bang...",Umum,Netral
@altariervan,2025-10-13T10:31:49Z,Thanks infonya bang. Apple udh berubah sejak jobs mangkat. Saatnya beralih ke S Ultra gk sih 🙂,Umum,Netral
@Novia1989-x6v,2025-10-13T01:50:03Z,Aq jatuh pada 17 pro max biru tua  tp mendingan dr pada warna oranye tp masih kurang puas sm warna nya pengen ungu,Desain,Netral
@Walkingwithly,2025-10-13T01:41:55Z,Harusnya satu lg beli iphone Air bang mau liat ih,Umum,Netral
@cieprutndaslanky,2025-10-12T20:09:55Z,Alhamdulillah sudah kebeli.,Umum,Netral
@aidilputra4972,2025-10-12T18:31:49Z,"Terserah mau di katain kaum mendang mending, tp jujur design IP 17 DAN 17 AIR bnr² kocak menurut ku,. Dan aku paling suka design IP camera boba dan layar poni nya , sekalipun menutupi layar tp aku paling suka ketimbang android yg bulet atau punchole",Desain,Netral
@ryuga07gaming,2025-10-12T16:04:39Z,Setelah iphone 17 brand sebelah bakal ngeluarin S26,Umum,Netral
@muhammadalaidinsyah,2025-10-12T15:39:46Z,"Ada yg mau beli 15 base model gua gak? Blue 128gb BH 94%. Baru dipake 6 bulan, plus garansi  qoala 2 tahun sepaket sama pembeliannya waktu itu. Masih full box, ambil stiker2 nya sekalian kan susah noh skrg udah gaada stiker lagi. Di 9,8jt net. Kalo kata ci mehong mah yg mau2 aja.",Baterai,Netral
@Pauzi125,2025-10-12T15:08:56Z,Saya pengguna 16 pro max desainnya masih bagus tapi kalau 17 letak kameranya makin ngawur😂😂,Kamera,Positif
@antonioant0n67,2025-10-12T12:30:17Z,kalau menurut saya 16 pro lebih unggul dari kameranya dibanding 17 pro..,Kamera,Netral
@neta-f4w,2025-10-12T07:06:38Z,Wah iphone 17 pro max buat adik saya itu hehe,Umum,Netral
@stroberryy,2025-10-12T05:18:23Z,Bagusan yg dari china apa amerika bang,Umum,Positif
@MutiaraUti-j4r,2025-10-12T04:52:35Z,25:04 ke poco,Umum,Netral
@MahendraSuteja,2025-10-11T17:37:19Z,Vid kira2 hp lo apa ya ?,Umum,Netral
@M.AlfinoPandu-l9j,2025-10-11T14:20:04Z,Bang unboxing hp Infinix smart 10 bang,Umum,Netral
@alimalco,2025-10-11T12:46:06Z,Malah jadi jelek design camerax  mirip Poco sich,Umum,Negatif
@fitri_lee,2025-10-11T12:44:54Z,silahkan diperdebatkan wkwkwk,Umum,Netral
@alimalco,2025-10-11T12:36:19Z,17 pro /max model camera beda dari sblm2x.,Umum,Netral
@crispandosaragih,2025-10-11T10:48:19Z,"klo negara Indonesia ini di bagi beberapa negara GK usah bnyak ,cukup 3 negara aja pasti rakyat sejahtera",Umum,Netral
@Biru_official13,2025-10-11T09:22:16Z,"Tabmelnya harus mendefinisikan riview dong bro kalau menurut gue 👍😎 

Jangan tubmel Clickbait aja 😭",Umum,Netral
@xiao-m1b,2025-10-11T04:21:13Z,Hp yang di agung agung kan netizen Konoha,Umum,Netral
@HadiGear29Fox,2025-10-11T00:10:34Z,bentukan hape nya udah kayak android. JELEK,Umum,Negatif
@Kusnadianak-rantau,2025-10-10T14:23:58Z,Tetep 16 sih,Umum,Netral
@WatiDarma-d6f,2025-10-10T13:59:31Z,Lama2 iphone design nya kyk hp china,Umum,Netral
@aksa66,2025-10-10T11:55:36Z,"jadi mending 16 pro atau 17 base model guys? bingung bjir, harganya gak jauh beda juga",Harga,Netral
@alonalavidi,2025-10-10T08:12:01Z,"Bang, bandingin 17 basic sama 16 pro dong. Aku bingung ini, mending yang mana. Makasih.",Umum,Netral
@AAKAMEWAANSKIMASJAI,2025-10-10T03:42:55Z,Masih nyaman sama seri sebelumnya karena lebih kalem simple elegan dan fitur gak kalah telak 😂😂😂😂,Umum,Netral
@bergiatlban7594,2025-10-10T02:19:26Z,"BG,sekali sekali bikin dong intronya biar estetik aj,massa intronya AI GUYS DAVID DISINI,bosan banget dengernya",Umum,Netral
@adechanel0267,2025-10-09T16:09:44Z,ka coba review xiomi 17 pro dan pro max,Umum,Netral
@IndraRamadan-nf1fu,2025-10-09T16:06:09Z,bazelnya bahas bang dari keduanya,Umum,Netral
@Detrisnaa,2025-10-09T16:02:17Z,Suatu saat pasti tenggelam,Umum,Netral
@nicoboy1743,2025-10-09T15:06:54Z,Kamera lebih oke 16 ternyata,Kamera,Positif
@BahamutNo.1,2025-10-09T09:47:57Z,Xiaomi 17promax bang tolong di review 😅,Umum,Netral
@warofnet5469,2025-10-09T06:47:40Z,bang dapit tinggal dimana kok dikit dikit di palak (eh di pajak),Umum,Netral
@maee1,2025-10-08T23:06:35Z,"saya suka suka aja, terlihat lebih keren 17promax dibanding ip 16",Umum,Positif
@mariaf2087,2025-10-08T20:50:32Z,"Designya aneh yg pro ga estetik ga kelihatan luxury sama sekali
Beli hp poco aja lah 😂
Samsung dan android lain msh menang klo design",Umum,Netral
@desirosdianasari,2025-10-08T18:26:24Z,Makin sini makin yakin kalo hp dengan kamera kecil2 itu udh paling nyaman. Menurutku. Aku ttp setia dng oppo reno 2f. Sesuai kebutuhan sih. Sosmedan aja udh cukup nih hp sm foto2in bocil,Kamera,Netral
@rusticmac,2025-10-08T16:46:22Z,Review tesla pi phone bang,Umum,Netral
@STLE889,2025-10-08T15:06:37Z,"Thank you gadgetin... Makin yakin beli yg 16 aja, harga udah turun, kamera gw anggep lebih bagus (selera)",Kamera,Negatif
@pasetyoplafonbajaringan7395,2025-10-08T14:44:33Z,Belum mampu...kalo dipaksain bisa sih..tapi mentingin buat investasi dulu😂karena profesiku kuli bangunan,Umum,Netral
@YutaWatanabe-p9r,2025-10-08T13:05:00Z,"Buat Fanboy denial yang dulu ngekeuh Iphone base gk butuh 120 Hz, tolong jangan beli Iphone base seri 17 ke atas ya kalian. Nikmati aja 60 Hz kalian itu, kan kalian bilang katanya gk butuh itu 😂. Iphone 17 series ke atas cuma buat Fanboy waras dan user lainnya. Awas kemakan ludah sendiri. 😂😂😂",Umum,Netral
@lanlunaja,2025-10-08T05:05:52Z,Beli ip15 basic skrng worth it ga ya ?,Harga,Netral
@KristianjaauDwiatma,2025-10-08T02:40:09Z,Mas kapan ngonten hp oneplus 15 sand dunes.,Umum,Netral
@ruparupachannel8929,2025-10-07T18:35:07Z,"Tim nonton ajah😅

Saya bertahan di ip 15 base model,,cos perdana ni ip pertama saya dalam hidup ni,,
Semoga awet❤",Baterai,Netral
@ajicips3233,2025-10-07T18:28:49Z,Ke inget Nokia N8 gw dlu warna oren 😢...,Desain,Netral
@AbanChenel,2025-10-07T11:54:15Z,Masih pengguna 7 plus hadir,Umum,Netral
@alhafzhhh,2025-10-07T11:31:14Z,buat series ipon paling worthit setelah ip 17 keluar bang,Umum,Positif
@jokosulistyanto5574,2025-10-07T09:56:23Z,"Somai 17 promag mana nih 
Katanya aipon killer",Umum,Netral
@irmanuraini9686,2025-10-07T06:06:02Z,"gapernah skip iklan , nungguin rekomendasi hp akhir tahun atau buat lebaran nanti😊",Umum,Netral
@Hunna_Na,2025-10-07T04:21:41Z,Menunggu review Tesla Pi phone,Umum,Netral
@GachaOfficialll,2025-10-07T02:23:37Z,"bang, emang bener Tesla mau adain smart phone?",Umum,Netral
@Marko_william,2025-10-07T01:39:21Z,Yang paling ku suka dari update iphone 17 reguler itu yang dari 60hz ke 120hz,Umum,Positif
@Marko_william,2025-10-07T01:37:34Z,Bang menurut mu iphone cocoknya di bandingkan sama hp apa? samsung S ultra kah?,Umum,Netral
@customcasindo6620,2025-10-06T23:31:36Z,Sementara itu Android udah melesat ke 144Hz 🤣,Umum,Netral
@MRHHH12,2025-10-06T20:37:11Z,"jujur bimbang banget mau beli ip 17 biasa atau 17 pm, soalnya mau sekali sekali upgrade ke ip, bosen banget pake samsung",Umum,Netral
@dwiriyadhi,2025-10-06T18:13:13Z,review xiaomi 17 pro bang,Umum,Netral
@wahyudian1146,2025-10-06T17:14:28Z,yg 17 pro desainya kyak hp 2 jutaan mlah bagusan desain 16 pro,Desain,Positif
@Riady03,2025-10-06T16:43:53Z,munkin biar mirip toko oren tau kan apa .??,Umum,Netral
@terenarazor3241,2025-10-06T12:18:21Z,"JANGAN BELI PRODUK DI STUDIO PONSEL, SOALNYA KALO BARANG MASALAH MEREKA LEPAS TANGAN. Kronologinya saya beli Ipad pro di tanggal 28 september , di tanggal 5 oktober hari minggu hp kena death pixel, saya komplain lah ke pihak penjual kalau ipad saya kena death pixel, apakah bisa di garansi atau engga soalnya mrk menyediakan garansi toko 7 hari, nah pas hp saya rusak di hari ke 7 harusnya bisa dong claim garansi toko tpi saya ngajukan claimnya pas di hari minggu pas pelayannya tutup. singkat cerita baru dibales lah di hari senin tanggal 6 oktober, pihak toko menolak claim garansi toko karena udh lewat 8 hari dari tangga 28 pas barang sampai, udh begitu cara bicaranya muter muter g ada solusi sama sekali yang ujung ujungnya disuruh claim garansi apple ya sama aja bohong ngapain saya harus chat panjang lebar kalo ujung ujungnya g bisa, di chat juga cuman read centang biru",Umum,Netral
@omimoel235,2025-10-06T11:35:56Z,"Kesimpulan sederhana saya :
1. Sebab teknologi Apple tidak serevolusioner dulu adalah karena tidak ada steve jobs (meninggal).
2. Sebab desain Apple tidak serevolusioner dulu adalah karena tidak ada Jonathan Paul Ive (resign dan sekarang jadi konsultan open AI).
3. Sebab material Apple sekarang ringkih adalah karena Tim Cook memakai material yang murah tapi disulap kualitasnya sama dengan yang mahal. Sulap tapi menghabiskan biaya besar untuk R&D. Pendapatan besar tapi laba bersih kecil.
4. Kandidat ceo masa depan Apple adalah John Ternus dia ahli hardware. Mungkin saat jadi ceo, kualitas hardware Apple bagus tapi mungkin harganya akan lebih mahal karena tidak memiliki kemampuan efisiensi sebagus Tim Cook.
5. Sebab soc apple hemat daya adalah karena struktur soc nya lebih banyak e-core (efisien) daripada p-core (performance).",Baterai,Negatif
@antaniahanjani8350,2025-10-06T09:37:05Z,itu made in apa bang,Umum,Netral
@adittianyakgaya1601,2025-10-06T04:28:37Z,16 pro sih ❤,Umum,Netral
@citfinixcitfinix,2025-10-06T01:42:47Z,nonton ini pakai inf hot 60 pro plus sambil ngemil 😊,Umum,Netral
@DediSugiarto-r6r,2025-10-06T00:20:07Z,Bang review Xiaomi 17 pro dong,Umum,Netral
@masna2ng,2025-10-05T16:29:31Z,diketawain poco versi 17 pro seriesnya hehe,Umum,Netral
@rendy.0857,2025-10-05T10:13:43Z,xiaomi 17 pro max,Umum,Netral
@achmadakbari601,2025-10-05T09:41:25Z,"masih pake iphone 13 dan masih bisa ngikutin ios 26 dengan theme yg crystal clear itu, jadi berasa hp baru hahahaha",Umum,Netral
@jiminshii26,2025-10-05T09:35:07Z,"Nabung 6 bulan buat beli iphone, tp masih bingung mau beli ip yg mana",Umum,Netral
@Andhiniac,2025-10-05T06:31:52Z,review MI 17 pro max sekalian baanng,Umum,Netral
@wibi9424,2025-10-05T01:15:34Z,"gk ada review poco 17 kah? cuma pengen tau pendapat David, beserta perbandingan ke hp lain",Umum,Netral
@abi-z8t9e,2025-10-04T22:29:10Z,"bagusan warna light blue, green, apa lavender yaa?",Desain,Netral
@ardiannew1513,2025-10-04T16:09:49Z,Bangg bahas kamera iphone 14 pro bang,Kamera,Netral
@Virals2Virals,2025-10-04T15:23:13Z,Saya nonton vid ini masih pake IP 5,Umum,Netral
@syahrullah8668,2025-10-04T13:17:28Z,Tim nonton tak mampu beli ayo kumpul dimari😂,Umum,Netral
@daditrisianto9260,2025-10-04T10:42:55Z,Pajaknya ngeselin 😂😂,Umum,Netral
@rivansovian2227,2025-10-04T08:02:31Z,Salam semua sehat selamat sukses sejahtera selalu.❤🙏🇲🇨,Umum,Netral
@ryaniseverywhere,2025-10-04T05:03:36Z,"ini ga ada upgrade lain selain desain, kamera sama processor??",Kamera,Netral
@van2050,2025-10-04T04:40:28Z,"5 atau 6 tahun lagi,  aku akan beli hp ini bang😂",Performa,Netral
@567AyAy,2025-10-04T02:18:20Z,Yang kamera ada 2 orang otomatis jauh di Redmi Note 14 juga bisa 😁,Kamera,Netral
@RonaldSugianto1996,2025-10-04T01:23:15Z,Xiaomi 17 pro max dong,Umum,Netral
@hotthread4403,2025-10-03T17:46:27Z,"Teknologi hp udah mentok, yg di upgrade sekarang ya itu2 aja,.jadi beli iPhone sekarang emang udah cuma  beli BUAH di hp",Umum,Netral
@Berasmerah555,2025-10-03T15:56:51Z,Positive thinking mungkin beliau beli lewat seller jastip yang harga retailnya lebih mahal +  biaya bea cukainya yang ditotal hampir 30 juta.,Baterai,Negatif
@mreshadiptahalim315,2025-10-03T15:29:38Z,"Menurut saya kamera lebih natural yg 16pro denk,..
Selera sih jatohnya...",Kamera,Netral
@rungkad-e1b,2025-10-03T12:45:26Z,iPhone Sage jadi sage aku liatnya,Umum,Netral
@oktavianusrooselvelt5366,2025-10-03T08:09:22Z,17 pro mirip2 designnya google pixel yg dl design belakangnya dual tone gt bng,Umum,Netral
@BraveKnight999,2025-10-03T07:54:31Z,Alhamdulillah HP mid range sudah bisa 120hz,Umum,Netral
@___ubaidd,2025-10-03T07:36:51Z,"Gatau knp, review yg ini Aku ngakak 😅🤭",Umum,Netral
@CookiesGaming1,2025-10-03T07:06:18Z,"Sejelek Apapun IP dimata fanboy tetap aja dibela, padahal klo dikritik terus pada ga beli bisa aja membuat apple memberikan yg jauh lebih baik😂",Umum,Negatif
@enakseger9272,2025-10-03T06:56:36Z,Tim beli doank kaga nonton ☝️😅,Umum,Netral
@iamyours9,2025-10-03T06:55:18Z,"19:43 Dari ketiga warna Ip 17 Pro, aku malah lebih suka sama warna Orange ini. Kayak jarang banget Hp punya warna seberani ini. 😂  langsung WOW pas ngeliat kali pertama di iklan.",Desain,Positif
@andraardy4104,2025-10-03T06:46:07Z,Bang adu camera sama Huawei kek nya seru banget tuh,Umum,Netral
@Aicontents-k7n,2025-10-03T05:08:34Z,Grafiknya di 👑 𝐁𝐄𝐌𝟒𝐃 👑 keren abis! Gameplaynya juga seru!,Umum,Positif
@ahmmedsiyam956,2025-10-03T05:05:48Z,"Konten berkualitas tinggi, standar 💎 𝐁𝐄𝐌𝟒𝐃 💎emang top!",Umum,Positif
@ColaxGamer-x6m,2025-10-03T05:00:28Z,keren dan suka gimana ️👑 𝐁𝐄𝐌𝟒𝐃 👑selalu update,Umum,Netral
@GAUTAM_JII495,2025-10-03T04:55:09Z,mantap bener 👑 𝐁𝐄𝐌𝟒𝐃 👑 tempat buat seru-seruan,Umum,Positif
@vaibahv_25,2025-10-03T04:51:20Z,"Berkat👑 𝐁𝐄𝐌𝟒𝐃 👑 saya melesat, dari penjual kaki lima ke pengusaha restoran.",Umum,Netral
@MKTChannel-ed5vd,2025-10-03T04:44:24Z,Kerennya gak ada tandingan! 💎 𝐁𝐄𝐌𝟒𝐃 💎juga unik!,Umum,Positif
@crazybogurateam,2025-10-03T04:37:21Z,sukses selalu 👑 𝐁𝐄𝐌𝟒𝐃 👑selalu bikin penasaran.,Umum,Netral
@Animetoonworld2616,2025-10-03T04:21:18Z,Klo menang di 🥇 𝐁𝐄𝐌𝟒𝐃 🏆 jgn lupa bagi2 temen2 nya !,Umum,Netral
@NoahRadja4,2025-10-03T01:56:14Z,"Bang, bahas Xiaomi 17 Pro Max",Umum,Netral
@anggurketan.00,2025-10-02T23:06:54Z,miris liat harga pajaknya,Harga,Netral
@keturunanal-idrus318,2025-10-02T22:38:54Z,Yes say no to iphone 17 pro,Umum,Netral
@DikiHeryanto-l2p,2025-10-02T16:27:55Z,Beli hp kya beli kurupuk 😭😭,Umum,Netral
@buchehandred5868,2025-10-02T15:46:56Z,Punya budget 11 juta mending ambil iphone 15 128gb atau xiaomi 15T PRO 1TB??,Umum,Netral
@NiaPutri-b6z,2025-10-02T15:31:11Z,"Yang nonton tapi gx mampu beli 
Mana suaranya???",Umum,Netral
@dwizulpadhli4726,2025-10-02T15:04:26Z,"Bang david, kalau saya beli di store china aman gak?",Umum,Netral
@HENDRILUKMANULHAKIM,2025-10-02T14:30:08Z,Gk nyoba videonya,Kamera,Netral
@FajarShodiq-k2t,2025-10-02T10:50:32Z,Baru kesampai an ip 8 aja,Umum,Netral
@Fanzix.03,2025-10-02T08:45:30Z,Coba mi 17 pro,Umum,Netral
@2.irsaddulfikri365,2025-10-02T08:13:45Z,bahas xiaomi 15t plisss,Umum,Netral
@AbiGanteng-r2k,2025-10-02T07:00:52Z,Revew xiaomi 17 pro max bang,Umum,Netral
@el-ghifari2149,2025-10-02T06:14:51Z,17 pro persi china bang mana,Umum,Netral
@JefriArdi-h7m,2025-10-02T06:13:35Z,banyak pembahasan yg gak penting,Umum,Netral
@auliacahyaaa,2025-10-02T05:22:19Z,nonton video ini pakai iphone 11,Kamera,Netral
@Yuniputrifareza29,2025-10-02T05:16:25Z,Bang coba Xiaomi 17 dong,Umum,Netral
@rbsmoky90,2025-10-02T04:35:22Z,"Bang, mungkin td di ip17 perlu ditambahin udah ada AOD nya, beneran pengen lihat versi basic ini ada aod nya, tqqqq",Umum,Netral
@zendawn3256,2025-10-02T04:03:42Z,"pas iphone 17 pro make case, keinget poco x3 pro wkwkwkwkw",Baterai,Netral
@alsava_azkia,2025-10-02T04:02:40Z,Nunggu xiaomi 15T,Umum,Netral
@WhatIf-9092,2025-10-01T21:05:30Z,"kalo steve jobs liat iphone sekarang, udah dipecat tuh tim cook
apaan, tiap tahun cuman upgrade kamera, baterai, chip, ram, core gpu, core cpu, ukuran chip, screen. gitu2 aja

dulu tiap tahun, apple pasti ada inovasi baru nya
itu yang bikin orang pada nunggu
itu yang bikin apple itu apple

sayang banget
johny ive juga udah keluar dari apple lagi

no hope kalo nunggu inovasi dari apple
malah xiaomi 17, bangke bagus banget cok
ada screen di belakang nya

keliatan nya sih, ini semacam uji coba
untuk membuat smartphone dengan layar penuh depan dan belakang",Kamera,Positif
@Spotifymusik_2,2025-10-01T19:46:10Z,Coba riview Xiaomi 17 pro bang,Umum,Netral
@PunyaSendiri-p7g,2025-10-01T19:03:29Z,Gaass auto beli jual sawah warisan emak 😂,Umum,Netral
@ajgaming9524,2025-10-01T18:12:30Z,Xiaomi bang 17 atau nggak 15 t pro juga,Umum,Netral
@oibng,2025-10-01T12:17:56Z,Bang bahas xiomi 17 pro bang,Umum,Netral
@Bangkae761,2025-10-01T12:09:48Z,Rekomendasi dong mending beli iPhone 14 promax atau 15 pro ???,Umum,Netral
@muhammadafdalriskiramadan916,2025-10-01T11:36:20Z,di tunggu Xiaomi 17 pro max mas😁,Umum,Netral
@r.laksamanasuhdanasaid5296,2025-10-01T10:39:09Z,bang coba buat vs sama xiaomi 17 pro max bang. pengen tau penjelasan menurut yang lebih paham soal hp unggul mana. gue cuma tau model doang ga sampe spek haha,Umum,Netral
@yomamen581,2025-10-01T10:33:05Z,Mana ni Review Xiaomi 17 pro max,Umum,Netral
@Feivelist,2025-10-01T10:08:03Z,iphone ❎ iphoco✅,Umum,Netral
@ferbyardiansyah8080,2025-10-01T08:55:28Z,review Xiaomi 17pro bang😭,Umum,Netral
@mhdsyahreza-x3u,2025-10-01T07:45:36Z,alamak😢 david pasti kecawa sih desain ip17pro nya😅,Desain,Netral
@lutfanramadhan5639,2025-10-01T06:56:42Z,"ip 17 sage cakepp banget dahh, semoga bisa kebeli akhir tahun",Umum,Netral
@ArfinProduction,2025-10-01T06:42:04Z,"Kamera 17 promah, sama 16 promah ko lebih bagus 16 ya, menurut kalian gimana gaes?",Kamera,Netral
@alfianmn7160,2025-10-01T06:06:27Z,"15:00 Salah satu alasan ketika ambil iPhone dibawah series 17 mesti harus yg seri pro keatas.. udah kebiasaan android yg 120hz broo🤣🤣
Omong kosong klo 60hz ny iphone setara2 android 120hz, berasa motion lagnya cuyy 🫠",Performa,Netral
@riskawulandari8179,2025-10-01T03:27:31Z,Bang review xiaomi 17 pro dan pro max gak ya ?,Umum,Netral
@arispranatasitorus4144,2025-10-01T03:17:42Z,"Bang david, tolong buatin iphone 17 pro sama Xiomi 17 pro, lgi seru² nya...",Umum,Netral
@RikiRachmawan,2025-10-01T02:24:56Z,biasanya xiaomi atau poco dibilang niru iphone.. skrg david ngakak karena iphone keliatan kayak poco 😂😂😂😂 26:14,Umum,Netral
@SixtyNine-pk9ye,2025-10-01T02:13:00Z,bang bahas xiaomi 17 pro dong bandingin sama iphone17 pro ini,Umum,Netral
@rahmawatirsns7414,2025-10-01T01:22:35Z,boro² kebeli ip 17 ngumpulin duit aja kepake mulu 😭😭😭,Umum,Netral
@ChillMusicVerse,2025-09-30T23:05:21Z,"PAJAK 2 HP 8 JUTA BAYANGIN JIKA ADA RIBUAN YANG BELI DAN BAYAR PAJAK, TP NEGARA KITA MSH RUSAK",Umum,Netral
@kakaaraish389,2025-09-30T22:46:39Z,Bulan depan beli Bissmillah,Umum,Netral
@mank_arya7714,2025-09-30T21:45:22Z,Ditunggu review Xiaomi 17 pro max nya bang🙌🙌🙌,Umum,Netral
@latifafebriani8839,2025-09-30T19:30:09Z,lebih worth it mana 16 pro atau 17 basic bang?,Harga,Netral
@latifafebriani8839,2025-09-30T19:28:16Z,"bang coba tolong bandingin iphone 16 pro dengan 17 basic, bingung masih dilema bget wkwk",Umum,Netral
@Sizone23-pm2sg,2025-09-30T17:00:08Z,Xiomi 17 pro max ...ditunggu slanjutnya,Umum,Netral
@muhamadroup18,2025-09-30T16:30:49Z,pajak nya aja segituu,Umum,Netral
@qotrunnadachanel130,2025-09-30T15:46:09Z,Setelah nontoin review kang David & Baca komen neti disini jadi makin manteb dr 15promx upgrade ke 16 pm aja😅😅😅,Umum,Netral
@amedioputra4341,2025-09-30T14:39:22Z,Terima kasih om jd nota hehehe infonya sangat bermanfaat untuk membantusaya kbtulsn ada hp yg sm lupa sandi langsung ikuti langsung jd nota,Umum,Netral
@onsirtuschannel6906,2025-09-30T13:38:41Z,Review Xiaomi 17 Pro Max bang david,Umum,Netral
@ridhohus,2025-09-30T12:41:37Z,Review Xiaomi 17 Pro Max Bang Davia,Umum,Netral
@queeniebee786,2025-09-30T12:11:08Z,Warna green nya bagus spt matcha 💚,Desain,Positif
@dimasguntursaputra3095,2025-09-30T10:49:00Z,Ngelihat 17 pro jdi keinget velg cncnya VND yg warna orange 😅,Desain,Netral
@nazarcallya2087,2025-09-30T10:32:23Z,xiaomii 17 bang,Umum,Netral
@vixikristianti2284,2025-09-30T10:28:24Z,ditunggu yg xiaomi 17 pro 😅,Umum,Netral
@untungteguh2361,2025-09-30T10:22:44Z,Nonton pake redmi 13 siapa tau besok bisa kebeli iphone 17 pro tukar tambah😂😂😂😂,Umum,Netral
@RafaGaming-kopibalap,2025-09-30T07:10:53Z,Xiaomi 17 pro max dong bang,Umum,Netral
@sulhan.saharo678,2025-09-30T05:52:35Z,gua nungguin review xiaomi 17 Pro,Umum,Netral
@iqmalbagusrizaki66,2025-09-30T05:36:26Z,Mau tanya bang iPhone 11 buat jangka panjang 3-4 tahun nan masih wort it atau enggak soal nya mau beli🥰,Umum,Netral
@fikawijaya8209,2025-09-30T04:17:25Z,Pengen nyoba iphone....mke s20 ultra aj g rusak2😂,Umum,Netral
@Ayucitra1310,2025-09-30T03:03:58Z,Xr orange terlupakan 😂,Umum,Netral
@Shuvi123,2025-09-30T02:30:50Z,Haha lumayan design iphone 17 pro ini bikin hp poco x6 pro gw awet muda (malah jumlah bobanya lbh banyak 🤣),Baterai,Netral
@ellfreefire3815,2025-09-30T00:42:21Z,"Assalamualaikum, bang pngn atuh bang hp 1 bebas hp apa aja yang bekas bang, buat usaha",Umum,Netral
@iqmalbagusrizaki66,2025-09-30T00:40:17Z,"Kalau ip17 masuk IP 11,12,13 apakah harga nya turun ya?",Harga,Netral
@RasyaBathara,2025-09-30T00:34:30Z,Xiaomi 15T bang,Umum,Netral
@Jnf_al,2025-09-29T23:20:42Z,Coba riview hp xiomi 17 biasa/pro bang,Umum,Netral
@RyanMotovlog789,2025-09-29T21:38:08Z,"gw pake IP 17 Pro Max (Dark Blue), sengaja ga mau pilih Cosmic Orange, warnanya agak aneh buat gw pribadi 😅 n masih lebih bagus Silver nya, overall hp ini cakep dr specs n fitur2 barunya.. semoga yg mau punya hp ini pada kesampean yaaa …",Desain,Negatif
@abangezza4818,2025-09-29T19:54:48Z,"I-Phone ko gtu"" Aja gk ada yg beda soal desain",Desain,Netral
@Candragod,2025-09-29T18:09:27Z,"kayaknya tahun ini atau depan adalah waktunya gw nyobain IP karena base model nya udh 120hz 🤣 dari dulu pengen nyobain Apple tapi seri pro nya doang yg 120hz sedangkan gw ga suka warna"" di pro model kek biasa aja ga ada warna cerah dan unik dan ya design nya dari IP 11 sama aja 🤣 kecuali yg 17 ini ya agak seperti Poco 😂",Desain,Netral
@enjoygen,2025-09-29T16:43:13Z,Review xiaomi 17 pro max bang,Umum,Netral
@psssendangsejagadt5924,2025-09-29T16:34:27Z,iPhone hp ga guna bang,Umum,Netral
@naf3854,2025-09-29T16:30:51Z,Masih bagusan huawai,Umum,Positif
@OrdMonic,2025-09-29T16:04:59Z,Ngakak banget masak iya kameranya bapuk 😂,Kamera,Netral
@miftahuddin-ey8nu,2025-09-29T15:16:46Z,auto rotasi itu kalau pengambilan foto lebih dari 3-8 orang bngg,Kamera,Netral
@soniabungaamanda3000,2025-09-29T14:28:46Z,Hasil Zoom 8x ip 17 pro agak kuning apa karna efek pantulan cahaya dari warna hpnya ??,Kamera,Netral
@stevensatyawidi5335,2025-09-29T14:21:53Z,"xiaomi 17 pro max bang,,,",Umum,Netral
@gracewang1805,2025-09-29T14:00:54Z,"ytuber yg gaprna ngemis like sukreb dll tp josspol smpe 13jt subs+++
malah disuru skip aja lgsg ke 17pro gokss~ kocak ampe nyiapin bks 2klinci dong buat compare wrn wkakak

bangdapid mixed feelings ttg wrn oren menyala tp ad 1 artis korea yg terseponah total sama wrn tsb en lgsg preorder gara"" itu XDXD

NUNGGU FULL REVIEWNYA TAYANG!!! Penonton setia tiap taun kalo bang dapid rview flagship sams/ipon<3
bangdav knp mainnya android pengen tau alasannya???

bang, tes camnya skali2 dibawa ntn konser plisss, krn itulah yg penting bagi kami2 kpop fans XD
semoga terbaca!",Performa,Netral
@wowonmaulana964,2025-09-29T13:46:48Z,"desain yang warna orange kayak hp ODM china, tinggal kasih merk lokal zyrex,advan,axioo,polytron",Desain,Netral
@agusy3973,2025-09-29T12:37:15Z,Bang bahas redmi note 15,Umum,Netral
@jjiri8305,2025-09-29T09:52:44Z,masih setia sama ip13 ❤❤❤,Umum,Netral
@Hapsewaa,2025-09-29T09:41:45Z,Feel 17 pro lebay kaya HP 2jtan 🗿... Ngatain padahal masih UMR dan belum sanggup beli wowkwowkwkwwk,Umum,Netral
@CucimobilPraktis,2025-09-29T09:04:09Z,Bandingin sama huawei bg yg kamera nomor 1 di dunia,Kamera,Netral
@AalFathur-ko1wg,2025-09-29T08:03:32Z,"kasih saran dong abang abang yg ngerti iphone, mending ambil iphone apa yg bagus dan rekomen banget?  gua ada dana 10jt",Umum,Netral
@azwardmuhammad,2025-09-29T07:56:13Z,Tetap kamera xr paling mantap,Kamera,Positif
@jourdansumbung3678,2025-09-29T07:34:40Z,Hasil dari iphone 17 pro foto zoomnya seperti diperhasul untuk tekstur,Kamera,Netral
@geniputraofficial3426,2025-09-29T07:04:55Z,Bagusan xiomi 17 pro max...daripada iPhone 17 pro max.. review xiomi 17 pro max dong David...,Umum,Netral
@anggisaputra3341,2025-09-29T06:32:38Z,bang Xiaomi 17 pro max bang,Umum,Netral
@BangHanz_Channel,2025-09-29T06:09:40Z,Masih setia pake iP 15 Pro Max. Yg usia penggunaan udah 1.5 thn lebih.,Umum,Netral
@airawan1333,2025-09-29T04:42:16Z,xiomi 17 kapan mas review,Umum,Netral
@elbarrack9781,2025-09-29T04:15:53Z,Sandingin sama xiaomi 17 promax bang,Umum,Netral
@alvinrichhalton,2025-09-29T04:05:31Z,"vid bahas Xiaomi dong 
Spek tinggi harga berrsahabat
XIaomi 17 Pro Max dan Xiaomi 17 Pro
Ditgg updatenya hehehe",Harga,Netral
@Qwertzy_o,2025-09-29T03:53:29Z,"Harusnya warna emas atau Ohlins sekalian gk sih, klo oren gini malah agak kureng. Terbukti yg warna lain kebih cakep ketimbang oren ini",Desain,Netral
@triptraveller8910,2025-09-29T03:44:53Z,Nungguin review xiomi 17 pro max 😁😁,Umum,Netral
@alviramarshaningtyas5663,2025-09-29T02:28:47Z,suka bgt kalo dia yg review wkwkwk,Umum,Netral
@chepipikoninata5635,2025-09-29T02:19:05Z,Xiaomi 17 pro max,Umum,Netral
@amoramikhayla2022,2025-09-29T01:47:09Z,Knpa yg 17pro mirip model hp sepupu ku yg murah itu yg harga nya 2 juta lebih😣😣 kecewa sih krna mirip hp murah kan iPhone itu terkenal hp mewah dan mahal😣😣,Baterai,Negatif
@juliusadiprayoga,2025-09-29T01:11:27Z,Request compare Iphone 17 Pro Max vs Xiaomi 17 Pro Max om,Umum,Netral
@Nnelav,2025-09-29T00:12:31Z,"ip 17 pro opini gw worst iphone ever, secara desain",Desain,Netral
@AyukAsr,2025-09-28T23:23:49Z,"Bang , coba review Xiaomi 17 pro 🔥💥",Umum,Netral
@alvian1325,2025-09-28T23:14:49Z,Di Facebook ada yg upload video lu bang. Semua video lu diupload ulang di facebook. Tapi caption ny beda. Asli emang?,Kamera,Netral
@naana633,2025-09-28T23:14:47Z,"*Astungkare, besok beli😊*",Umum,Netral
@Marditardy,2025-09-28T19:52:17Z,ko enakan liat warna fotonya 16 pro ya dari pada 17 pro,Kamera,Netral
@gamersid5929,2025-09-28T17:26:06Z,Apa cuma saya doang suka liat riview hp. Tapi Masi pake hp kentang. Btw saya nonton ini pake realme note 11 semoga di beri rejeki buat beli hp baru amin.,Umum,Positif
@satriopitu7534,2025-09-28T15:29:53Z,Unboxing Xiaomi 17 pro bang,Umum,Netral
@Ananda_a.k.,2025-09-28T15:16:21Z,"Bang david emg realistis sih, kayanya dia nyesel beli warna orange 🤣
Tp pas pake case nya yg full ketutup jujur itu kaya maling pake topeng 🙏🏻",Baterai,Positif
@ceritakehidupan8361,2025-09-28T15:07:38Z,Asli mirip poco yg oren pro di kasih case hitam wkwkwkwkkkk😂,Baterai,Netral
@tpqmaguwoharjo,2025-09-28T14:52:32Z,"Hasil foto seperti Bagus 16 dibanding 17 pro, kecepatan tampak 17/pro",Kamera,Positif
@YKSPUTRA,2025-09-28T14:46:08Z,"Cuma fanboy yg bilang iphone hp terbimk😅😅
Pdahal ga ada perkembangan",Umum,Netral
@mekaniknewbie9475,2025-09-28T13:30:53Z,Review Xiaomi 17pro bang,Umum,Netral
@kopiviral6809,2025-09-28T13:17:23Z,Sudah punya yg 17 pro 🍊 orange. Di amerika 1094$ sama pajak saya beli 1100$ worth it lah,Harga,Positif
@nurliyanadikusumah2948,2025-09-28T12:44:08Z,Jujurly gw juga ngrasa 16 pro ko lbih bagus kameranya,Kamera,Positif
@andrianspace,2025-09-28T12:36:57Z,"mungkin karna ip 16 pro nya belum update ios 26, jadi setelah update kualitasnya si 16 pro diturunin biar 17 pro lebih bagus wkwk",Umum,Negatif
@junkkuya,2025-09-28T12:19:54Z,review miphone (Xiaomi phone) 17 pro bang,Umum,Netral
@dennysbarani5755,2025-09-28T11:47:16Z,Adu sama xiaomi 17 pro bang,Umum,Netral
@rizairvandi8406,2025-09-28T11:13:28Z,Xiaomi 17 pro max bang,Umum,Netral
@_tamvanbingits,2025-09-28T10:26:36Z,Seandainya aku punya.keren bang 🎉 Gbu,Umum,Positif
@Azismarch,2025-09-28T10:21:39Z,Bagi aku donk 😂😂,Umum,Netral
@chacataya82,2025-09-28T09:36:48Z,Aduh jd bingung jd gak ni ya mau beli ip 17 atau ip 17 pro ya? Maju mundur,Umum,Netral
@fajarramadhann6939,2025-09-28T09:07:08Z,Masih stay di 14PM nih bang david😅,Umum,Netral
@Valir_boy2701,2025-09-28T08:08:43Z,Ngapain beli hp mahal2 kalo fungsinya buat itu2 aja2,Baterai,Negatif
@Jani_aurora123,2025-09-28T07:32:08Z,Camera depan berapa megapixel bang .. seri 17 basic,Umum,Netral
@JosephineTan-sc8hd,2025-09-28T06:04:51Z,"19:49 dear GadgetIn, saya tunggu konten Xiaomi 17 series",Umum,Netral
@adhikavatiovd3308,2025-09-28T05:56:16Z,Duudu wawaw bingitttsssss 😊😊😊 ciapa ini yg winnn's,Umum,Netral
@adhikavatiovd3308,2025-09-28T05:44:40Z,Greyyy nya milip tapi masa kini 😅😊❤😂,Umum,Netral
@adhikavatiovd3308,2025-09-28T05:41:52Z,Aaaa rose meryyy nya aku waitingg 😊❤❤❤❤🎉,Umum,Netral
@adhikavatiovd3308,2025-09-28T05:33:30Z,Simungilll unyu charming....si gede nya mewaaah hihi,Umum,Netral
@adhikavatiovd3308,2025-09-28T05:32:51Z,Wanna menarikkk...tapi ini klo silinder bagus ada mode buabuw,Umum,Positif
@adhikavatiovd3308,2025-09-28T05:31:29Z,Ini yg dicari ini 😂😅😊😮❤❤,Umum,Netral
@adhikavatiovd3308,2025-09-28T05:30:55Z,Paling baru punya ini loh ❤❤❤,Umum,Netral
@NusantaraAntara-y8u,2025-09-28T05:24:16Z,Watching...sambil Craying dengan HP 1 jutaan..😢😊😂,Umum,Netral
@adhikavatiovd3308,2025-09-28T05:18:05Z,Beybi papi and momyyyy unyuu,Umum,Netral
@adhikavatiovd3308,2025-09-28T05:16:47Z,Mantepsss battt stop kontak ini ...kaalu mo travel's ❤❤❤😊,Umum,Positif
@adhikavatiovd3308,2025-09-28T05:13:28Z,Sekarang duooo... Klo tiga lebih manis sih boba buble's,Umum,Netral
@adhikavatiovd3308,2025-09-28T05:12:30Z,Waahhhhh iniii tehhhh bahmgus baget colour nyaaaa sukee hijow dan orence ❤,Umum,Netral
@rickyrizkyharayamartha3153,2025-09-28T05:11:51Z,Om david.....review xiaomi 17 pro max om....thx u,Umum,Netral
@armjone66,2025-09-28T04:52:39Z,"Oot, mau beli iphone seri apa yg worth it, dana maks 15jt ya",Harga,Positif
@athaagatha2546,2025-09-28T04:33:20Z,13:42 pesawatnya liat deh sebelumnya,Umum,Netral
@kangzaeecaprukvlog1121,2025-09-28T04:19:18Z,bang gua nungguin  unbox nya yg iphone 17 Air bang,Umum,Netral
@galangpermadi7534,2025-09-28T04:17:26Z,"Beli iphone tapi masih lebih prefer ke android, itulah david",Umum,Netral
@ahsannurbeti3862,2025-09-28T04:03:35Z,"gw tandai lu bang, gw tunggu banget review xiaomi 17 pro/ ultra",Umum,Netral
@gamezel8052,2025-09-28T03:42:29Z,brand android biasanya di test dari segala segi tapi ko apple cuma kameranya doang yang di tes bang😂,Kamera,Netral
@fauzanbe1217,2025-09-28T03:41:08Z,Mana review nya bang david di tunggu ❤,Umum,Netral
@badrusali1993,2025-09-28T03:12:48Z,unboxing xiaomi 17 bang,Umum,Netral
@moszel4252,2025-09-28T02:56:10Z,Bg bandingin sama xiaomi bg,Umum,Netral
@DwikyGustiPahlevi,2025-09-28T02:32:03Z,"saran dong, mending 16 pro atau 17 base?",Umum,Netral
@farishmaulana2055,2025-09-28T02:07:14Z,Next xiaomi 17 pro bang,Umum,Netral
@rinaldilim4225,2025-09-28T01:43:27Z,Xiaomi 17 Pro Max Bang....,Umum,Netral
@pensicheaterpubg2081,2025-09-28T01:15:17Z,16pro lebih bgs 😂,Umum,Netral
@alipsunandarCh,2025-09-27T23:49:10Z,Tes videonya dong,Kamera,Netral
@ailiaotok,2025-09-27T23:40:37Z,"Kaya poco, David ketawa 😅😅😅😅😅",Umum,Netral
@Alde_-ou4hr,2025-09-27T20:11:04Z,Bagusan Xiaomi 17 pro,Umum,Positif
@dhikabayuajhi403,2025-09-27T19:54:26Z,NOKIA aja bisa runtuh,Umum,Netral
@Aden99-d1d,2025-09-27T17:31:46Z,Lanjut ke xiomi 17 pro max bang,Umum,Netral
@HaninHanania-c8u,2025-09-27T17:19:55Z,Siapa paling diuntungkan kalau store resmi apple belum buka di indonesia.,Umum,Netral
@nishi4539,2025-09-27T17:05:27Z,17 ini terlalu AI ngikutin samsung,Umum,Netral
@anydeens,2025-09-27T16:52:42Z,"mungkin lebih mirip ke Nokia N8 ya, apalagi dari warna orange yang khas & blok kameranya",Kamera,Netral
@mayawulandary4759,2025-09-27T16:41:06Z,ka review xiomi 17 sama xiomi 17 pro dong kaaaaa,Umum,Netral
@bgoessptra,2025-09-27T16:34:54Z,"Saya pengguna kedua OS dan prinsip saya :
Beli iphone karna OS nya
Beli android karna teknologi dan inovasi nya",Umum,Netral
@dellis894,2025-09-27T16:19:17Z,Kapan saya punya iphone yah..bosen android Mulu 😢,Umum,Netral
@UangYgKerja-yj4mr,2025-09-27T15:39:45Z,"Kurang objektif sekarang,.. bahanya juga katanya kan almunium kan,.. gampang ke gores dll,.. kurang bilang jelek yah jelek, kalo bagus yah bagus",Umum,Negatif
@ariefrohmadtulloh4687,2025-09-27T15:35:20Z,Bang david bahas xiomi 17 promax dong,Umum,Netral
@semuatentang-go6iq,2025-09-27T15:12:00Z,Ijo miskin 😭,Umum,Netral
@fiberglashanmade,2025-09-27T15:02:58Z,Xiomi 17pro kak harga di indo berapa,Harga,Netral
@imamrhozikispd6876,2025-09-27T14:24:18Z,Review Xiomi series 17 bg,Umum,Netral
@suryahadikusumah2461,2025-09-27T14:22:21Z,Iphone monoton eweh inovasi,Umum,Netral
@Uncleudinofficial,2025-09-27T13:43:49Z,"Harus 3 atau 4 orang,baru mau landscape",Umum,Netral
@iksan0788,2025-09-27T12:51:58Z,minta rekom dong untuk adaptor iphone 17 pro max baiknya merk apa dan berapa watt ya,Umum,Netral
@arionugrohoreal,2025-09-27T12:26:52Z,ip 7 hadir 🫣,Umum,Netral
@shenDOJI,2025-09-27T12:18:57Z,Bekas review nya kirim dong ke saya dong bang. Buat kado lahiran anak pertama saya ke istri😂😅,Umum,Netral
@r8mv384,2025-09-27T12:09:35Z,Gass bg review xiomi 17 pro,Umum,Netral
@KopidarihatiCanggu-dl6pu,2025-09-27T12:00:01Z,Samsung juga ngeluarin series A terbaru yaitu A17,Umum,Netral
@umarbasarahil9309,2025-09-27T11:41:27Z,Vidio xiomi 17t mana ya apa belum ada ?,Umum,Netral
@yohandani3865,2025-09-27T11:29:19Z,Iphone 17 promax vs xiaomi 17 promax,Umum,Netral
@ReskiabadiKagula,2025-09-27T09:35:10Z,Bang please review Xiaomi 17 pro max yang katanya saingan IP 17 pro,Umum,Netral
@Nexsusmaksima,2025-09-27T09:14:08Z,"Kl review badingin sama Xiaomi 17 Pro Max bang, bandingkan racikan barat sama china",Umum,Netral
@catherinagaluh7404,2025-09-27T08:55:02Z,"Terakhir punya ip6, boljug ni upgrade",Umum,Netral
@AgoesAgoes,2025-09-27T08:02:44Z,Kok gak bandingin sama 17 IP sama 17 Xiomai ditunggu loh,Umum,Netral
@primasafaa8150,2025-09-27T08:02:19Z,hp bekas review nya dijual ga ya,Umum,Netral
@zafranbisky1498,2025-09-27T07:25:22Z,iphone upgrade ke poco m series 😭😭😭,Umum,Netral
@19Nugroho,2025-09-27T06:14:00Z,"Bang david klo xiaomi 17 pro dan xiaomi 17 pro max sudah resmi sekalian riview, desain xiaomi lebih bagus dari pada iphone 17 series..",Desain,Negatif
@alvaclipton6772,2025-09-27T05:59:39Z,Thank you david lihat ekspresi elu yg ky gak puas sama kameranya 17 pro 😂 gw tambah yakin masih stay di 15 pro dulu. Hahahahha,Kamera,Positif
@xvvi26,2025-09-27T05:18:28Z,MI 17 PRO NYA DONG KO DAVID,Umum,Netral
@malikalghozi7711,2025-09-27T05:14:57Z,Review xiaomi 17 pro bang,Umum,Netral
@KhairulAbdal,2025-09-27T05:13:37Z,"Lama lama apple membosankan ga sih, saya juga user apple produk, karena pergerakan kompetitor makin melaju tuk bersaing",Umum,Netral
@widarmaputra7195,2025-09-27T04:39:20Z,Gak sabar liat 17 proNYA XIAOMI,Umum,Netral
@cloverblossoms_,2025-09-27T03:03:19Z,tim nunggu iphone 20 keluar biar bisa beli yang 17,Umum,Netral
@kiciksproduksi1451,2025-09-27T02:57:51Z,xiaomi 17 pro max is waaaaww,Umum,Netral
@Blackmoreside,2025-09-27T02:44:19Z,Marketing tetaplah marketing 😅,Umum,Netral
@bayukiswanto2910,2025-09-27T01:02:34Z,Bang besok banding kan Sama xiaomi 17 pro max,Umum,Netral
@dwiendahsafitri2087,2025-09-27T00:57:07Z,Ditunggu xiaomi 17 pro and 17 pro max,Umum,Netral
@wayanperey1406,2025-09-27T00:28:14Z,Bang xiomi 17 pro dong bang,Umum,Netral
@SeputaranHewan,2025-09-26T23:13:50Z,"Bang riview juga Xiaomi 17 pro max , katanya bikin rugi iphone 17 promax pembelian ranting di Tiongkok pembelian nya lebih tinggi Xiaomi 17 promax",Umum,Netral
@OHaye-ri2uq,2025-09-26T22:43:06Z,"Cuma mau nonton, tp ga mau beli😮",Umum,Netral
@dendyrozano1255,2025-09-26T22:18:49Z,"Bang review xiaomi 17 pro dong, katanya sengaja rilis buat jadi pesaing kacau ip 17 nih",Umum,Netral
@ErrukClip,2025-09-26T22:01:55Z,Bang Review Xiaomi 17 Pro / 17 Pro Max + Back Case Yang Bisa Di Jadiin Mini Console,Baterai,Netral
@DanzOfficialCc,2025-09-26T21:27:26Z,"19:39 ""Dari yang BAGUS sampai yang GAK JELAS ada semua""
Very nice quotes!",Umum,Positif
@freayagaruda,2025-09-26T19:49:59Z,"kecewa sih bg sama iphone baru ini, kalah desain",Desain,Negatif
@ahmadrhidayat3339,2025-09-26T18:51:44Z,Bang @gadgetIn udah lama udah gak review barang² aneh dari toko online..,Umum,Netral
@osaka7756,2025-09-26T18:43:55Z,Gua rasa malah iphone kaya stuck banget ide nya buat upgrade ke 17,Umum,Netral
@AndhekaMalestha08,2025-09-26T18:41:06Z,Bagus series genap atau ganjil kesimpulannya bang buat iPhone?,Umum,Netral
@valiantgracian5074,2025-09-26T18:34:29Z,Dari segi design lebih mewah IPhone 16 pro dari pada 17 pro… ya gak sih…,Umum,Netral
@naufaldani11,2025-09-26T18:30:51Z,Next Xiaomi 17 bang,Umum,Netral
@muhamadsahri9260,2025-09-26T17:00:14Z,@Gadgetin bang bahas xiaomi 17 pro max.. mirip iphone 17 pro tapi punya inovasi baru ada layar di belakang kamera..,Kamera,Netral
@farhanfadilah9740,2025-09-26T16:40:32Z,Bahas iPhone 17 air dong bang,Umum,Netral
@brianlouzz323,2025-09-26T16:24:45Z,"Bang review hp xiaomi terbaru xiaomi 17, 17 pro dan 17 pro max.
Terima kasih.",Umum,Netral
@aneukmitaneuk,2025-09-26T16:24:32Z,IPOCHO 17 PROMAG 😂,Umum,Netral
@syahrulsuryapro7858,2025-09-26T15:41:27Z,"Bang David. Coba view donk
Hp Xiaomi 17 promax 😅",Umum,Netral
@abdurahmanjabir7760,2025-09-26T15:11:58Z,Bang review xiaomi 17 pro max,Umum,Netral
@galihprimadana6166,2025-09-26T14:56:13Z,"Pajek 9 juta,tp video lu yg nonton hari ini 2jt lebih,untung nya udah 10x kali lipat 9 juta pak😂",Kamera,Netral
@barrapasuhuk1791,2025-09-26T14:33:14Z,"3:25 ga usah jauh2 bang, jam tangan lu aja Ijo sage",Umum,Netral
@ddeeeaaa12,2025-09-26T14:02:36Z,"lohh baru tau punya yt, sring liat d tt pas masih sepi, trnyta dsni lebih ramee😂",Umum,Netral
@theRedy41,2025-09-26T13:59:13Z,orange mirip mobil datsun go warna orange,Desain,Netral
@ramadiansyah7810,2025-09-26T13:30:43Z,Yang basic kayak poco F3 yg pro jg kayak poco yg lain.. Akhirnya apple akan Poco pada waktu nya,Umum,Netral
@devbagin,2025-09-26T12:53:19Z,"Kayaknya setting di iphone kudu diganti deh, bukan mode efficient",Umum,Netral
@RamyGufron,2025-09-26T12:01:19Z,Membosankan ini brand,Umum,Netral
@sheshhwdym,2025-09-26T11:56:35Z,Langsung saja review saingannya bang Xiaomi 17 promax,Umum,Netral
@edwardimmanuelymandacan7302,2025-09-26T11:09:09Z,itu menit ke 16 cara pengambilan videonya bagaimana ?,Kamera,Netral
@Ryanous-yw1wj,2025-09-26T10:37:08Z,Kyknya bnyk yg ngadu zoom nya padahal iphone 16 pro max punya optical zoom 5x lebih jauh dripada 4x di 17 Pro. Cuman di 17 pro sensor kameranya lebih gede jdi urusan low light dan tangkapan dynamic range lebih bagus jdi bisa menangkap lebih mendekati mata walau masih jauh sekali ya tpi dengan ukuran sensor yg lebih besar grimis pas foto malam pasti lebih berkurang. Tpi ya kalau di test 8x zoom menang 16 pro max lah pasti optical 5x dicrop ke 8x diadu ama 4x dicrop sampai 8x kan jauh tu,Kamera,Negatif
@titotetrasuta8989,2025-09-26T10:25:11Z,dibanding Xiaomi 17pro gimana,Umum,Netral
@aguscahndeso1337,2025-09-26T09:35:55Z,"Rumah ijo miskin ,, rumahku jg ijo nya persis  yg lu tunjukin bang, 😢sedih gua dengernya dikatain miskin walau memang bneran miskin.",Baterai,Netral
@wanwan-u4u,2025-09-26T09:23:57Z,Cuma bisa liat aja 😅,Umum,Netral
@rexsss18,2025-09-26T09:23:08Z,Primitif banget iPhone dibanding brand lain,Umum,Netral
@elvinachanel1375,2025-09-26T09:15:10Z,Riview xiaomi 17 pro bang,Umum,Netral
@M.Zaidandi,2025-09-26T08:49:11Z,Pas pake case 17 pronya kaya Sony A7 bg😅,Baterai,Netral
@someonee1-q1r,2025-09-26T07:23:56Z,bg david revwiew xioami 15tpro😂,Umum,Netral
@Yusuf123-r1o,2025-09-26T07:18:22Z,"masya allah,smoga sukses selalu ya bg sampai 100 JUta subscribers ya bg",Umum,Netral
@lauraenggoh9586,2025-09-26T06:06:39Z,Team yg suka nonton tapi ga beli hp yg direview wkwkkw,Umum,Netral
@kevinalfiyansyah1920,2025-09-26T06:06:22Z,Lanjut misteri box dari 1000 sampai 15 juta bang,Umum,Netral
@DiantiFarhana,2025-09-26T06:00:58Z,"Seperti tipe2 apple sebelumnya. Kalo designnya baru isinya bobrok. Kalo designnya finalized itu2 aja sampe tahun ke3, speknya yg terbaik. Jujur design apple kan significant sejak iphone 11 muncul. Tapi 11 pro waktu itu super panas, batre boros dll. Dan design teteap hampir sama mirip2 sampe Iphone 16 kmrn. Ya 16 udah maxx bagus. Dan muncul lah si Iphone 17 ini. Trial error lg dong, buat design baru isinya ya diperbaiki, tp pendapat aku pribadi liat dari kamera barusan brrt failed. Hihiw",Kamera,Negatif
@alex.s_channel,2025-09-26T05:38:48Z,mirip bata 😂😂😂,Umum,Netral
@radianningsih6179,2025-09-26T05:36:24Z,Percayalah tahun depan iPhone 18 pasti rilis,Umum,Netral
@bulldroid5625,2025-09-26T05:36:03Z,Tetap iphone 13 paling bagus,Umum,Positif
@adista__,2025-09-26T04:41:19Z,Xiaomi 17 penantang😅,Umum,Netral
@aizachan-g8g,2025-09-26T04:32:55Z,Wtf kek Poco F3 & M3 😂,Umum,Netral
@NVGSxAngotter,2025-09-26T03:36:31Z,Semoga ada perubahan tampilan dan penambahan fitur pada imessage di iphone,Umum,Netral
@julianstevenwijaya99,2025-09-26T02:59:32Z,iPhone 17 Pro bagus banget,Umum,Positif
@Nurul-lb5ml,2025-09-26T02:51:29Z,17pro lebih baik kameranya karena terlihat lebih real.,Kamera,Netral
@sahmullohhaqulizzah7033,2025-09-26T02:42:06Z,Gua tertarik sama yg 17 base ini dibanding yg air atau seri pro 😅,Umum,Netral
@dwiaji7168,2025-09-26T02:36:44Z,"Tim suka nntn iphone tp mls beli,karena suka android aja, bukannya ngga punya duit",Umum,Positif
@dwiaji7168,2025-09-26T02:09:26Z,Ngeri emg hidup diindo pajaknya,Umum,Netral
@HalloHaydr,2025-09-26T01:18:50Z,"gimmick Apple soal UX emg ga ada lawan sih, bikin ""wow"" aja gitu... wkwkkw",Umum,Netral
@FaisalKarim-s9y,2025-09-26T01:06:42Z,"LAH IYA JUGA YA, DESAIN TOM AND JERRY, BARU NGEH",Desain,Netral
@faisalhnf,2025-09-25T23:51:55Z,"Kalau ambil foto jarak dekat pakai zoom 4x+ (17 Pro) atau 5x+ (16 Pro) bakal pakai crop Main camera bang, bukan Telephotonya karena jaraknya terlalu dekat dan diluar range focus telephotonya. Kalau di 16 Pro saya kira-kira minimal 4 meteran baru kepake Telephotonya, kalau 17 Pro kurang tau tapi harusnya bisa sedikit kurang dari itu karena focal lengthnya lebih rendah.",Kamera,Netral
@SariL-ty5gc,2025-09-25T22:42:19Z,"iPhone adalah jenis produk yang ga perlu diperhatiin bgt reviewnya sebenernya. Lu punya duit, beli, udah pake aja udah enak banget. Tapi hal baru apa yang dibawa itu emang menarik buat jadi bahasan kalo pengen selalu update soal smartphone. Cocok sih nonton gini sambil nemenin makan",Umum,Netral
@abdulmubdi2457,2025-09-25T21:46:03Z,Pajaknya masuk kmna? Dana MBG?,Umum,Netral
@hansyogaw.9270,2025-09-25T20:04:31Z,"Kak, mending 17pm atau s25 ultra?",Umum,Netral
@anchorboy57,2025-09-25T19:06:52Z,"Sayangnya 17 udah ga pake titanium,malah downgrade ga sih",Umum,Netral
@nurhafidaturrafiah9386,2025-09-25T19:05:14Z,Jdi lebih baik beli iphone 16 pro max atau upgrade 17 pro max ?? Jdi bingung,Umum,Netral
@faqihmirza666,2025-09-25T16:50:31Z,"Belum genap 12 bulan channel ini beli iPhone 16 di Singapur kalo gak salah, eh udah ada yg 17 lagi, salut sih. 
Tapi sebentar lagi rilis yang seri 18, tapi saya penasaran yang seri 19, dan pengen beli seri 20 aja sebentar lagi.",Performa,Netral
@ryarya9,2025-09-25T16:27:38Z,"kalo 60hz nya iphone aja setara 120hz android, ini 120hz nya iphone setara sama yang mana lagi😮😢😂",Performa,Netral
@r.katalis,2025-09-25T16:21:51Z,26:14 kode voucher nya apa? Mau co nih,Umum,Netral
@rkecilofficial,2025-09-25T16:21:39Z,Nunggu review comparenya Xiaomi 17 pro max. 🔥🔥🔥,Umum,Netral
@r.katalis,2025-09-25T16:12:09Z,"17:32 kalo iPhone/flagship pasti curiganya salah makenya, beda cerita sama hp 2 jutaan 😂😂😂, ya Allah semoga aku sukses dan bisa beli hp ini dengan mudah",Performa,Netral
@andrezkumakiciharada2778,2025-09-25T15:38:32Z,"IP 17 series yang keluar, Tapi Kok Hotel yang mulai ramai yaa...??? 🤔🫢🤭",Umum,Netral
@arikagasta7421,2025-09-25T15:19:54Z,Siapa yg nonton pke Redmi Note 10 Pro ? 😅😂,Umum,Netral
@romiputra1695,2025-09-25T15:16:48Z,tetap samsung s26 ultra pemenang nya tunggu aja nnti😊,Umum,Netral
@rnhemk_mj,2025-09-25T15:16:45Z,"ahhh mendang mending... nyimak aja
akhirnya xiaomi versi ipon. dihadirkan..",Umum,Netral
@leohendra3669,2025-09-25T15:04:38Z,"Kurangnya apple cuma bikin hp 1 series paling juga nambah embel"" pro/pro max
Gak kayak brand lain yang ada series m,y,v,s dll
Makanya modelny gitu"" doang lama"" terkesan biasa aja",Umum,Netral
@kireimoya5632,2025-09-25T14:54:17Z,"Aku tim suka orange.. apa aja yg orange mau aku beli,  bismillah kebeli orange yg ini",Umum,Positif
@fentinabila4368,2025-09-25T14:46:33Z,Secara model lebih bagus iphone 17 biasa sih,Umum,Negatif
@arypurwanto9188,2025-09-25T14:45:34Z,Di jual lagi ga bang??,Performa,Netral
@Andykoldhert,2025-09-25T14:21:18Z,"blm ada 2 bulan minang iphone 16, liat spec iphone 17 base model jadi nyesel dikit ngambil iphone 16 kmrin🥲🥲",Umum,Netral
@hansdaren803,2025-09-25T14:18:35Z,Kurang puas.. 😂 30jt dan pajak 9jt 😂,Umum,Positif
@ivanpaker,2025-09-25T14:09:44Z,"22:01 seperti tom & jerry, klo di PR sperti Goku 😅",Umum,Netral
@SatriaMahardhika93,2025-09-25T14:09:33Z,Lah bang david aja ampe bingun saat di compare sama iphone 16 pro 🤣,Umum,Netral
@Ardi-beas,2025-09-25T14:00:11Z,Whenn yahhh..... 🗿,Umum,Netral
@mixvidzone,2025-09-25T13:58:53Z,ini 17 pro emang pake nightmode kah? kaya kuning,Umum,Netral
@ginsgraph,2025-09-25T13:45:54Z,"bang, review xiaomi pad mini",Umum,Netral
@ahmadridho313,2025-09-25T13:44:03Z,"Pasti gak laku 17pro ini,,",Umum,Netral
@ahmadridho313,2025-09-25T13:40:06Z,Kelihatan murah padahal mahal kan,Baterai,Negatif
@egysurahman8567,2025-09-25T13:31:59Z,Poco m3 ku masih tersenyum kok,Umum,Netral
@2Stroke_Lovetarian,2025-09-25T13:07:48Z,user iPhone 16 pro nyimak,Umum,Netral
@hamkaal-nk9bo,2025-09-25T12:57:43Z,"Bang kalo tt ama oppo a5s hp ces tp ga ori, kira"" namba berapa yak😢",Umum,Netral
@muhammadabdullatip539,2025-09-25T12:36:01Z,Saya penasaran Coba lihat produk yg ini INOI A75 Elegance 512 gb apakah benar dan produk baru dari eropa Review dong😊,Umum,Netral
@Reza-p9t9d,2025-09-25T12:32:41Z,"Dulu paling inovatif, sekarang stuck 😂",Umum,Netral
@nhanezneciz06,2025-09-25T12:29:03Z,Semua tergantung selera dan UANG,Umum,Netral
@googlegoogleservis864,2025-09-25T12:25:23Z,Time yang gak pernah pakai iPhone 😊,Umum,Netral
@IfulAndikaPutra,2025-09-25T12:09:04Z,Masih stay di ip 13 basic,Umum,Netral
@fightergaming3856,2025-09-25T12:02:44Z,kak david coba bahas updet 26 beta donf kak ktnya bnyak bug dan cepet panas ho nya🙏,Performa,Negatif
@FerbyArisaka,2025-09-25T12:01:47Z,Liat iphone 17 minder gue masih pake 13 pro max ... Gpp yang penting dulu belinya lunas kaga cicilan 😅,Umum,Netral
@WaWan-wb1pb,2025-09-25T12:00:20Z,Pelan2 akan jadi nokia jilid 2 😂,Umum,Netral
@fajar_Editz856,2025-09-25T11:51:07Z,Apple tobat fitur yang baru tapi apple masih belum tobat di aksesoris box hp nya,Umum,Netral
@CleonBuntaran,2025-09-25T11:42:16Z,bagi hp bang wkwkkw,Umum,Netral
@KelasTimoty,2025-09-25T11:29:02Z,Nonton tapi ga beli,Umum,Netral
@dahmidotcom,2025-09-25T11:13:35Z,"Gopix 5 kayaknya pelopor warna SAGE dan bodynya juga unibody metal + campuran, KLO kata droidlime material KARDUS 😂",Desain,Netral
@figounggul,2025-09-25T11:05:52Z,Tim yang nonton doang nggak beli👉,Umum,Netral
@mahenddm,2025-09-25T10:59:46Z,Jujur masi make realme 3 pro gue,Umum,Netral
@blantikcoffe6151,2025-09-25T10:28:01Z,30:08 expresi kekecewaan kliatan jelas di david 😂😂😂,Umum,Negatif
@firmanjuma,2025-09-25T10:28:00Z,Maaf bang material ip 17 basic masih pake titanium atau alumium?,Umum,Netral
@aufabcde,2025-09-25T10:27:18Z,mending iphone 17 apa iphone 17 pro yaa?? worth it yang mana guys,Harga,Netral
@ojiramakopo7338,2025-09-25T10:02:37Z,"Desain ai...pun..
.😂😂😂13,14,15,16,17 kayak kartu domino...cuma dipindah2 aja...kameranya...mending hp jaman Nokia tahun 2000 an lalu..banyak model dan desainnya beda2

Bentar lagi aiii...pun 20 keluar 😂😂 kameranya berjejer kebawah..6 buah..😂😂",Kamera,Netral
@tacky2273,2025-09-25T09:53:21Z,"iphone bener bener hp gengsi njir, gw pernah jadiin hp utama setelah beberapa hari doang udah gak enak, kayak ada yang kurang gitu, gw udah make android bertahun tahun baru ini bedanya, karena googlenya gak sebanyak diandroid, mau login game google aja gak bisa",Umum,Netral
@khairos09,2025-09-25T09:33:01Z,Sekilas mirip poco x7 pro yg ijo 🤣,Umum,Netral
@mazartstudios3371,2025-09-25T09:15:55Z,wkwkwk bro kecewa pas first time buka box ip 17 pro,Umum,Negatif
@abdulmaruf596,2025-09-25T08:53:45Z,Ka ada hp baru xiaomi 17 pro bakalan saingan IP 17,Umum,Netral
@YockSuwarno,2025-09-25T08:52:36Z,Kalah sama samsung S25 Ultra.,Umum,Netral
@muhamadandy99,2025-09-25T08:49:28Z,Menunggu XIAOMI 17,Umum,Netral
@MurhiAllansadewa-c6r4d,2025-09-25T08:49:21Z,iPhone 17 pro produk gagal total,Umum,Netral
@cowokbaik-baik,2025-09-25T08:48:36Z,01:14  KALAU BENER,Umum,Netral
@EntityAnonymous,2025-09-25T08:12:11Z,Berapa banyak haters SDM low disini?,Umum,Netral
@RifqiehananUkail,2025-09-25T07:55:18Z,Bang bahas Infinix gt 30 yang biasa,Umum,Netral
@sasya-q3l,2025-09-25T07:31:04Z,"harusnya design 17 pro warna gold yang kalem, kek iphone xs. biar kesan ""pro"" nya keliatan 😂",Desain,Netral
@muhghifaridzakizar1543,2025-09-25T06:42:28Z,Nunggu harga hpnya jadi 6 jutaan baru beli😂,Harga,Netral
@aufaAzalia-n3d,2025-09-25T06:34:25Z,REVIEW XIAOMI 17 PRO MAX🤩,Umum,Netral
@Sogiman-k5b,2025-09-25T06:12:57Z,Sy nyimak brani komen ktika David bilang sperti poco 😅. Ikut ngakak 😂.,Umum,Netral
@ndonrendon,2025-09-25T06:12:09Z,Samsung a17 kpn nih,Umum,Netral
@mechakawaii99,2025-09-25T05:13:36Z,pake lipbalm banggg Allahuakbar wkwk,Umum,Netral
@Noris_Joman,2025-09-25T04:51:08Z,kirain kamera nya bisa geser bang,Kamera,Netral
@slazer0905,2025-09-25T04:45:16Z,next yang air nya ya bang,Umum,Netral
@WawaSelvia,2025-09-25T04:38:13Z,Ijo bolu pandan,Umum,Netral
@ArdiaChannel-obv,2025-09-25T04:12:40Z,Bang kalau iphone 17 pro max itu ada ??,Umum,Netral
@HsanBasri,2025-09-25T03:54:34Z,Yg masih nonton pakai xs 🗿>>,Umum,Netral
@mchaelbutarbutar142,2025-09-25T03:35:28Z,Ngerasa kalau Bezel iPhone 17 pro lebih tebal dibanding iPhone 16 pro,Desain,Netral
@viniimanuella3192,2025-09-25T03:26:10Z,koq gue lebih enak ngeliat hasil jepretan kamera iPhone 16 pro daripada iPhone 17 pro yak? lebih jernih dan tajam hasil jepretan kamera iPhone 16 pro 🙄🙄,Kamera,Netral
@viniimanuella3192,2025-09-25T03:15:32Z,feel menggenggam body 17 pro seperti menggenggam body iPhone 6,Umum,Netral
@dinakarisa-u1p,2025-09-25T01:42:15Z,IP 17 pro dari bentuknya ko kaya aga kehilangan ciri khas nya hp IP ya,Umum,Netral
@AaIlyas-k4w,2025-09-25T01:08:40Z,"17promax desain percobaan kl respon pasar bagus bakal di pertahanin kl jelek bakal di ubah, mungkin 18-20 promax bakal di kasih layar kecil di samping kamera belakang itu lebih bagus",Kamera,Negatif
@yudiansyahadis4497,2025-09-25T00:24:17Z,Xiaomi 17 pro bang,Umum,Netral
@Miseland1T,2025-09-25T00:18:19Z,"Pada heboh sama warna, lu kasih case aj udh beres",Baterai,Netral
@AlexBlackOn,2025-09-24T23:55:49Z,iPhone 17 z air belum di review???,Umum,Netral
@nbilmariee,2025-09-24T23:27:41Z,"bg untuk coba fitur landscape ny coba tambahin 3 org dibelakang lagi, kayany kalo berdua gabakal aktif",Performa,Netral
@Sigit25-y5j,2025-09-24T22:50:59Z,Desainya jugu agak kurang wah kyk bukn apel,Desain,Netral
@jhonwickk-f2c,2025-09-24T22:46:59Z,"w penasaran bgt sma sama hp yg d riview ini, abis d review di kemana in ya",Umum,Netral
@yokana8809,2025-09-24T22:21:13Z,"Dari 9jt an klo masuk Indonesia nyampe 30jt?. 


GILA

Pantesan Apple milih invest ke Vietnam, di Indonesia aja baru pajak produknya udah gede banget. Btw Iphone emang mahal, tapi klo lu kerja di luar negeri lu kerja sebulan dua bulan udah kebeli Iphone.",Baterai,Netral
@Quhaku,2025-09-24T22:11:40Z,Kalau mau jujur sih dari segi desain masih bagusan poco wkwk,Desain,Positif
@calonpetrus9723,2025-09-24T21:41:51Z,jangan di beli guys banyak problem sampe masuk berita di amerika hati hati....,Umum,Netral
@Tomixnagato,2025-09-24T20:43:01Z,"Buset batre gede tapi tebel body, Brand lain batre badak body tipis 😹
Btw hasil foto nya kek agak kekuningan gitu kek IP 13 😹",Kamera,Netral
@DRsakti,2025-09-24T19:53:49Z,Iphone terburuk 😂,Umum,Netral
@iqbalsaputra1010,2025-09-24T19:40:31Z,Beuhhh keren bang😮🗿,Umum,Positif
@imamrizza7206,2025-09-24T19:00:59Z,"Jadinya nunggu seri 18 aja.
Awalnya pengen up dari 15 PM.
Kurang sreg sama body alumunium nya dan desain Belakang.
Untuk upgrade sisi daleman mesin ok lah.
Tapi design dan inovasi kayanya perlu kita edo tensei steve jobs.",Desain,Netral
@muhammadzakkyrifqi6047,2025-09-24T18:14:21Z,Nonton pake ip 11😢😂,Umum,Netral
@ardhenardhana5725,2025-09-24T17:48:20Z,nonton pake fold 7 sambil nunggu 17 pro msk indo 😍,Umum,Netral
@autograp22,2025-09-24T16:26:01Z,"Warna sage pertama kali diperkenalkan sama google pixel 5 tahun 2020 seketika langsung lumayan hype, dan anehnya pixel 5 juga yg pertama kali yang bisa wireless charger dengan body unibody aluminium (walaupun ga 100%) . ❤",Desain,Netral
@agungwijayathr1800,2025-09-24T16:01:52Z,Waduh kok sama 16 Pro lebih bagus.     😂,Umum,Negatif
@ibrahimovichasyim2337,2025-09-24T15:11:15Z,Rumor Iphone 18 dong Bang Indra Bassist Ex Peterpan,Umum,Netral
@kangmasfarid7700,2025-09-24T14:43:46Z,Poco x6 sm poco x7🗿,Umum,Netral
@anakayong86,2025-09-24T14:34:13Z,Vivo and poco,Umum,Netral
@feryzalkasande780,2025-09-24T14:23:23Z,Aku pengguna Samsung liat iphone kek biasa aja,Umum,Netral
@Armanz24,2025-09-24T14:14:30Z,"13:17 Xiaomi udh dari dlu. 🤣
Tapi icon pesawat pas flight mode detail kecil yg unik sih. Wkwk",Umum,Netral
@ozzamp4,2025-09-24T13:51:04Z,Bang review infinix GT 30 5G dong,Umum,Netral
@nununugraha9276,2025-09-24T13:44:55Z,Dari tahun 2019an sage udah booming,Umum,Netral
@Zeeyb0y,2025-09-24T13:35:20Z,25:03 the punchline 😂,Umum,Netral
@KafeelRavindra,2025-09-24T13:33:07Z,Terimakasih banyak om @Gadgetin setidaknya tau gmn rasanya megang iPhone meski sebatas nontonin,Umum,Netral
@Joyboyisreal,2025-09-24T13:15:11Z,Sage naruto sama lagi,Performa,Netral
@panjisvlogday,2025-09-24T13:13:33Z,sebenarnya iphone yg terbaik itu dipegang oleh 13 pro max.,Umum,Netral
@AgungRaharjo-ss6hp,2025-09-24T13:02:05Z,saya user samsung cuman nonton aja 🙂,Umum,Netral
@andrisetiawan9753,2025-09-24T12:49:04Z,Orange kaya Nokia 2600 clasic 😅,Umum,Netral
@Sukasukamela,2025-09-24T12:37:09Z,17 promax jadi fotobya kek kuning gtu,Kamera,Netral
@veandraarkanprakoso128,2025-09-24T12:36:05Z,"Lebih ke 16 pro sih...
17 pro malah kelihatan kuning juga😂😂",Umum,Netral
@ppl-j7e4c,2025-09-24T12:17:27Z,"iphone 11 turun di harga brapa ya, nanti udah di 2jt an ap ttp 3jt?",Harga,Netral
@fathurisyraqi3463,2025-09-24T12:15:05Z,Bang editor loo kok mirip iben sama Ibnu jamil,Umum,Netral
@MuhammadArfan-v5i,2025-09-24T12:08:28Z,Dari desain gambar box nya malah kayak mainan 😂,Desain,Netral
@ohbegitu5045,2025-09-24T11:58:05Z,masih stay di 11pro. blm ada poin yg pengen bikin upgrade sampe 17 hmm.,Umum,Netral
@zabotase9147,2025-09-24T11:57:46Z,"dulu gua ngehujat pocco karna desain itu.. begitu dipakai aple ,, ya keren 🙈",Desain,Positif
@Tektravto,2025-09-24T11:37:44Z,Kalau yang landscape harus lebih dr 2 orang bertiga atau berempat baru auto rotate bg,Umum,Netral
@clayworldwide,2025-09-24T11:30:09Z,Poco x6 pro hadir 😂,Umum,Netral
@inspira233,2025-09-24T11:02:39Z,kayak hp 2 jt an yang pro wkwk,Umum,Netral
@romynasmiwibawa7044,2025-09-24T10:55:49Z,Bg bagi hp lu,Umum,Netral
@AganHarry,2025-09-24T10:51:45Z,.Jujur iphone sudah kehabisan inovasi..maaf,Umum,Netral
@korizky4837,2025-09-24T10:51:40Z,paling suka sma iPhone dri dlu tuh cuma di ukurannya aja yg enak bnget ditangan pas. ga kya android jman skrng behh kegedean pisan😂,Umum,Positif
@AsriAsriyah-cb4lo,2025-09-24T10:39:50Z,Setelah dikasih casing malah jd makin kureng si orenn😂,Baterai,Netral
@ajifree9875,2025-09-24T10:27:37Z,"IPhone 17 Pro menang di kontras warna, kalo di banding IPhone 16 Pro. Untuk detail masih menang IPhone 16 Pro.",Desain,Netral
@lolo_gogo,2025-09-24T10:27:18Z,"gan, itu pajaknya total 8.9jt itu 2 hape yg masing2 kena potongan 500$ apa cm 1 aja yg kena potongan 500$? brarti bener ya skrg udah ga ada lagi potongan pph..",Performa,Netral
@-GABISAMAIN-,2025-09-24T10:03:00Z,Bang bahas itel s26 ultra dong,Umum,Netral
@riannata7493,2025-09-24T09:58:30Z,"kaum nonton dongk, beli kagak 😂",Umum,Netral
@agungtheprofessional,2025-09-24T09:56:02Z,"Masih pake iPhone 6S Plus. Masih lancar, bening dan ga ada kendala... Cuma dua kali ganti batere. Mesti upgrade ini 😁",Umum,Netral
@septianrishal,2025-09-24T09:54:54Z,"Seri basic tinggal upgrade sensor ke 1/1.28 kaya seri pro udah sempurna
Layar, baterai, kamera perfect",Kamera,Netral
@AnnasKurniaRamadhan,2025-09-24T09:40:21Z,Masih setia sama redmi 😁,Umum,Netral
@zoid647,2025-09-24T09:28:08Z,Gw masih nunggu iphone pakai 2 SIM dan bisa clone APP umum.,Umum,Netral
@igKhoirul_,2025-09-24T09:17:53Z,bang bikin rekomendasi hp android dong,Umum,Netral
@todaypong,2025-09-24T09:17:45Z,"Gw belum pernah pake iPhone, tapi suka warna oren",Desain,Positif
@Zxy.AF_02,2025-09-24T09:17:24Z,nokia zaman dulu ternyata ada AOD,Umum,Netral
@granedlolioat8317,2025-09-24T09:04:35Z,Ini warna Sage dari character valorant yang namanya Sage,Desain,Netral
@Hiiiomm,2025-09-24T08:48:50Z,bismillah pindah dari samsung ke iphone,Umum,Netral
@KhodijahFebriana,2025-09-24T08:33:07Z,Xiomi 17 pro bang,Umum,Netral
@acidzthy,2025-09-24T08:30:06Z,bang bikin video rekomendasi leptop 4jtan bangg,Kamera,Positif
@manukarbyanus7335,2025-09-24T08:27:35Z,bang xiomi 17 pro udah ada belum?,Umum,Netral
@relationship3726,2025-09-24T08:26:32Z,XIAOMI 17 PRO mirip tapi ada inovasi tambahan,Umum,Netral
@Ree1995,2025-09-24T08:14:30Z,Design terkonyol 😢,Umum,Netral
@putraramadhan6858,2025-09-24T08:10:36Z,Bang coba bandingin sama kamera google pixel 10,Kamera,Netral
@RayapGudang,2025-09-24T08:07:34Z,"Bang David, neks review  Xiaomi 17 pro klo dah rilis vs ipon 17 pro. Kayaknya seru perang teknologi nya",Umum,Netral
@muhammadramadhan4356,2025-09-24T08:05:50Z,TIM yg suka nontn dari ip 6 smpe sekarang tapi mikir 2 kali buat beli,Umum,Positif
@cahyoaroyanto5927,2025-09-24T07:58:14Z,"mas,adanya kehilangan.. sesuatu produk",Umum,Netral
@hanshendrikson1029,2025-09-24T07:54:00Z,Hasil foto 17 pro seperti hasil foto di 13 base model kek ada kuning2 bgtu,Kamera,Netral
@blankers_88,2025-09-24T07:53:42Z,"Nanti kalo udah keluar xiaomi 17, review bang, trus compare sm iphone 17, biar pada lihat perbandingannya",Umum,Netral
@qwertyok-g4i,2025-09-24T07:39:41Z,nonton pake 7+ 😂😢,Umum,Netral
@827woi8,2025-09-24T07:30:31Z,Nunggu poco muncul warna orange 😂😂😂😂😂😂😂😂😂,Desain,Netral
@PANTEKWAANG-lv9lo,2025-09-24T07:16:57Z,Bg minta 1 iphon nya,Umum,Netral
@xraycom-4522,2025-09-24T07:01:30Z,iPhone 17pro terbaru anti gores casing nya,Baterai,Netral
@jomsonparsa2996,2025-09-24T06:56:27Z,"120 Hz tahun 2025 , android sudah jauh bet ios baru mulai, kaya gini emng kalau perusahaan jualan merk, tahun besok udh bingung dia jualan apa ne udh mntok kayanya ne iphone, minim inovasi,",Umum,Netral
@hanafiishariyanto96,2025-09-24T06:51:46Z,gila mahal banget pajak nya,Baterai,Negatif
@hanafiishariyanto96,2025-09-24T06:51:26Z,gila mahal banget,Baterai,Negatif
@jordanelmskuy2986,2025-09-24T06:38:24Z,"user xr tahun ini baru mau upgrade, better ke 15 pro max or 16 base ya?",Umum,Netral
@aessvfg1852,2025-09-24T06:29:19Z,"aku sebagai pengguna iphone 7 ,kenapa di mata ku foto kamera belakang iphone 17 😅grafik nya malah kek sama loh ,atau memang layar hp ku ya ,cuman lebih tajam dan hdr nya lebih luas di iphone 17,semoga bisa upgrade",Kamera,Netral
@TarmiziPrasetya,2025-09-24T06:07:47Z,"13:33 ucap seorang pakar hengpon nih.
Tapi masih ada aja yg suka debat ipon vs andro",Umum,Positif
@KiyotakaAyanokouzi-y3o,2025-09-24T05:57:26Z,"Maaf Bang saya mau tanya🙏🙏,Saya ga sengaja nusuk lobang mic pke sim ejector bahaya ga Bang? Takutnya Ip68-69 ga berfungsi lagi, hp saya Vivo v50.Yg Tau boleh tolong jawab🙏",Performa,Netral
@ilhamae8395,2025-09-24T05:52:09Z,Bang david. COD laptop nya gimana? Jadi gak?? 😂,Umum,Netral
@bettingmania3550,2025-09-24T05:27:11Z,"Pajak gede"" bgt ,, itu kira"" duit nya kemana ya...",Umum,Netral
@riyadicobra123,2025-09-24T05:26:54Z,Bagus iPhone 17 pro max😢,Umum,Positif
@Tecno40pro-m7c,2025-09-24T05:25:57Z,Bang coba review up phone unplugged,Umum,Netral
@SapuanAndika,2025-09-24T05:08:56Z,"iPhone menurut gue yg GK mirip android hanya tipe bes model 15 ke bawah, kalau pri sama promax android juga banyak model begitu",Umum,Netral
@yunidewipurnamasari9996,2025-09-24T05:08:31Z,Bagi pemilik 16 promax merasa bahagia krn 17 pro biasa aja. 🤣,Umum,Netral
@ramelmelbert,2025-09-24T05:06:06Z,xiaomi 17 pro lagi vid,Performa,Netral
@wendyamarta2368,2025-09-24T05:04:15Z,"Beda Versi IOS bisa beda hasil camera bang david, krna yg 16 pro itu tadi masih IOS 18. dan yg 17 pro sudah di 26.0 yg notabene masih banyak bug menurutku (aku pakai di Ip13 ada bug pusat kontrol masih bisa dibuka pada saat layat terkunci, walopun di pengaturan sudah di off'in) itu salah satunya",Umum,Netral
@MalumTheLabrador,2025-09-24T05:02:02Z,*IPhone 16 Pro udh lebih dari cukup*,Umum,Netral
@SapuanAndika,2025-09-24T04:57:48Z,"Jujur saya suka iPhone karna memori nya gede sama camera nya aja sehabis itu B aja karna hp lain kebutuhan nya sama aja dah, yg GK baik bagi saya ini iPhone supaya ngapa coba GK henti"" belum lama udah ngeluarin yg baru Terus, jadinya orang GK bisa lama menikmatin hp nya udah ada yg keluar yg baru lagi",Performa,Positif
@SenSaba-s7u,2025-09-24T04:45:03Z,Makin kesini desain kamera apple makin buriq batt dahh masih bagus ip 11-15 ini makin jelek bet menurut opini gw jdi kaya hp kampung njir😅,Kamera,Negatif
@sanimunawar,2025-09-24T04:39:11Z,Baru kali ini kurang suka designnya iPhone 17 pro... Apalagi pas di kasih casing makin aneh,Baterai,Positif
@haziellatupapua,2025-09-24T04:38:24Z,worth it ?,Harga,Netral
@yuzoHamsah,2025-09-24T04:34:28Z,Tidak salah saya memilih ANDROID 😅,Umum,Netral
@fajar_alexander,2025-09-24T04:18:53Z,"17:22 liat reviewer lain, keknya harus lebih dari 2 orang baru bisa auto rotate",Umum,Netral
@kurniawanazizoktavianto8019,2025-09-24T04:14:53Z,"apple Now ""Designed in China, assembled in China""",Umum,Netral
@alexanderagung7109,2025-09-24T04:12:02Z,Emang udh paling bener klo mau upgrade nunggu iPhone 30 promax release aja dah baru beli,Umum,Netral
@yuniardp1703,2025-09-24T04:07:46Z,13:35 pesawatnya juga ngikut terbang ke kanan lucuuu,Umum,Netral
@RyanLiwutang,2025-09-24T03:55:08Z,Mistery box lagi bang,Performa,Netral
@omagaaat,2025-09-24T03:54:58Z,Iphone kelahiran 2020 ini desainya😂,Desain,Netral
@fbi1172,2025-09-24T03:40:03Z,"Gak heran kok Tempat kerja gua pada rame gua rasa dari kemaren kemaren pada chek in chek out.

Ternyata ada yg baru lagi toh",Performa,Netral
@WahyuSatria-o5y,2025-09-24T03:39:37Z,bangg Samsung a 26 bang,Umum,Netral
@robertisimanungkalit6843,2025-09-24T03:27:27Z,Review Pixel 10 bg,Umum,Netral
@sahar2489,2025-09-24T03:22:21Z,bang rekomendasi hp bugdet 6jt an dong,Umum,Netral
@efootball_goals,2025-09-24T02:56:44Z,Awal oktober udah masuk kok! Kata gw (heru),Umum,Netral
@Koh_EhntoL_irHeNk,2025-09-24T02:53:40Z,review redmi note 17pro bang.. @Gadgetin,Umum,Netral
@DDLOVE27,2025-09-24T02:52:33Z,HP POCO.. AKHIRNYA IPHONE NIRU POCO HAHAHAA,Umum,Netral
@jefrirosi7078,2025-09-24T02:46:25Z,"Bang David minta recom RAM 6 dibawah 1,5 & toko shope yg terpercaya terimakasih 🙏🙏",Umum,Netral
@baranur8787,2025-09-24T02:39:38Z,Xiaomi 17 siu,Umum,Netral
@sanose80,2025-09-24T02:22:32Z,Skrg hp iphone monoton ya😂 malah ngikutin poco m3. Berasa poco m3 remastered😂,Umum,Netral
@mas.fikri.339,2025-09-24T01:59:58Z,"17 ukuran 6.3 kecil banget loh enggak lega lihat video baca-baca edit foto video capcut. 
17 pro dan promax model belakangnya makin jelek, masih bagus belakangnya 14 promax",Kamera,Negatif
@mdzikriabdillah373,2025-09-24T01:56:51Z,cepat juga ya,Umum,Netral
@Infeksi_Nalar,2025-09-24T01:43:37Z,Biasanya brand besar di contek brand dibawahnyah....eh ini malah iphone membuat replika hp poco 😂😂😂,Umum,Netral
@Dzulumat08,2025-09-24T01:36:43Z,kalo pake case mirip poco cik wkwkwkww,Baterai,Netral
@chienthyasoedira1555,2025-09-24T01:35:57Z,"Sage tuh nama Salah satu Herb bang , daun sage warnamya bgitu ijo luntur",Desain,Netral
@arifsadikinpurnama7095,2025-09-24T01:35:04Z,bang review hotwav c16 pro,Umum,Netral
@TankS5-j9t,2025-09-24T01:15:12Z,andro udah pakai 144 ini baru masuk 120🤣,Umum,Netral
@sigit.z4202,2025-09-24T01:14:40Z,Mamam tu 120 hz iPhone 😂,Umum,Netral
@usagi-jhonatan,2025-09-24T01:05:11Z,bang david coba dong samsung A17 ❤,Umum,Netral
@BrendiBernadya,2025-09-24T00:58:52Z,Knp kok gak beli iPhone 17 air bang?,Umum,Netral
@khsieb9389,2025-09-24T00:47:57Z,Alhamdulillah nonton ini pke samsung😊,Umum,Netral
@GazaCeaseFireNow67-26,2025-09-24T00:47:48Z,Worth it banget sih dibeli . Di beli awal tahun 2029,Harga,Positif
@AditJaya-z6z,2025-09-24T00:42:19Z,"Harga di cina 16.800.000
Di indo double price 😂",Harga,Netral
@muhammadmunshif2028,2025-09-24T00:41:48Z,Vs xiaomi 17 pro bang 😂😂😂 rame pasti😅,Umum,Netral
@GazaCeaseFireNow67-26,2025-09-24T00:38:35Z,19:20 sudah kuduga 1 TB . Dari tahun ke tahun belinya 1 TB terus,Umum,Netral
@parnosevenfold4474,2025-09-24T00:12:30Z,niatnya mau beli iphone...ehh malah beli samsung s25 ultra,Umum,Netral
@septiannurakbar,2025-09-24T00:12:17Z,Bang David coba unboxing itel S26 ultra donk,Umum,Netral
@Channel_ini_bermasalah,2025-09-24T00:04:44Z,Apa sic special nya iphone?,Umum,Netral
@Luxima-Studio,2025-09-23T23:59:22Z,"Apple emang pinter mainin strategi planned obsolescence. Dulu keliatan jelas di teknis — update software dibatasi, hardware susah diperbaiki. Sekarang lebih halus, main di psikologis. Desain tiap tahun cuma beda dikit, tapi dibungkus marketing biar orang ngerasa HP lamanya udah ketinggalan. Ada riset konsumen (Journal of Consumer Research, 2018) yang nunjukkin kalau rasa ‘outdated’ itu sering lebih kuat bikin orang beli baru, daripada produk beneran rusak.",Desain,Netral
@bismaedgarpmgks3221,2025-09-23T23:58:35Z,"Iphone emang bukan buat kaum mendang mending, dari harganya aja udah keliatan. Udah liat review orang lain, tapi bang david yang bikin enjoy dan ketawa ketawa sendiri. Makasih bang david, jadi makin semangat nabung buat beli rumah.",Baterai,Netral
@Opps__286,2025-09-23T23:58:26Z,"lanscape nya harus banyak orng si kalo gk salah,",Umum,Netral
@elmeiherianto2021,2025-09-23T23:53:50Z,"BANG DAVID PLEASEEE REVIEW XIOMI 17 PRO BUAT COMPARE SAMA I-PHONE 17 PRO, PASTI SERU🙏🏼🔥😁",Umum,Netral
@margirelaxation5786,2025-09-23T23:52:51Z,"kalau photo,lebih bagus kemana-mana yang 16 pro",Umum,Negatif
@anggabayu7045,2025-09-23T23:41:01Z,Lagi hits emang bang ijo sagne 😅,Performa,Netral
@JustStone_xx,2025-09-23T23:37:05Z,Bang David buat konten mystery box lagi bg,Performa,Netral
@esyaaa-u1g9h,2025-09-23T23:36:09Z,Bang coba review Oppo k13 turbo,Umum,Netral
@terawang4429,2025-09-23T23:18:51Z,Wahhh. Bakal rame ni hotel,Umum,Netral
@ryndwptra,2025-09-23T23:05:54Z,kalau suruh pilih bakal pilih yg 16 sih kaya lebih elegan aja. cuman sayang nya ga ada yg ngasih pilihan dan ga ada yg bakal ngasih juga🗿,Umum,Netral
@Kataadi54putra,2025-09-23T22:17:52Z,"Kita bayar pajak , pajak di korup 😂",Umum,Netral
@diaulfuad,2025-09-23T22:10:49Z,Tak bisa d pungkiri. Idaman orang yg punya uang pas pasan seperti kita😅,Umum,Netral
@VikarsonGulo,2025-09-23T21:55:46Z,next review xiaomi 17 promax bang,Umum,Netral
@YoguUtyi,2025-09-23T20:56:57Z,HABIS INI GOPIX 10 PRO XL,Umum,Netral
@AnisaAlamsyah,2025-09-23T20:08:18Z,Ko yang orange mirip nubia sih😅,Umum,Netral
@mokhammaderfan5050,2025-09-23T19:48:45Z,Bang kalau habis unboxing hp nya nggak di jual lagi?,Performa,Netral
@trisnobanzaai8776,2025-09-23T19:35:01Z,Ujungnya bang david tidak terlalu senang maupun puas.,Umum,Positif
@herixamlay1034,2025-09-23T19:31:22Z,Misteri box bang mana.. nungguin mulu,Umum,Netral
@MTegar-qf4sw,2025-09-23T19:25:58Z,"b aja ga ada yg membuat terkesan kayak wow banget, mending samsung s25 ultra",Umum,Netral
@burungwalet9684,2025-09-23T19:23:12Z,Klau jatuh tahan aja kah min??,Umum,Netral
@apihasa9115,2025-09-23T19:09:00Z,"Gk tau knpa, kalo masalah iphone cuma nungguin David review.. candu banget.",Umum,Netral
@yudhaadamprayoga,2025-09-23T19:06:00Z,sangat terlihat kecewa saat buka iphone 17 pro 😆,Umum,Negatif
@nazwima4534,2025-09-23T19:04:22Z,kyknya Iphone 17 plus mah ini pake Ai kli kalo kita pake ngezoom soalnya dia kyk pengen smoothkan gtu biar ga blur tpi hasilnya jdi terllu smooth dan halus jdi ga klitan detail,Kamera,Netral
@al_amsyr4726,2025-09-23T19:01:15Z,Harus nambah orang lg om klo mau preview cameranya bisa lanscpace,Umum,Netral
@mistergaming1538,2025-09-23T18:57:59Z,Kapan bahas fersi XIAOMI 17 PRO nya bang. penasaran pendapat abang.,Umum,Netral
@shaneathallah4100,2025-09-23T18:50:31Z,itel s26 ultra bang,Umum,Netral
@ardiannurramdani5898,2025-09-23T18:42:06Z,Bang bikin konten mystery box lagi dong🥲,Performa,Netral
@rizalkece-mv4vu,2025-09-23T18:40:37Z,Bang review hp google pixel 10 pro xl,Umum,Netral
@irwankurniawan5831,2025-09-23T18:40:29Z,Poco 17 pro 😅,Umum,Netral
@anggiasaputra216,2025-09-23T18:22:00Z,17:25 itu harus lebih 2/3 orang supaya landscape,Umum,Netral
@kensatosfomo,2025-09-23T18:11:50Z,"30:05 kayanya gara2 ga pake tripod + timer?.. .pake lensa zoom sampai 8x tangan harus kaya tripod... apalagi indoor, en pake cahaya lighting continuous 😀😀 tapi jujur as user r5m2 + xt5, photo kualitas ipon ""biasa"" kok .. yng istimewa itu videonya ... sat set smooth lsg jadi duid 😍",Kamera,Netral
@sinyofebri9573,2025-09-23T18:01:01Z,Huhu ijo sage nya bagus ternyata,Umum,Positif
@randinofrizon7229,2025-09-23T17:45:58Z,"Awalnya tertarik liat yg warna oren , tapi pas liat video ini, jadi lebih tertarik yg wana putih atau biru gelap nya 😅",Kamera,Netral
@ucok-r9u,2025-09-23T17:33:51Z,"umur udah 27 sekalipun gpernah pake iphone, iphone 1sekalipun pun gk pernah punya, cuma punya tecno pova 4 yang retak sehelai rambut tapi banyak, dengan chiset helio G99 udah cukup banget buat main efootball selalu proplayer, emg terganggu karna retakan, tapi gw tetap suka tecno pova 4,,,,",Umum,Positif
@Lavatelasmanos-j6n,2025-09-23T17:15:15Z,BANG BAHAS PIXEL 10,Umum,Netral
@AdeJunaidiSTC-Group,2025-09-23T17:12:59Z,Pembaharuan yangbluar biasa membagongkan😂😂😂,Umum,Netral
@AliZein-v7d9d,2025-09-23T17:11:28Z,"Gua ga minat ipong😂...bang xiomi 17 pro max...tolong hadirin ...gua cumn ngestak di redmi note 1o pro doang ..mau buka tabungan buat beli langsung loncat yg 17 pro max ... semogaa aja ada nih bang,ayo lah bang xiomi 17 pro max 🥰",Umum,Netral
@Margonda_,2025-09-23T17:07:39Z,lama² jadi seharga motor. Rugi banget,Harga,Netral
@PancetYovan007,2025-09-23T17:01:49Z,"1 minggu setelah rilis resmi di indo, muncul versi hdc dan direview david 🗿",Umum,Netral
@DramaFilm-f2i,2025-09-23T16:55:52Z,Next hp INFINIX GT 30 bang😁,Umum,Netral
@bhagaskara3361,2025-09-23T16:54:31Z,Aku yang masih pake 7+😅,Umum,Netral
@MhmmdFikrii15_,2025-09-23T16:52:38Z,nonton dlu beli nanti,Umum,Netral
@Krisnaeyes,2025-09-23T16:52:26Z,TOLONG JANGAN KOMEN “TIM NONTON DOANG GA BELI”,Umum,Netral
@corollacross5122,2025-09-23T16:50:07Z,xiaomi 17 pro dan pro max donk bang,Umum,Netral
@Alizar-y9n,2025-09-23T16:47:14Z,"Biasa aja sihh di beli juga ya karena uang lebih,kalau gak punya uang lebih ya Mikir"" lagi masih banyak hp yg bagus dan harga lebih terjangkau",Performa,Positif
@DittZora,2025-09-23T16:43:13Z,Nunggu yg 16 turun harga wkwkwk kalo yg 17 gak kuat,Harga,Netral
@sigitprabowo3227,2025-09-23T16:40:45Z,Widih ngejreng bgt hp poconya bang David 😂,Umum,Netral
@wimpytan6758,2025-09-23T16:36:08Z,Samsung A05 4/64 1.2jt juga hijau sageH😂,Umum,Netral
@WMN1988,2025-09-23T16:25:08Z,kapan updte lagi yah ios nya ini beneran banyak bgt bugs nya,Performa,Netral
@mainmusic__,2025-09-23T16:23:01Z,kapan2 review Xiaomi 17 pro max banggg,Umum,Netral
@adivikolii227,2025-09-23T16:20:12Z,nanti lanjut riview oppo A6 pro bang,Umum,Netral
@chanellblank342,2025-09-23T16:20:04Z,bagi pengguna android flagship  seperti saya  setiap kali IP ngeluarin produk terbaru  saya selalu ngakak lihat desainya tetap gitu2 aja cuma bagian kamera dan lampu flash aja di gosar geser letakny 😁😁😁😆😄,Kamera,Netral
@arifinpatritius868,2025-09-23T16:11:26Z,"20:37 Oza bang, Oza Rangkuti wk",Umum,Netral
@ridhwannasution5085,2025-09-23T16:06:06Z,"zflip udah sampe 6, iphone malah balik alloy 😂😂😂😂😂😂😂😂😂😂😂😂😂😂😂😂😂😂😂😂😂😂😂😂😂😂, gitu jelek pulak. biasa nungguin apple event liat info menarik apa innovasi menarik, gimmick2 seru, ini beneran lebih excited ke ios 26 nya aja, karena udah pake mac os 26 dan b aja gada tampilam yang wow juga. malah ilang launchpad yg bkin ganjel",Umum,Negatif
@pepeppepsoden3538,2025-09-23T15:59:15Z,"yang 17 pro kesanya kayak hp murah menurut gw, apa karena warnanya yaa",Desain,Netral
@win3223__,2025-09-23T15:55:32Z,"udh make ip16 base model dri awal rilis alhamdulilah aman semua, kamera cakep chipset kenceng buat keseharian okee laaah. minus cm di layar & usb 2.0. jdi klo kalian mau ambil base model mending mikir lgi deh. menurut gw mending nbung dikit lgi klo gk sabar dlu sampe harganya pro ny turun. SEKIAN TERIMAGAJI🏃🏻‍➡️",Kamera,Netral
@ivangunadi9683,2025-09-23T15:54:44Z,hijau sage mirip sama sharp aquos sense 8😊,Umum,Netral
@YumeOikaketee,2025-09-23T15:51:34Z,Kalau mau tes gitu hp satunya lagi uninstall bawaan dulu . Kalau udah di pakai ya bakalan bias berasa lebih yg 17,Performa,Netral
@glorrryzzz,2025-09-23T15:51:28Z,Infokan dong uyyy pov camera buat konten cinematic selain GoPro Kali bang David bisa bahas nih.....,Umum,Netral
@aufalar-rafy644,2025-09-23T15:49:53Z,17:27 kalo gak salah harus banyak orang untuk fitur kamera auto rotate.,Kamera,Netral
@KerupukWenak,2025-09-23T15:43:33Z,Lumia: First time bro?,Umum,Netral
@Creamycuriemoon,2025-09-23T15:41:29Z,Ijo miskin gatuu😅😅😂,Umum,Netral
@eliauliyah8142,2025-09-23T15:32:54Z,bang review XIAOMI 17PRO MAX..... sepertinya lebih mantap dari pada iphone 17,Umum,Netral
@kemodha4222,2025-09-23T15:30:59Z,Wah mending Xiaomi 17 tuh bakal keluar habisa2an,Umum,Netral
@ardiwalker2600,2025-09-23T15:30:31Z,Unboxing Xiaomi 17 Pro Max,Umum,Netral
@angginarasukma8646,2025-09-23T15:25:47Z,"Waah, zoom 8x kameranya kok 😢😅😂",Kamera,Netral
@obscurity-uw7wf,2025-09-23T15:24:54Z,Sperti biasa...minim inovasi terkesan terburu2 untuk mengeluarkan prodak terbaru yang kaya nya di jadwal keluar setiap taun bagi fanbase yang rela antri dan merogok gocek buat prodak yang sebener nya biasa aja karna ya itu dia minim inovasi dan B aja...di tambah ya Allah itu desain nya yang satu kaga mikir asal jadi yang satu kaga mikir banget 😂😂😂😂😂😂...ngak dah,Desain,Netral
@kucinggarong-f2j,2025-09-23T15:14:20Z,"om david dan om² yg lain... klo saya butuh HP android yg spek tinggi, tp ga terlalu butuh kamera (lebih pengen duit ya buat beli spek drpd buat beli kamera)...hp apa yang cocok ya?",Kamera,Netral
@Ridanmelon13,2025-09-23T15:03:38Z,Kenapa ga review main mobile legend,Umum,Netral
@AhmadJumadil-t1k9k,2025-09-23T14:58:20Z,Model kamera mirip oppo,Kamera,Netral
@MalikGaming-t4s,2025-09-23T14:57:13Z,riview spark 40 pro bg,Umum,Netral
@MyHape-v7f,2025-09-23T14:55:48Z,yg desain nya malas bet anjir cuma geser2 posisi camera hmmmmm,Desain,Netral
@nyiknyorvictor3857,2025-09-23T14:55:25Z,Benar klo dilihat hasil gambarnya kamera Tele iPhone 16 Pro malah lebih detail ya daripada 17 Pro ditambah lagi yg 17 malah lebih warm warnanya. 🤔,Kamera,Netral
@sompyohchannel3578,2025-09-23T14:52:47Z,kalo yang seri PROMAX gimana bang?,Umum,Netral
@29alddo,2025-09-23T14:52:14Z,Bezel nya kok tebelan 17 pro ya di banding 16 pro,Desain,Netral
@Mekaaa527,2025-09-23T14:38:57Z,Bang Riview Infinix GT 30 5g,Umum,Netral
@ilzamzeins995,2025-09-23T14:37:54Z,"kira kira pas sudah resmi masuk Indonesia, iPhone 17 base model ini ada di harga berapa yaa?",Harga,Netral
@QPoel13,2025-09-23T14:36:47Z,habis nonton video ini gua semakin bangga pake samsung flagship,Kamera,Netral
@bangkitputra7539,2025-09-23T14:31:13Z,"lebih kaya lebih jual kamera yak iphone ini tiap taunnya cuma beda body aja, kaya ga ada perubahan yang signifikan. bosen juga lama",Kamera,Netral
@fanart7666,2025-09-23T14:21:42Z,"Iphone lagi rugi Triliunan kan, dampak Donald Trump, negara-negara boikot Apple",Performa,Netral
@deni7rst,2025-09-23T14:19:04Z,"Apple beneran canggih marketing nya, sama sekali ga ada yang membahas AI di seri iPhone 17. Kita tahu Apple ketinggalan di AI",Umum,Netral
@Zuldx353,2025-09-23T14:17:42Z,Nubia neo 3 5g kapan woy dah lama nihh,Umum,Netral
@ganispuspitasari9329,2025-09-23T14:13:08Z,Seperti kecewa dgn 17pro😅,Umum,Negatif
@fernandarizalofficial2876,2025-09-23T14:04:14Z,ini video lama ga sih,Kamera,Netral
@komenkuhuy8353,2025-09-23T14:03:45Z,Redmi 9t warna kek gtu gk dibilang unik bang.. jgn mentang iphon lah..mau apapun ok.. nyatanya iphon 17 pro itu bnyk yg gk suka gk ada inovatif😅,Desain,Positif
@RioChandrazhang,2025-09-23T14:03:39Z,Bakalan milih huawei pura 80ultra 😅,Umum,Netral
@debitirawanamuvas995,2025-09-23T13:53:28Z,Gila pajaknya besar banget. Tapi k mana pajak kita itu yaaa,Umum,Netral
@alexcritchley28,2025-09-23T13:53:24Z,warnanya sama kyea nova 13 pro gk ya tuh ijo nya?,Desain,Netral
@recapdramaasik,2025-09-23T13:51:48Z,"Bongkar bang , konten kreator pertama yang bongkar iPhone 17 😂 wkwkk",Umum,Netral
@tonyandreas1115,2025-09-23T13:48:40Z,17 pro waktu fotony di bandingin dan di zoom warna layarnya lbh warm kuning bgt yh bener ga sih atau perasaan saja yh,Kamera,Netral
@jajang_saiffullah,2025-09-23T13:44:35Z,Iphone poco 17 pro😂,Umum,Netral
@hazmi_fajri,2025-09-23T13:43:15Z,"Bsk pas review coba tekan bagian kaca belakang nya bg, soalnya ada video yang bredar body belakang 17 pro lentur di bagian kacanya saat di tekan.",Kamera,Netral
@Nextel212,2025-09-23T13:38:05Z,Kamera bagusan 16 pro ketimbang 17 pro kayak agak ampas ajah wkwkwk,Kamera,Positif
@recapdramaasik,2025-09-23T13:36:52Z,Peningkatan banyak tu di seri ganjil ya buat iPhone? 😅,Umum,Netral
@DheaAnandaOktavia,2025-09-23T13:33:12Z,masyaallah bagus bangett😢 semoga kecapaian pengen punya iPhone 17 PRO❤❤,Umum,Positif
@handeriOMG,2025-09-23T13:31:07Z,"pas tes lidarnya fungsiin bang, buat scan 3d pakai app canvas, biar di android ada fitur itu juga.",Umum,Netral
@harsenherlian1367,2025-09-23T13:29:14Z,bang iphone 17 basic body nya alumunium atau titanium,Umum,Netral
@radityaahmad1906,2025-09-23T13:27:09Z,"Udah lama ga tawuran chipset bg, gas laahh adu flaghsip!",Performa,Netral
@ARZLRZL,2025-09-23T13:25:45Z,Saran dong mending iphone 17 pro atau xiaomi note 9 ?,Umum,Netral
@Qahwah.Cemeng,2025-09-23T13:23:46Z,Bagusan android 5 jutaan,Umum,Positif
@ambonsayanama,2025-09-23T13:16:08Z,menonton konten ini dengan hp realme 5 pro tahun 2019😢😢,Umum,Netral
@imamjalaludin6384,2025-09-23T13:13:39Z,1 lh bang😂,Umum,Netral
@arwanas,2025-09-23T13:13:26Z,"""sage mode"" Naruto dong",Umum,Netral
@dione2421,2025-09-23T13:12:08Z,Bang bahas barang aneh atau misteri box dong,Umum,Netral
@RizalrifaldiFarm,2025-09-23T13:06:56Z,Yg masih nyimak aja tak doa kan segara ke beli inpone 13 ... Dah sehat terus...,Umum,Netral
@novantheexplorer97,2025-09-23T12:59:42Z,Mending beli Xiaomi 17 Pro gak sih hha,Umum,Netral
@nurkhanifah5529,2025-09-23T12:54:01Z,yaelah warna ip 17 ijo niruin hp gw oppo A5 pro,Desain,Netral
@M.Adityaal-zaki,2025-09-23T12:53:26Z,Bang coba rivew xiomi 17 pro dan xiomi 17 pro max,Umum,Netral
@Marsszzzy,2025-09-23T12:50:23Z,Itu 3 atau 4 baru bisa bang 17:31,Umum,Netral
@LoveThailandComedy,2025-09-23T12:47:55Z,Ga masuk akal indonesia pajak nya,Umum,Netral
@Manskuykuy,2025-09-23T12:45:28Z,"iphone sudah sampe iphone 17 😂 , gua masih make iphone 7plus 🤣",Umum,Netral
@ricoanggriawan6018,2025-09-23T12:43:23Z,"Baru beli yg 17 nanti pasti bntr lagi keluar lagi yg 18 ,gitu gitu aja Sampek Naruto jenggotan 🤣🤣",Performa,Netral
@HermanOfficial_12,2025-09-23T12:41:04Z,Aku yang masih nabung buat beli XR tapi desain IP 18 udah keluar 😢,Desain,Netral
@yaaziz,2025-09-23T12:40:11Z,Pasukan nonton doang belum bisa beli😅,Umum,Positif
@abdulrohman2073,2025-09-23T12:38:21Z,Tim yg g pernah punya ipon😅😅,Umum,Netral
@koko_wara6312,2025-09-23T12:36:15Z,"24:00 warna orange ayla, sigra, brio gak sih",Desain,Netral
@DwikyArdiMarentika,2025-09-23T12:32:49Z,Kok kamera lebih unggul ip16pro yaa,Kamera,Netral
@zeus888-hq9ly,2025-09-23T12:27:00Z,Coba xiomi 17 pro bang,Umum,Netral
@sigitpramono4950,2025-09-23T12:25:58Z,"Kenapa nggak beli iPhone 17 promax 2TB aja vid, kan elo sering ngonten",Umum,Netral
@beyourprince,2025-09-23T12:25:34Z,Note : bezel ip 17 dan 16pro persis tipisnya cuman di 16 pro bang david pake ag makanya visualnya lebih tipis,Desain,Netral
@petualanganmancing2492,2025-09-23T12:24:36Z,Review Xiaomi 17 pro bg seru,Umum,Netral
@Vincentius_Sahadi06,2025-09-23T12:24:30Z,"Walaupun mahal, sampe puluhan juta, tetap bagusan model kamera yang lama untuk versi pro nya.",Kamera,Negatif
@NarutoUzumaki-gu4ro,2025-09-23T12:22:00Z,"Ip 17 yg ganteng cuman basic sama air, pro dan pro max nya blunder si mnurut gua",Umum,Netral
@AyuSukma-m6h,2025-09-23T12:18:23Z,"Kak tolong review juga iphone 17 pro max dong kak,, makasi kak. katanya ada fitur tambahan nya??",Umum,Netral
@LyzzerSlwly,2025-09-23T12:18:10Z,Next xiaomi 17 promax,Umum,Netral
@UziGunarBufon,2025-09-23T12:16:26Z,YAKIN 17 AJA😊😊,Umum,Netral
@adefahrial2729,2025-09-23T12:10:12Z,Samsung A54 ada yg warna sage bang😅,Desain,Netral
@risqon1,2025-09-23T12:04:33Z,Masih worted pake 15 pro max,Umum,Netral
@HeryWawan-qm7sq,2025-09-23T12:04:23Z,Coba unboxing XIAOMI 17 Pro atau 17 Pro max dengan iPhone 17,Umum,Netral
@buatlatihananakanak,2025-09-23T11:59:57Z,peningkatan yg konon katanya signifikan di keluarga ip 17 adalah hal biasa aja di hp flagship android,Performa,Netral
@zaeniazhar8775,2025-09-23T11:57:33Z,Tinggal komparasi beneran besuk d review,Umum,Netral
@muhammaddarnel8527,2025-09-23T11:55:18Z,Yg nonton masih pake ip 14 pm 😢😢,Umum,Netral
@NdasMumet-m1j,2025-09-23T11:55:14Z,"Bang coba review hp up phone Made in Indonesia yg harganya sekitar 16jt'an, yg katanya mendunia dan menyaingin IP 16",Harga,Netral
@Progmen,2025-09-23T11:55:11Z,Bg orkay ya?,Umum,Netral
@anitasetyarini6285,2025-09-23T11:53:22Z,"Bang, review xiaomi 17 pro",Umum,Netral
@AfifSlebew,2025-09-23T11:53:17Z,konichiwa mah selamat siang ih bukan hallo,Baterai,Netral
@fadlifirdaus1767,2025-09-23T11:49:25Z,orange seperti warna sony ericsson walkman 😁,Desain,Netral
@fajhsgss,2025-09-23T11:48:58Z,Dan saya mau bilang hati hati iPhone 17 HDC😅,Umum,Netral
@STARGAMECHAMPION,2025-09-23T11:45:46Z,Bang bahasa Oppo k13 turbo,Umum,Netral
@fajhsgss,2025-09-23T11:45:43Z,Ditunggu September tahun depan nanti iPhone 18😅,Umum,Netral
@ikanis,2025-09-23T11:42:46Z,XIAOMI 17 PRO ini bang cak nyo bagus lawan iphone 17 pro,Umum,Positif
@rtslhffa-bh8rd,2025-09-23T11:32:52Z,"Review jujur dr gw untuk yg mau beli iPhone di Studio Ponsel Store. Gw udh langganan beli iPad dan iPhone di mereka, hasilnya selalu memuaskan dan terpercaya 😌👍🏼👍🏼👍🏼",Umum,Netral
@kevinarezki361,2025-09-23T11:29:54Z,bg coba hp huawei pura 80 ultra vs iphone 17 pro,Umum,Netral
@IN_Game48,2025-09-23T11:16:31Z,Bahkan 3 bulan gajiku masih kurang buat pajaknya juga 😂,Umum,Netral
@oliverhelds6494,2025-09-23T11:08:11Z,Mirip banget warnany yang orange dengan Tecno phantom x2 pro,Desain,Netral
@syahrullahlahamente6987,2025-09-23T10:59:08Z,"Tecno spark 40 pro plus bang,",Umum,Netral
@DannyWong-kx5tl,2025-09-23T10:58:44Z,bang xiaomi 17 pro dong bang,Umum,Netral
@bayubosang4992,2025-09-23T10:55:47Z,"Insyaallah bulan depan,amin😇",Umum,Netral
@dwialghani1136,2025-09-23T10:50:03Z,Review xiaomi 17 pro😊,Umum,Netral
@FildzanPijanowur,2025-09-23T10:48:43Z,Itel s26 ultra bg,Umum,Netral
@hotlaprace8828,2025-09-23T10:47:15Z,"17 pro layar pebih warm dari warna nya kliatan beda lebih ke kuning"" an",Desain,Netral
@HhhxhhDhruur,2025-09-23T10:46:38Z,"Baang hp andoid yang anti lelet doong yang harganya atas 1,5",Harga,Netral
@deanmu,2025-09-23T10:43:34Z,Warna cosmic orange nya mengingatkan ane ke Nokia N8 orange,Desain,Netral
@megiriawan7603,2025-09-23T10:36:26Z,Kamera kuning efek dari backdoor mungkin pantulan cahayanya jadi kuning coba pake case item,Kamera,Netral
@ivanvirgo99,2025-09-23T10:25:35Z,"Skrg Tetap setia pake 
1.iphone 12 pro max 
2.infinix GT 30 pro
3.Tenco megapad 11",Umum,Netral
@ariervandi,2025-09-23T10:24:14Z,Bener-bener pajak Fir'aun....,Umum,Netral
@GapaiWieasa,2025-09-23T10:22:31Z,ga enak banget hasil poto 17 pro wkwk,Umum,Netral
@msfdajip9068,2025-09-23T10:13:48Z,"ekspresi bang david kurang meyakinkan pas bandingin foto, kayak kecewa sama 17 pro nya🤣",Kamera,Negatif
@666-e4s,2025-09-23T09:50:53Z,Fix bakal upgrade sih dari ip14pro,Umum,Netral
@DWR1996,2025-09-23T09:48:19Z,Ntn pake 15 pro,Umum,Netral
@RffhFjr-sv8yi,2025-09-23T09:47:17Z,Warna fotonya lebih natural iPhone 16 pro,Kamera,Netral
@bangiyo1016,2025-09-23T09:44:59Z,Poco x7pro & poco x6pro,Umum,Netral
@nggarsR10,2025-09-23T09:39:23Z,review samsung a17 bg,Umum,Netral
@doniokong,2025-09-23T09:34:42Z,Pajaknya wow wow,Umum,Netral
@selpistella7164,2025-09-23T09:34:37Z,Menit 21:14 ngakak 😂,Umum,Netral
@RXSTUDIO-S,2025-09-23T09:23:43Z,"Autorotate harus 3 sampai 4 orang inframe bang, kalau cuma 2 software detectnya zoom out vertical aja cukup",Kamera,Netral
@remajarinjanirr,2025-09-23T09:23:16Z,Aku malah lagi nunggu IP 18 pro.. klw udah launching nnti 18 pro lalu aku nunggu IP 19 pro.. dan bgtu seterusnya. 😂,Performa,Netral
@tungaulamaschannel4769,2025-09-23T09:20:04Z,Next Review bang Xiaomi 17 sainganx  iPhone 17 pro max,Umum,Netral
@tungaulamaschannel4769,2025-09-23T09:19:25Z,Barisan gak pernah beli/py hp iPhone ➡️,Umum,Netral
@sqzll_,2025-09-23T09:16:31Z,"buat video versusnya bang, sama huawei pura gitu misalnya",Kamera,Netral
@MuhammadYusril-b6t,2025-09-23T09:14:27Z,plot twist yang sangat plot,Umum,Netral
@RilanSandika,2025-09-23T09:14:07Z,Bang coba spilin samsung A17 5g,Umum,Netral
@putraaisah7756,2025-09-23T09:13:49Z,"bang pajak.nya segitu itu,negara abang udah maju kaya apa bang,",Umum,Netral
@lopcliz8190,2025-09-23T09:05:34Z,Gw prnh beli kacamata aja taxnya 800rb 😂,Umum,Netral
@imhankspendubar867,2025-09-23T08:47:48Z,alumunium nya mirip xiaomi Lama😂,Umum,Netral
@partysidharta4367,2025-09-23T08:43:42Z,"Nonton pake vivo v23 e bae lah, udah nyaman hehehe..",Umum,Netral
@haryono2474,2025-09-23T08:35:48Z,Setelah iPhone 17 basic udah 120 hz jadi pengen beli apalagi udah 256 . Menurut gua ini udah paling bener di bandingin iPhone 16 basic yg badut itu,Performa,Netral
@ridwanriska2183,2025-09-23T08:28:09Z,"Coba aja 17 pro warna merah candi pasti lebih bagus, itu malah ambil warna mobil calya orange😂",Desain,Negatif
@Iputu.d.prasetyo,2025-09-23T08:24:23Z,Team yang selalu nonton unboxing iPhone tapi gak sanggup beli  😢,Umum,Netral
@meta-ai-h7v,2025-09-23T08:23:39Z,bang kapan review nubia neo 3  5g bukan yang GT gak pernah di bales 😌🙁,Umum,Netral
@shelenaqurrota372,2025-09-23T08:16:02Z,sage adalah google pixel,Umum,Netral
@rayayodhaabhinaya,2025-09-23T08:13:58Z,bahas infinix gt 30 5g dong vid soalnya habis ini mau rilis di indo tanggal 24,Umum,Netral
@rizkycao,2025-09-23T08:13:20Z,Haha..habis ini review XIAOMI 17 PRO bang david,Umum,Netral
@AbahKolot-e9t,2025-09-23T08:13:04Z,Gadgetin.. Coba review xiaomi 17 pro,Umum,Netral
@rinasyara6122,2025-09-23T08:11:59Z,Review pixel lagi dong,Performa,Netral
@girimega,2025-09-23T08:07:25Z,iphone 16 pro desain kamera dan warna nya kayak realme c67 4g 2023,Kamera,Netral
@KaoriiDutaKentut,2025-09-23T08:06:03Z,Sedang menunggu 13 pro turun harga,Harga,Netral
@fauzialfaritsi2811,2025-09-23T08:05:12Z,Redmi note 15 pro 5g bang,Umum,Netral
@rahmattoss,2025-09-23T08:03:52Z,Tukang pajak full senyum masuk di kantong sendiri😂😂😂,Umum,Netral
@rizkidony6241,2025-09-23T07:57:00Z,Warna oren shopee,Desain,Netral
@kresnabayu6535,2025-09-23T07:52:51Z,itu karena pengaruh dari iOs gak sih? 17 Pro udh iOs 26,Umum,Netral
@Make.itreal,2025-09-23T07:51:06Z,3:34  SHIMER SHIMER,Umum,Netral
@jeremiasitorus5012,2025-09-23T07:50:56Z,Poco Pro Max mah ini,Baterai,Netral
@m.ychannels925,2025-09-23T07:41:42Z,Kok iphone 17 pro kok malah mirip xiaomi??? Ada oren oren nya???,Umum,Netral
@fajarmunir_dico,2025-09-23T07:41:19Z,bg unboxing xiomi 17 pro max,Umum,Netral
@rizkidony6241,2025-09-23T07:36:54Z,Ijo sage mengingatkan pixel 5,Umum,Netral
@fransiskusdeo,2025-09-23T07:35:55Z,Kalau menurutku labuh enak yang berwarna dari pada yang kaca kaca gitu 😢,Desain,Netral
@ddrtrip,2025-09-23T07:35:39Z,"Marketing tetaplah marketing, tak banyak update dari seri sebelumnya selain desain yang malah agak kureng (tergantung selera)😅",Desain,Netral
@DianAgus-f2c,2025-09-23T07:34:24Z,Poco 17 pro 😝😝,Umum,Netral
@watieerna314,2025-09-23T07:32:11Z,bang David coba review realme c71 donk soalnya mau liat review jujur dari bang David,Umum,Netral
@nugrohomi6036,2025-09-23T07:30:24Z,"Design simple nya jd hilang di ip 17 pro, aku yakin seri 18 ip bakal balik ke design yg simple..",Umum,Netral
@AudriRenngur,2025-09-23T07:22:14Z,Camera iphone 17 bikin ngeselin ngk akan saya beli😂😂😂,Umum,Netral
@FahriRamadhan-wv3om,2025-09-23T07:21:56Z,Ya Allah tolongin saya cari kerjaan susah tolong dapat kerjaan ya Allah nyari kerjaan di mana lagi ya Allah ya Allah dapat yang kerja yang enak 😭😭😭,Performa,Netral
@fitriyani5968,2025-09-23T07:16:48Z,Mendingan 16p apa 17p yaa mau upgrade tapi bingung,Umum,Netral
@fairelatharis3610,2025-09-23T07:15:59Z,"Apa gw doang yg ngrasa ya..kek nya Bang David kurang begitu suka ipn 17 pro warna orange ya,,gw bs liat sih dgn expresi muke nya..",Desain,Positif
@DaveGMY,2025-09-23T07:13:55Z,"""Mamam ni 120hz dri iphone juga"" 😂😂😂😂 
Yg g terima sono adu debat sama bg david 😂😂",Umum,Netral
@yusupfikrih,2025-09-23T07:13:38Z,"awoakwok nunggu sampe tahun 2025 cuma buat bisa ganti tema launcher doang🗿🗿🗿
..",Umum,Netral
@l.rebyntasatria9691,2025-09-23T07:12:22Z,"Kenapa ya pihak iphone gk bikin warna yg lain kek merah candy ato warna apa gitu keknya bakaln bagus klo ada warna yg candy""",Desain,Positif
@lordcoc1821,2025-09-23T07:06:03Z,"episode kali ini full iklan ya, panen boss",Umum,Netral
@geen6603,2025-09-23T07:00:53Z,Nonton dgn realme c30,Umum,Netral
@Ytku777,2025-09-23T06:58:39Z,Desain iphone terburuk sepanjang masa... Baik dari desain maupun material... 😅😅,Desain,Netral
@Zikri-n7y,2025-09-23T06:50:36Z,Poco 17 pro,Umum,Netral
@NO65Gs,2025-09-23T06:50:35Z,"Artinya setiap 1unit hp, lebih murah 4jta,, gila bah",Harga,Netral
@rakasusantofamily2550,2025-09-23T06:49:52Z,Nontonnya pakek hp vivo y100,Umum,Netral
@yaditanakmamaabah1656,2025-09-23T06:46:56Z,"Apakah ip.17 terkena pajak jak Jak ? 😂😈👹🗿💥📱

23 SEPTEMBER 2025 , 14.46",Umum,Netral
@oppa_jay,2025-09-23T06:44:01Z,Itu Iphone 17 Pro kolaborasi sama Ortuseight bang ..,Umum,Netral
@syarifahaisyah5196,2025-09-23T06:40:16Z,Gua yg pake iphone 15 plus sedih liat layar iphone 120hz 😭,Desain,Netral
@AkiraXP_GDX,2025-09-23T06:37:39Z,"Di menit2 terakhir pas perbandingan, kamera, kyny apple malah jatohin diri sendiri
Karena perbandingan sm series sebelumnya, update kameranya, di video ini, dari hasilnya, gak terlalu signifikan,,
Masih worth it 16 pro,,

Oke nonton video reviewnya bang David nanti
Ditunggu ya bang,,
Thanks bang 🎉🎉",Kamera,Netral
@meksmew27,2025-09-23T06:36:38Z,Bang spil hp vertu,Umum,Netral
@whoareyou4817,2025-09-23T06:30:32Z,nonton pake ip 12 ku yg jadoel ini😂,Umum,Netral
@ridwanvlragarte831,2025-09-23T06:29:06Z,Di indo kapan 😁😁,Umum,Netral
@Dewaflim2231,2025-09-23T06:28:39Z,25:02 😂😂😂😂 sadar poco,Umum,Netral
@revoagsya9325,2025-09-23T06:25:13Z,Gede banget pajaknya,Umum,Netral
@therolland90,2025-09-23T06:24:00Z,Iphone 17 series ini apa udah bisa connect ke channel 36-64 wifi 5ghz ?! Mengingat iphone garansi “lokal” susah nya bukan main connect ke channel 36-64. Beda dg iphone garansi inter seamless banget connect nya,Umum,Netral
@rezafachri,2025-09-23T06:22:06Z,"kalo ada duit mending beli seri 16 pro dah, untuk desain 17 pro kurang.",Desain,Netral
@Kwr_25,2025-09-23T06:21:52Z,menanti review XIAOMI 17 PRO MAX...,Umum,Netral
@PakPol-p7d,2025-09-23T06:14:54Z,Jadi teringat Si Oren Sony Ericsson Walkman gue…😅😅😅,Umum,Netral
@eladrian9856,2025-09-23T06:13:25Z,"nonton di hp yang menginspirasi desain 17 pm, yap, poco x6 pro🙂‍↕️",Desain,Netral
@zumratul_aulia,2025-09-23T06:13:25Z,Penyepong Andro iri liat david sangat antusias unboxing ip beda ama unboxing yg ono,Umum,Netral
@Evan121212,2025-09-23T06:12:41Z,"Cuma david yang review ipone 17 paling terakhir tp view langsung jutaan,yang lain sampe ke jepang,thailand,singapur dll viewnya rendah semuaa 😂",Umum,Netral
@Nazee858,2025-09-23T06:10:12Z,kyk produk mahal yg ketinggalan zaman,Baterai,Negatif
@patriciafelita5455,2025-09-23T06:09:41Z,Wkwkwkwk tpi sumpah gk pnting2 amat itu tombol airplane mode nya 😅😅😅,Umum,Netral
@ibnuardani6086,2025-09-23T06:04:44Z,Baru mau beli Iphone 17 Pro Max jadi ragu. apa ke samsung Galaxy Z Fold7 yaa?,Umum,Netral
@semuaada9925,2025-09-23T06:01:04Z,next bahas laptop lenovo loq dong,Umum,Positif
@mld_official.,2025-09-23T05:59:17Z,24:13 warnanya di bandingin sama kacang bang 😂😂😂,Desain,Netral
@mdzaralghifari1183,2025-09-23T05:56:44Z,24:07 Kue lapis talas bogor wkwk,Umum,Netral
@IreneSimangunsong,2025-09-23T05:55:39Z,"Oren kali ini emang gak banget, yg saranin warna orens sih gabisa tidur keknya sekarang😂",Desain,Netral
@TheTrust-sm9cm,2025-09-23T05:54:25Z,apel rasa jeruk wkwkkwk 17 pro,Umum,Netral
@yogaardy,2025-09-23T05:53:42Z,Bang ada rumor soal iPhone 17 pro warna deep blue katanya rentan goresan ya bagian modul kamera ujungnya?,Kamera,Netral
@abuwahabgo,2025-09-23T05:51:17Z,"untuk kamera depan kalo 2 orang ga bisa otomatis landscape bang, coba 3 orang atau 4 orang nanti langsung deh ngebaca dan otomatis landscape",Kamera,Netral
@ALexanderpangaribuan,2025-09-23T05:47:13Z,17 vs huwaei dong bang,Umum,Netral
@bagusslaksana3153,2025-09-23T05:42:19Z,bang tolong review jam/smartwatch harga 1jutaan buat olahraga lari,Harga,Netral
@tehhmanis_4718,2025-09-23T05:40:06Z,"Pasti ada yg komen "" yg belum pernah pakai iphone ☝"" 😂",Umum,Netral
@benbeckman8820,2025-09-23T05:39:54Z,coba review realme 15 5G bang,Umum,Netral
@daveutama843,2025-09-23T05:39:26Z,Kesannya kyk hp murah huhu,Harga,Netral
@RaditOi-i7h,2025-09-23T05:38:54Z,Review yutuber ga brani kah ikutan komen di sini 😂,Umum,Netral
@gusti_ms,2025-09-23T05:38:26Z,weh si bang david bilang punya iqbal lemot pake Ip 13 apa lagi yang pake Ip 11 bang wkwkwkwk,Performa,Negatif
@sappocobain1832,2025-09-23T05:33:37Z,Kemarin prabowo sama trum fungsinya apa? Hargannya tetep sama hahah,Harga,Netral
@vengeance.2899,2025-09-23T05:30:49Z,bahas samsung a17 bang😁😁,Umum,Netral
@Jvankabell,2025-09-23T05:30:22Z,Di adu 13pro gue kamera nya kalah kayanya 😂,Kamera,Netral
@ridwanirawan5556,2025-09-23T05:27:21Z,"Terlihat berbeda, tp kesan eksklusif ato kesan mahal ato premiumnya hilang.jauh lbh terkesan eksklusif yg titanium di ip 16 pro",Baterai,Negatif
@ubeisme,2025-09-23T05:24:28Z,"Wah, awal oktober ya, beli ah.",Umum,Netral
@dimasDDP,2025-09-23T05:23:45Z,kapan ya bisa punya iphon 😔😔😭😭😅😅,Umum,Netral
@chrisaridita1032,2025-09-23T05:22:32Z,Awal dari inovasi yang terhenti di 3 tahun lalu. Makasi review jujurnya David 👍,Umum,Netral
@SenyumIbadah-b8c,2025-09-23T05:21:10Z,Iphone Air 17 Bang,Umum,Netral
@Yud_03,2025-09-23T05:20:51Z,Ok gas bng unboxing Xiaomi 17 pro bng.,Umum,Netral
@mimiekarl,2025-09-23T05:12:56Z,Thanks for review. I stick with my Iphone 16 Pro :),Umum,Netral
@andrirosadi3062,2025-09-23T05:09:55Z,Menurut gue desain 17 pro kureng bngt ribet bngt keliatannya kamera gede manjang bgtu plus logo dbalut kotak pnjng beda warna 😂 jelek ilang elegan nya downgrade lagi materialnya gampang gores 😂 Plus minim upgrade chipset ma kamera doang udh aja AI nya kaga dbenerin ga ada kemajuan tertinggal bngt ma warna orange kaya hp murah 😂😂 jelek dah sumpah orange gt Iphone skarang bagusan ip 17 doang udh lebih rekomend desain bagus simple plus dah 120hz,Kamera,Negatif
@kelvisaputra1863,2025-09-23T05:08:50Z,Bang tips buat yang mau beli hp iphone di online shop dong,Umum,Netral
@marshallnmelodia7981,2025-09-23T05:06:12Z,Istri saya 11 pro kok ga lemot ya pake liquid glass ya? Saya 15 juga ga ada lemotnya. Malah lebih smooth,Umum,Netral
@mridwanfirdaus155,2025-09-23T05:01:18Z,Poco pake logo apel 😂🎉,Umum,Netral
@destadesta3250,2025-09-23T05:00:38Z,"16 pro zoom 5x gx ada obat , karna saya pakek bagus bngt",Kamera,Positif
@A-san-i2r,2025-09-23T04:58:23Z,Made in India 😂,Umum,Netral
@andreokta5271,2025-09-23T04:55:22Z,Terimakasih gadgetin saya makin yakin tidak akan pilih iPhone 17 pro karna duit nya belum cukup 😂..tetep di j2 prime terbaik 🎉,Umum,Netral
@Penikmat-Suzuki,2025-09-23T04:52:11Z,Iphone 17 Air bang  super slim,Umum,Netral
@akbari3,2025-09-23T04:51:53Z,Baru banget kemarin Poco F6 saya hilang di Bandara. Mohon doanya semoga bisa balik atau bisa mendapatkan rezeki yang tak terduga untuk penggantinya. Aamiiin 😭🙏,Umum,Netral
@RendiBalsama,2025-09-23T04:49:16Z,jadi hp ini update tema sama kmera doang😅,Umum,Netral
@zikrikaifa1075,2025-09-23T04:48:44Z,Lebay banget reaction nya wkwkwkwkwk wooow woow woow,Umum,Netral
@SofiaDeviana25,2025-09-23T04:47:46Z,Bagusan 16 pro kameranya 😂,Kamera,Positif
@asepangga910,2025-09-23T04:42:23Z,Emang bener kamera belakang iPhone 17 Pro itu bisa jadi layar?,Kamera,Netral
@ejakkolin,2025-09-23T04:38:37Z,Pas di pakai kan casing mirip Tecno pova 6 gw cok 😭,Baterai,Netral
@Vengeance_1999,2025-09-23T04:38:35Z,Iphone 17 series kameranya kaya hp oppo 😂,Kamera,Netral
@ahmadjibril1976,2025-09-23T04:37:30Z,Gelep : gelap bang 4:40,Umum,Netral
@Muhibrhim,2025-09-23T04:37:25Z,Iphone air bang😅,Umum,Netral
@reile2059,2025-09-23T04:34:29Z,"Pernah liat d sosmed ada seliweran gampang lecet? 
Jadi ragu mw ambil 17 apa 16 aj ya",Umum,Netral
@diankertarajasa,2025-09-23T04:30:48Z,Warna btc itu bang😅,Desain,Netral
@iguhiguh,2025-09-23T04:29:53Z,Poco ma emang gitu bg 😅,Umum,Netral
@MVLOKAL20,2025-09-23T04:22:35Z,Xiaomi 17 bang review,Umum,Netral
@Hamlengedduen,2025-09-23T04:20:26Z,4 orang bos,Umum,Netral
@azmyinaayahbaahirah2643,2025-09-23T04:20:12Z,Lanscape otomatisnya kalau selfienya banyak orang,Umum,Netral
@adekino461,2025-09-23T04:17:23Z,"25:10 udah kek mainan spinner 😂
tapi unik sihh",Umum,Netral
@muhammadrayhanalif,2025-09-23T04:14:40Z,"17 air dongg mas david, pls",Umum,Netral
@DrekoDreko-v8j,2025-09-23T04:13:09Z,Tebakan ku seri iPhone 17 harganya bakal cepat turun dibanding seri iPhone 16,Harga,Netral
@andikadika9861,2025-09-23T04:10:56Z,Ip 17 itu simple desain nya tapi manisss..,Desain,Netral
@teezarandraneda4379,2025-09-23T04:07:57Z,poco 17 pro max🗿🗿,Umum,Netral
@sukrasiyoga9875,2025-09-23T04:05:53Z,Dah lah.. emang paling bener gw nunggu samsung S26 ultra saja😁,Umum,Netral
@komarulumam2901,2025-09-23T04:03:42Z,Jual GENGSI bukan jual Fitur 😂😂😂,Umum,Netral
@BorneoFishing-z5d,2025-09-23T03:59:09Z,Di tunggu riview xiaomi 17 pro nya bang,Umum,Netral
@KONG_D_KOBI,2025-09-23T03:53:59Z,"bang, boleh tolong buatin short kalau pakai dark mode, bisa gak pakai yang glass aplikasinya? biar hitam putih gt,",Umum,Netral
@Red_Wall77,2025-09-23T03:52:40Z,"Ga ngeluarin promax lagi? Warna nya yg sage bagus, warna orange jg unik dan masih warna elegan ga terlalu norak/ngejreng menurutku",Performa,Netral
@zenithh-j4g,2025-09-23T03:52:21Z,"apa karena 16 pro opticalnya 5x sedangkan di 17 pro opticalnya 4x ya? jdi untuk croppingan lbh baik yg optical 5x, walau katanya 17 pro udah 48mp yg bisa ngehasilin 8x lebih baik, tp ya marketing ttp marketing gasi?😅  Mirip kasusnya kayak s23 ultra ke s24 ultra yg turun opticalnya jdi 5x tapi katanya lbh bagus karena resolusinya 50mp wkwkwk",Umum,Netral
@cruzdemonz1957,2025-09-23T03:52:14Z,Huawei Juara 'Leica',Umum,Netral
@piuwsa5353,2025-09-23T03:49:09Z,"Aku masih setiap pengguna IP11, tapi sekarang kayaknya next bakal beli IP 17 deh 😅",Umum,Netral
@JuremiRere,2025-09-23T03:48:58Z,kayaknya malahan mundur,Umum,Netral
@AlfyuStore,2025-09-23T03:48:49Z,Review xiaomi 17pro max,Umum,Netral
@muhammadzaky1765,2025-09-23T03:47:28Z,Bang david review Xiaomi  17,Umum,Netral
@runwayweddingorganizer5536,2025-09-23T03:46:30Z,UUHHHH POCO YA,Umum,Netral
@priyo532,2025-09-23T03:39:26Z,Minta hpnya satu aja bang terserh mrek apa,Umum,Netral
@afifnusada4712,2025-09-23T03:32:06Z,"gw ngakak pas denger ""bagi yang bilang 60hz iphone serasa 120 hz.."" wkwkwkw, masih adakah apple fanboy yang bilang gitu ?. Gw soalnya punya 2 iphone 2 android, layarnya ada yg 60 hz dan 120 hz. Beda jauh wkwkwkw, sama apaan? kacau tuh fanboy, segitunya ngebela, emangnya mereka pegawai apple?? wkwkwk",Desain,Netral
@arvinza13,2025-09-23T03:30:58Z,Mirip hijaunya xiomi 15,Umum,Netral
@maulidaalf,2025-09-23T03:30:54Z,"kemarin ngeliat desas desus design 17 pro yg begini keliatan kurang bagus, akhirnya ambil 16 pro karena designnya cantik",Umum,Positif
@gunturagungs18,2025-09-23T03:30:22Z,warna desain kek gimbot  gau tahun 2000an wkwk,Desain,Netral
@hidayatkaperbomen7945,2025-09-23T03:28:13Z,Animasi volume bang😂,Umum,Netral
@hied1754,2025-09-23T03:27:34Z,David kaya keliatan kecewa bandingin hasil dari detail foto 16 dgn 17,Kamera,Negatif
@Nariyasulistya,2025-09-23T03:23:16Z,"Jawab dong plis. 
Ip kalo pake magsafe ngaruh nggak sih ke ketahan batreinnya, apa lama"" Tambah boros?",Baterai,Netral
@HUNTING17AW,2025-09-23T03:22:54Z,"katanya awal dari kehancuran apple. baru launching sehari banyak masalh. kamera blkng ngembun, material mudah tergores dll. baca beritanya sih gitu",Kamera,Netral
@SecretName019,2025-09-23T03:18:26Z,keliatan bang david happy senyum review iPhone 17 basic karna udah pake 120hz,Umum,Netral
@Tannnnnnt,2025-09-23T03:15:31Z,nonton pake infinix note 30 semoga tahun depan bisa upgrade ☺,Umum,Netral
@AhzaDanis-i3g,2025-09-23T03:12:28Z,"Dari launching redmi note 10s sampe skrng masih, di pake may beli yang baru juga belum ada uang",Umum,Netral
@kamplengirawan8126,2025-09-23T03:12:27Z,Dana cuman 5 juta tpi sempet sempetnya liat iphone yg harganya waw😮.,Harga,Netral
@scargaming925,2025-09-23T03:10:47Z,Untuk masalah yang gampang tergores itu ad d bahas ga y?,Umum,Netral
@wrazel3075,2025-09-23T03:06:16Z,"Gak hanya belajar ttg HP, tpi belajar ad warna Hijau Miskin 😂",Desain,Netral
@syamnurwega,2025-09-23T03:06:15Z,Tanggung nanti nunggu iPhone 20 pro dikit lagi 3 lagi wkwkwkw,Performa,Netral
@WillyHariyanto-w6b,2025-09-23T03:05:35Z,Mahal 😂 dan gak greget😢,Baterai,Negatif
@riyansyah7606,2025-09-23T03:05:18Z,"Kenapa ya setiap yang di keluarkan iphone kayak paling hebat dan baru pertama kali ada, kayak 120hz padahal udah paling lama banget tapi ketika android yang mengeluarkan kayak biasa aja tapi ketika iphone yang pakai heboh banget, bentar lagi soal Ai di samsung udah canggih banget hebat banget tapi ya di anggap biasa aja coba ntar iphone yang ada pasti heboh banget kayak satu-satunya di dunia",Performa,Netral
@CRISTY-y8f,2025-09-23T03:04:49Z,"lebih baik 17 besic or 16 plus guys, aku bingung bagus yang mana",Umum,Positif
@adimassoemardjo8138,2025-09-23T03:04:00Z,bandingin 17 base VS 16 pro,Umum,Netral
@DolanAmpelgading,2025-09-23T03:03:24Z,21:47 kok 16pro digemgam tangan kanan kok langsung remuk ? 🤔🤔🤔,Umum,Netral
@fendemm,2025-09-23T03:03:11Z,udah beli nihh🤧🤧,Umum,Netral
@IkanTuna-n1n,2025-09-23T03:02:20Z,"Pajak untuk 2 hp 8jt lebih.
Pastinya negara tempat tinggal bang david sangat sejahtera masyarakatnya. Pastinya lagi gak ada kemiskinan di negara sana 🎉🎉",Performa,Netral
@desnat,2025-09-23T03:00:15Z,"mending milih 17 basic apa 16 pro , bang ?",Umum,Netral
@Hafizhyansyah,2025-09-23T02:56:54Z,24:05 pengen beli vacuum dyson jadi nya...,Umum,Netral
@mustafakansas576,2025-09-23T02:54:36Z,Langsung di tindis xiaomi 17 pro😂,Umum,Netral
@PelaMampang,2025-09-23T02:52:53Z,jangan jangan tema lebaran tahun depan itu warna orange😄,Desain,Netral
@toobitoo,2025-09-23T02:52:44Z,"Bukan Pajak, bang
melainkan Bea Masuk!",Umum,Netral
@Christian-qd2ql,2025-09-23T02:51:06Z,Penasaran ama hp yg selesai dia unboxing terus dia kemanain..,Umum,Netral
@Sanudin12-c7y,2025-09-23T02:48:48Z,Gila pajak  nya baru dua hp aja gila pajak nya 😂😂😂,Umum,Netral
@muhamad1247,2025-09-23T02:46:45Z,10:20 semua jenis bahasa ada kyk hape lain😂,Umum,Netral
@JohnsDandelionSound,2025-09-23T02:45:58Z,"Indo paling maju masalah pajak,, tapi gak tau pembangunan nya… entah kapan berubah nya",Umum,Netral
@darda58,2025-09-23T02:41:33Z,Tetap nonton review ip17 Meskipun pake android samsung s24 ultra,Umum,Netral
@sanusi2005,2025-09-23T02:38:56Z,Bukan sage sage miskin gitu anjay 😂😂😂😂😂,Umum,Netral
@Nora-lh2nj,2025-09-23T02:32:51Z,"17 basic vs 16 plus = 17 basic
16 promax vs 17 promax = 16 promax",Umum,Netral
@gamingverse_01,2025-09-23T02:31:00Z,Design Oren iPhone 17 mengingatkan ku dengan design Google Pixel 4 OhSoOrange yg juga terlihat mewah kalau terkena sinar matahari,Umum,Netral
@harazdon,2025-09-23T02:30:55Z,Mending 16pm atau 17 ya? Bingung mau buat kado ke istri,Umum,Netral
@lihinmino7789,2025-09-23T02:29:12Z,basic batrenya nga terlihat ada upgrade signifikan,Umum,Netral
@ArtbyMputrif,2025-09-23T02:29:04Z,Warna orange nya malah ngingetin Sony Ericsson tipe walkman.,Desain,Netral
@bayufake3657,2025-09-23T02:28:33Z,Pakai aipon sekali doang yg aipon 6😂 gak tau lebih nyaman pake android,Umum,Netral
@Tejn-c6f,2025-09-23T02:21:22Z,Udah 120 hz dong  yg non pro,Umum,Netral
@irpandikaa,2025-09-23T02:17:27Z,Masih nunggu iPhone 18 - 19 - 20 😂,Umum,Netral
@nan4617,2025-09-23T02:10:45Z,Agak lain aja housingnya gitu agak berbeda warnanya dengan bodynya jadi keliatan ga menyatu😢,Desain,Netral
@akunfake3414,2025-09-23T02:09:21Z,Kaget anjir sama pajaknya 😭,Umum,Netral
@DesignMonster170,2025-09-23T02:08:34Z,bagusan kamera 16 pro max menurut aku si klo desain ya masing” punya pilihan lah,Kamera,Positif
@agunggrahakusuma,2025-09-23T02:06:30Z,"Ini pendapat saya, tapi kaya nya saya lebih senang color dan detail kamera 16 Pro 😅",Kamera,Netral
@nurwahyuniramadani7814,2025-09-23T02:03:14Z,Makin yakin beli iphone 16 promax,Umum,Netral
@CinemaSpeed,2025-09-23T02:02:07Z,"Gak mau membuat inovasi baru apa Apple, gitu2 aja harganya selangit lagi",Performa,Netral
@M.FakhriHuseinNatusion,2025-09-23T02:00:47Z,"Bang david kira kira untuk Handphone 2-2.5 juta  yang bagus, untuk gaming dan kamera apa ya?",Kamera,Netral
@ajihidayat5212,2025-09-23T01:57:10Z,Gila makan pajak segitu gdenya ? Negara kok kesusahan pegawai mulu ya,Umum,Netral
@apisfaresi3794,2025-09-23T01:53:06Z,"Yang bilang 60hz iphone 16 itu sma kya 120hz denial banget, mamam tuh 120hz.",Umum,Netral
@Shorumobile789-e7o,2025-09-23T01:52:39Z,Hp ELIT ADABTOR SULIT,Umum,Netral
@Shorumobile789-e7o,2025-09-23T01:48:30Z,"Bang mau tanya, Iphone bisa di cas gak? soalnya ga ada adabtor bawaan.",Baterai,Netral
@irwandevi7658,2025-09-23T01:45:54Z,Yap bener untuk tahun ini ip 17 sudah cukup karena upgrade banyak banget gk. Kalah sama pro... N gak kayak tahun2 lalu yg biasa ya biasa aja... Sekarang mantep 17,Umum,Netral
@SYAMIL-K-A,2025-09-23T01:42:29Z,Xiaomi 17 pro dong,Umum,Netral
@faisalabdulah1224,2025-09-23T01:40:26Z,Coba review ip17pro ama xiaomin 17pro,Umum,Netral
@feehilyng,2025-09-23T01:40:21Z,Kok jual second gk yg ijo,Umum,Netral
@Sukamodifikasi12,2025-09-23T01:36:34Z,"Nonton pake iPhone 13, siapa tau bisa upgrade nanti amin",Umum,Netral
@DesignMonster170,2025-09-23T01:34:42Z,aku baru sja beli iphone 16 pro max😅,Umum,Netral
@starla5287,2025-09-23T01:29:31Z,Di london bnyk keluhan iPhone 17 cat ke klupas di body hp iPhone brrti jlk catnya gak melekat☹️,Umum,Netral
@andiisaraliakbarrafsanjani9595,2025-09-23T01:29:27Z,Worth it Ip 16 pro atau 17 basic ?,Harga,Netral
@dau.oficial,2025-09-23T01:27:17Z,Nanti aja kalau udah harga 5 juta -7 jutaan 3 sampe 5 tahun kedepan baru gw beli😂😂,Harga,Netral
@starla5287,2025-09-23T01:21:57Z,Etdahh hampir 9jutaan cuman bayar bea cukai kocak😂🤣,Umum,Netral
@suliztyoalfajri3388,2025-09-23T01:18:03Z,Bissmillah segera kebeli ini HP 😁,Umum,Netral
@joelevander27,2025-09-23T01:13:14Z,"Mau tanya dong, Iphone 16 pro belum 120 hz? Kok di website applenya tulisannya spek 16 pro udh 120 hz?",Umum,Netral
@HawaGymIndonesia,2025-09-23T01:04:28Z,kok ada pajak? kan USA pajak ke indonesia kan 0%,Umum,Netral
@canuna97,2025-09-23T01:04:18Z,kak oot kakak ada konten yang bahas kenapa kamera depan jadi pink/purple screen gak?,Kamera,Netral
@Kenzienet13,2025-09-23T00:57:08Z,Gw bakal upgrade klo udah make titanium lagi🤪,Performa,Netral
@Kampretid-i1q,2025-09-23T00:41:44Z,Menurutku kalau tintanium emang panas,Performa,Negatif
@Adeju1127,2025-09-23T00:39:18Z,bang David xiami 17 dong riview,Umum,Netral
@zullll654,2025-09-23T00:37:46Z,Mending buat umroh 30jutaan bro😢,Umum,Netral
@sahlan266,2025-09-23T00:30:01Z,"Bang backsound lu enak banget, berasa kembali ke jaman symbian",Umum,Netral
@tiurmaniaa,2025-09-23T00:30:01Z,"ahahahhah kecewa ya pid 😅 ok, ttp bangga pake 16 promax",Umum,Negatif
@aldifirman1920,2025-09-23T00:28:47Z,"24:25 ""Apalagi teknologi yang orange? Pepaya"" ngakak bet😭😭",Performa,Netral
@RendyAp37,2025-09-23T00:23:15Z,Seri iphone Rilis cepet banget keinget zimbabwe cetat uang berlebihan akhirnya miris lihatnya,Umum,Netral
@hilmanajah80,2025-09-23T00:21:45Z,coba untuk foto 17pro mungkin beauty nya harus di off dulu,Kamera,Netral
@maarifsae_id,2025-09-23T00:18:52Z,"Jualan ya jualan aja men, kan penting pas ngomong bisa pake alasan yang menarik dan baru meski pake istilah buatan sendiri 😂",Umum,Netral
@kimpuy3735,2025-09-23T00:18:30Z,"iPhone 17 base model boleh sih di beli, soalnya upgrade abis abisan 😂",Umum,Netral
@perencanaanbendungan6107,2025-09-23T00:15:53Z,"maap bang, kurang bgt desain nya",Desain,Netral
@w1ldn243,2025-09-23T00:15:53Z,Ipon 17 ale,Umum,Netral
@artp07,2025-09-23T00:12:58Z,17 pro orange metal jamet,Umum,Netral
@danidani-vq1gd,2025-09-23T00:04:18Z,"Ditinggal Steve Jobs, Apple jadi menjemukan???",Umum,Netral
@wilsen_BF,2025-09-23T00:03:34Z,Bang pixel 10 dah rilis tu coba rekomen lah 😂😂,Umum,Netral
@muhammadfajrih6982,2025-09-23T00:03:12Z,16 plus vs 17 biasa coba bang david,Umum,Netral
@Triikurniawanputraa,2025-09-22T23:59:19Z,"Bang bang situ udah megang IP 17 pro ,saya malah blm pernah ngerasain punya IP bang😢",Umum,Netral
@LogikaSubejo,2025-09-22T23:58:08Z,5 tahun lagi iphone baru ngikutin bkin fold.😂,Performa,Netral
@zulian5762,2025-09-22T23:54:39Z,Poco orange 🤔,Umum,Netral
@captapollo990,2025-09-22T23:50:33Z,Kecewa kukira xiaomi 17PRO,Umum,Negatif
@vinammardi2,2025-09-22T23:48:48Z,Bahas Xiaomi 17 pro bang,Umum,Netral
@mwiedmgrinding5565,2025-09-22T23:44:51Z,Gak tau kenapa 17 pro vibesnya prindavan banget yak warna plus design nya 🙏,Desain,Netral
@heiuuuuuusouuu,2025-09-22T23:43:59Z,"Warna orange khusus nya iPhone itu kesannya lebih ke varian baru yaa ...bukan terlihat ingin lebih elegan dari variasi yang sebelumnya,tapi mungkin Apple ingin memperkenalkan iPhone 17 pro mempunyai ciri khas khusus dgn warna yang berbeda ...",Desain,Netral
@leonaprimitivetechnology,2025-09-22T23:38:53Z,udah kebeli yang beneranya bang ..😂😂😂,Umum,Netral
@kinderjoyhitam7923,2025-09-22T23:36:42Z,bang Unboxing Redmi Turbo 4 pro bang,Umum,Netral
@prime8393,2025-09-22T23:36:28Z,Br skrg iphone kliatan gk mewah,Umum,Netral
@SeptaCahyani-bz2qf,2025-09-22T23:32:11Z,Mungkin ijo sage nya terinspirasi dari warna daun sage yg berasal dari mediterania bang..,Desain,Netral
@FunRun-dw5qk,2025-09-22T23:30:54Z,Bang lain kali kalau Tes gaming main Minecraft pake shader yang mirip PC itu lahh,Performa,Netral
@muhammadirfanzikrullah806,2025-09-22T23:27:02Z,"mana baru beli 16 lagi, eh keluar ini😂",Performa,Netral
@wongguteng1292,2025-09-22T23:26:56Z,"tim beli doang, nonton kaga.",Umum,Netral
@puspanihaliatari,2025-09-22T23:23:24Z,"Tau kan saham e apple turun, ya cuma gimik marketing dan ga ada inovasi, 1.000T lebih turun",Umum,Netral
@radityaalifgalangsamudra5351,2025-09-22T23:17:01Z,Bang itel s26 ultra kapan bang,Umum,Netral
@tayaaasy8007,2025-09-22T23:04:16Z,fun fact bezel 17 series semua sama keliatan bezel di 16 pro tipis pake banget,Desain,Netral
@King_Tian_Trader,2025-09-22T23:04:01Z,"Tampilan belakang nya Kurang menarik, lebih bagus iPhone 16 Pro Max, Terimakasih Sudah Review Oleh Gadgetin. Mantap",Umum,Netral
@denaharini7878,2025-09-22T22:54:44Z,Design 17 pro kureng banget,Umum,Netral
@yantoyanto8664,2025-09-22T22:42:46Z,Bang udah bang 😅,Umum,Netral
@9321yudhistira,2025-09-22T22:42:19Z,Pajaknya di indonesia gila2an apapun di pajak apapun,Umum,Netral
@fadillafiqih670,2025-09-22T22:39:21Z,Kek dino oren 😂😂.. Cita citaku menjadi spotekk...,Umum,Netral
@Sans_jax,2025-09-22T22:28:18Z,29:22  lah ini mah mainan dari bg Medy Renaldy 😂😂,Baterai,Netral
@ugasrgr,2025-09-22T22:26:54Z,0:54 pajak yang dibayarkan untuk sumbangan hidup mewah pejabat indonesia😢,Umum,Netral
@Jappjap,2025-09-22T22:26:38Z,Seneng pindah ke iPhone 17 pro soalnya lebih ke arah “tool” dr pada barang mewah.. sebenarnya generasi sebelumnya mau dibilang barang mewah juga aneh sih 😅 gengsi org indo aja yg ga ketolong..,Umum,Netral
@hafizmuhammad9714,2025-09-22T22:06:07Z,Jadi pengen upgrade dari 14 pm ke 17 pro 😍,Umum,Netral
@isansyr,2025-09-22T22:04:34Z,Masih setia pake 15pro,Umum,Netral
@naufalzanuwar1239,2025-09-22T21:56:31Z,Wihhhh akhirnya hp beneran 😮😅,Umum,Netral
@Ummah878,2025-09-22T21:26:01Z,"Nex HP 2 jutaan, yang cocok buat ngonten dan bisnis online dong bang..🙌🏻",Umum,Netral
@agatzichannel9322,2025-09-22T21:25:03Z,"sorry apple, kali ini saya masih bertahan dulu aja di 16.",Umum,Netral
@nafi_mohammad,2025-09-22T21:11:01Z,Upgrade yg sebenarnya udah standar di HP flagship android lainnya. Apple kalo gak ada innovasi kaya jaman dulu lagi bakal di tinggalin usernya sih lama²,Performa,Netral
@a.t.a.f.s,2025-09-22T21:06:58Z,25:03 lucu bgd anjir awokawok 😂😂 kacau kacau 😂,Umum,Netral
@danielrossi4239,2025-09-22T21:01:58Z,Akhirnya unboxing Poco 17,Umum,Netral
@UkhtiDevia,2025-09-22T20:41:43Z,Nonton doang kagak beli 😢,Umum,Netral
@mezialghifari7896,2025-09-22T20:36:31Z,"Bang review unihertz titan 2 dong, hp yg di gadang2 penerus bb itu 🖐🏻🖐🏻",Umum,Netral
@Ojie-u8p,2025-09-22T20:33:39Z,"Warnanya terlalu Gonjreng yg oranye😅..lebih bagus yg warna Perak atau biru pekat. Tapi apalah daya, Gak mampu beli,beli yg murah2 saja😅hehehe..",Desain,Netral
@muhammadfaturrachman8327,2025-09-22T20:33:22Z,Keknya wajib ngambil yang 17 basic nunggu pas rilis resmi nya deh 😊,Umum,Netral
@ariehidayat8891,2025-09-22T20:31:13Z,Poco + magsafe = ip 17 pro,Umum,Netral
@ArabPeaaaa,2025-09-22T20:29:19Z,kwowkowk 17 pro downgrade banget,Umum,Netral
@LoveStory-wn6cj,2025-09-22T20:19:50Z,"Masih bertahan di 16 promax krn design 17 pro menurut pribadi sy mengingat kan hp midrage merk sebelah🤣
Wajar aja isunya kmrn awal rilis ip 17 merugi.",Umum,Netral
@yout-r2uaudio,2025-09-22T20:18:08Z,Lag nyimak pakai phon nokia 3315 aj,Performa,Netral
@crauser7350,2025-09-22T20:14:51Z,Bahkan warna orange Nokia N8 yang keluar 14 tahun lalu pun masih di copy paste. 😂,Desain,Netral
@ReloadLiveStream,2025-09-22T20:12:57Z,90% yg nonton gak beli pasti😂,Umum,Netral
@debreynd,2025-09-22T19:59:23Z,"buset bg david kek gw banget, denger kata ""sage"" yg diinget sage mode Naruto 😂",Umum,Netral
@argikurniawan9585,2025-09-22T19:56:03Z,Next time item super 26 ultra,Umum,Netral
@AoketNisch,2025-09-22T19:54:19Z,10:30 akhirnya iphone 120hz base model,Umum,Netral
@RyeounFanpage,2025-09-22T19:52:43Z,"Tadinya udah fix mau pilih orange, setelah nonton ini jd pengen silver😂, sharing dong yg udah pegang, bagus silver apa orange.",Umum,Positif
@jihanvapestore2914,2025-09-22T19:39:45Z,Poco HDC segara hadir😂😂😂,Umum,Netral
@richalstell4283,2025-09-22T19:35:48Z,Seumur2 baru kali ini gue duluan unboxing iphone dari pada david wkwk,Umum,Netral
@mulkraja719,2025-09-22T19:28:40Z,duit yg bergerak.... harga nya 1 buah motor 😅 saldo 50 juta jgn beli nanti ngga bisa makan 😂,Harga,Netral
@smujib,2025-09-22T19:25:58Z,produk gagal ip 17pro bang,Umum,Netral
@christopherdarell3366,2025-09-22T19:24:43Z,"Mau upgrade dari iphone 11, mending upgrade ke ip16 pro atau 17?",Umum,Netral
@hm6749,2025-09-22T19:17:15Z,"Rekomendasi hp antara ss s25fe, Oppo Reno14 5g, Vivo v60?",Umum,Netral
@topanthomas4203,2025-09-22T19:10:34Z,"Jujuran aja sih kalo desain ama material nya kalah telak ama seri 15 pro 16 pro
Bentukan nya juga kurang enak diliat kek hilang kesan mewah di seri pro mereka, malah bentukan bam kamera yang sebelum nya terlihat monoton boba nya jadi kelihatan jauh lebih bagus dibandingin bentukan bam kamera 17 pro yang lebar banyak lahan kosong nya
15 pro 16 pro lebih keren sih soal desain nya meskipun yang paling mewah masih tetep dipegang material stenlis kek seri 12 pro dan lain lain",Kamera,Negatif
@ogick_andria,2025-09-22T19:05:20Z,Aku mau order yang 17 promax 1 TB tapi darimana uangnya??😭,Umum,Netral
@akoy-jy1rj,2025-09-22T19:01:51Z,"warna nya kaya hp jadul dulu BEN Q SIEMEN yg atas nya ada tombol musik. 
sya pernah pake.",Desain,Netral
@bucek2247,2025-09-22T18:57:32Z,"17 ini tanda awal kehancuran apple, minim inovasi tapi harga mahal",Baterai,Negatif
@dansiebrand3475,2025-09-22T18:55:50Z,Guys 15 pro / 16 pro masih worth it ga sih klo beli sekarang?,Harga,Netral
@gitarinjani30,2025-09-22T18:54:58Z,Masih setiaa menggunakan iphone 11 promax😅😂🤣😜😝😛,Umum,Netral
@edwardpartogis300,2025-09-22T18:54:57Z,16:50 itu dirotate hp nya jugaa bang david,Umum,Netral
@cahyobendol4214,2025-09-22T18:54:49Z,Ngk ana inovasi bang,Umum,Netral
@MocaChinos,2025-09-22T18:48:28Z,"Pengen banget, liat ginian di 15 Pro pen Upgrade ke 17 basic, worth ga ya? 😂",Umum,Netral
@mazzwayne,2025-09-22T18:46:56Z,"Kapan yahhh,kapan² woilah cik😹",Umum,Netral
@jasongavrielyd,2025-09-22T18:46:49Z,Kak boleh ga buat aku 1😊,Umum,Netral
@Chandra378,2025-09-22T18:43:40Z,Ada garansi nya,Umum,Netral
@rahmatthok2650,2025-09-22T18:37:08Z,Kehabisan ide udah malah mirip poko 😂,Umum,Netral
@yonattahendra4602,2025-09-22T18:36:35Z,Desain absurd bet😂,Desain,Netral
@Abukhodir,2025-09-22T18:35:09Z,"Bang saya mau upgrade iPhone lagi, ada dana untuk DP. 2 jt.. untuk angsuran nya 3 tahun berapa kira""...",Performa,Netral
@BabyRapunzel-j5w,2025-09-22T18:30:16Z,"Makin kesini makin gak mau beli iphone njir, tapi gak tau yg lain sih",Umum,Netral
@WidiyaLestawati,2025-09-22T18:29:25Z,Coba bang next bahas xiaomi 17 terbaru pasti seru tuh hehehe desain mirip poco yg di jiplak iphone hehehe tapi ada layar kecil di belakang samping kameranya.. 😅,Kamera,Netral
@pens-hana,2025-09-22T18:28:10Z,kulkas 2 pintu,Umum,Netral
@aldyjemberz,2025-09-22T18:22:03Z,info penadah ginjal?,Umum,Netral
@pocetmaster1858,2025-09-22T18:16:24Z,Desain mundur 2 tahun,Desain,Netral
@alfredyang9803,2025-09-22T18:14:37Z,So camera 16 warna nya lebih bagus ya kak?,Desain,Netral
@bryanmorang854,2025-09-22T18:08:11Z,Infonya setelah peluncuran iPhone 17 series ini saham iPhone turun & investor di apple mengeluhkan minimnya inovasi. tapi harga tetap naik,Harga,Netral
@aadallahgames,2025-09-22T18:07:33Z,Poco termahal yang kameranya mengecewakan 😅 pro marketing jir,Kamera,Negatif
@EndangRusmiati-t9m,2025-09-22T18:06:15Z,"Bang David, coba Review in hp Blackview A96 dong",Umum,Netral
@riyuu7797,2025-09-22T18:04:18Z,17:09 harus 3 org,Umum,Netral
@pebieramadhani9999,2025-09-22T18:02:38Z,"Kangen banget beli hp pas unboxing didalam kotaknya banyak isi, ada casan, ada headset, stiker, dll, jadi happy aja gitu gk cuma dapet unitnya doang 😂 pdhl dlu harga hpnya gk segila skg sih 😅",Baterai,Netral
@gontaganti_channel,2025-09-22T17:57:01Z,jadi pengen beli yg 17 tok,Umum,Netral
@AndikaAmir,2025-09-22T17:56:58Z,Masih setia pakai j2 prem ❤,Umum,Netral
@nurlaila_gobel.,2025-09-22T17:52:40Z,"Bingung mau beli d sini apa d indo🥲, ntar beli dri luar bnyak embel” pas masuk indo🥲",Umum,Netral
@anasstyd6918,2025-09-22T17:51:57Z,"Dari Sekian banyak reviewers elektronik di indonesia, bahkan di dunia entah kenapa saya tetep nungguin bang david yang review, kaya iphone terbaru ini meskipun di luar negeri udah banyak yang duluan review dan unboxing saya tetep nungguin video update nya bang davit yang review nya",Kamera,Netral
@riyuu7797,2025-09-22T17:50:48Z,lah cpt bgt jir,Umum,Netral
@POQE_GAMING,2025-09-22T17:50:48Z,"BEA & PAJAK : ""ALAMAAAKKKK DUIT NIH🤑🤑🤑.""",Umum,Netral
@delfamuhammad,2025-09-22T17:48:51Z,Ip 17 pro oren varian rasa pepaya,Umum,Netral
@SusiloDestiawanMarga,2025-09-22T17:43:09Z,Kalo selfie gileee sih series 17. Tapi kok kameranya belakangnya agak gimana 😂,Kamera,Netral
@sukmasupri07,2025-09-22T17:40:32Z,Yang 17 pro terkesan b aja ya😐,Umum,Netral
@Sky-sz7th,2025-09-22T17:40:10Z,xiaomi 17 ka,Umum,Netral
@Rizalrdn,2025-09-22T17:38:35Z,Gede kali pajaknya,Umum,Netral
@AndikaAmir,2025-09-22T17:38:19Z,Pajak pajak pajak,Umum,Netral
@Hiaceaceh,2025-09-22T17:36:13Z,Tunggu xiaomi 17 promax nya dulu 😅,Umum,Netral
@yudhypangestu433,2025-09-22T17:32:28Z,Poco x7 pro ini,Umum,Netral
@YogaFtstory,2025-09-22T17:31:33Z,next video coba bahas xiaomi 17 pro max bg,Kamera,Netral
@fajarevendy648,2025-09-22T17:30:59Z,Tapi jujur iPhone 17 pro kalau di lihat dari video nya kek hp HDC desain dan warna nya aneh,Kamera,Netral
@Ocan_RS,2025-09-22T17:29:58Z,Nyimak doang Beli kaga Adalah Saya🤧,Umum,Netral
@RianggaTrianto-m9j5l,2025-09-22T17:27:52Z,"Mereka tinggal goyang kaki di pemerintahan 
Pajak hampir 9 juta itu 2 hp 
Kalikan berapa juta pengguna iPhone seluruh Indonesia kalikan pajaknya 
Sementara rakyat Indonesia 😢
Miris nya negriku 😢",Umum,Netral
@JajaoonJaja,2025-09-22T17:27:27Z,Tiinggal beli casingnya yg model kyk gto banyak,Baterai,Netral
@AditAsril-dc9oi,2025-09-22T17:24:03Z,Kak david riview hp infinix lagi dong,Performa,Netral
@Solihinajah-i7j,2025-09-22T17:22:06Z,Bagi satu pamer hp mulu luh bang,Umum,Netral
@torayafisher1838,2025-09-22T17:21:04Z,"Jirr, ijo Miskin.. Warna cat rumah mertua ku tu bang David 😅",Baterai,Netral
@fawfauu,2025-09-22T17:19:24Z,Sepertinya Iphone 17 bisa bersaing dgn Poco F series sih.,Umum,Netral
@AkhmadIbnuRizall,2025-09-22T17:18:38Z,"tim yang hanya nonton belum kesampaian belii,dari  ip 11 awal launching sampe sekarang udak di iPhone 17😅",Umum,Netral
@Kumbang094,2025-09-22T17:17:22Z,Katanya gampang baret?,Umum,Netral
@madadareel541,2025-09-22T17:15:35Z,Ga pernah kebayang gue punya hp ini.,Umum,Netral
@AmpunkanTaubat,2025-09-22T17:12:19Z,"Pertama planning 2026 iphone 17 pm mumpung lagi di dubai, stelah liat DXOmark melongo liat Huawei 80 pura. Dah lah sudahi branded minded yg udah obsolete di zaman teknologi ini. Realistis aja yg paling tech yg dibeli buat invest, yaitu Huawei 80 Pura",Performa,Netral
@BukanBuzzer1290,2025-09-22T17:11:08Z,Kalo mau landscape harus 3 orang atau lebih kayaknya bg,Umum,Netral
@marzatillah4373,2025-09-22T17:05:56Z,16 pro dessert titanium mewah banget,Umum,Netral
@Gitong-x6p,2025-09-22T17:04:44Z,Berapa harga bg,Harga,Netral
@umars,2025-09-22T17:04:26Z,24:38 KALO MISALNYA NYESEL 🤣,Umum,Netral
@razmannice,2025-09-22T17:04:04Z,Bang tlong review in proyektor murah2 dong under 500k ada ga,Harga,Netral
@ahmadyogi1905,2025-09-22T17:03:05Z,Deep blue gacor keknya,Umum,Netral
@Farisaf24,2025-09-22T17:02:22Z,yg pro klo liat garis antenanya sekilas keinget sma ip XR.,Umum,Netral
@hilalfahmi1390,2025-09-22T16:59:54Z,Review I-Phone vs poco,Umum,Netral
@inuemon8176,2025-09-22T16:59:00Z,Warna khas prindavan  kuning orange,Desain,Netral
@muhamadquba7843,2025-09-22T16:57:58Z,sama aja kaya yang sebelum nya tapi gua terkejut sama pajak nya doang😅,Umum,Netral
@yobiSatya,2025-09-22T16:54:28Z,"Bang david, saya mencium aroma kecurangan Iphone, 
jika mereka ngeluarin prodak baru, otomatis software updatenya menurunkan kualitas kamera dari iphone lama.
hanya iphone baru yang memiliki kualitas terbaik.
padahal iphone lama baru keluar dulu itu kualias kameranya sama bagus dengan iphone baru yang sekarang.",Kamera,Positif
@bursapropertimakassar,2025-09-22T16:51:54Z,Desain speaker nya yg dibawah seperti titik² itu membosankan.. lebih keren desain speaker samsung,Desain,Positif
@ariwinata41,2025-09-22T16:51:28Z,"Seperti awal kehancuran Blackberry, yang kala itu hanya membuat pembaruan trackpad saja untuk produk terbarunya..",Umum,Netral
@MayaSari-0710,2025-09-22T16:49:12Z,"Ini semua HP yang udah di review sama ka david pada dikemanain yaa?? (Tanya dengan nada lembut, selembut hembusan buat kaca)",Umum,Netral
@muhammadalmalik4984,2025-09-22T16:46:20Z,Di lap dulu kamera nya bang…😅,Kamera,Netral
@N24KO,2025-09-22T16:44:11Z,Bang kasih gua iPhone kek belum mampu beli bang😢,Umum,Netral
@Owypawspaws,2025-09-22T16:43:20Z,Bang david tolong kasih rekomendasi laptop untuk jualan online 🙏,Umum,Positif
@samuelsanpakpahan6078,2025-09-22T16:43:13Z,"Hp iPhone Ipin Upin tidak secanggih Hp Android terbaru sekarang seperti Xiaomi redmi note,Oppo,Vivo,Samsung,Realme,Infinix,Poco sudah menggunakan AI dsbnya juga harga nya terjangkau,design bodynya oke,awet,tahan lama,tidak cepat panas,kapasitas battery nya besar 5000-7000 mah,camera nya oke,Ram nya besar juga Rom nya besar,Spare part-nya terjangkau,banyak peminatnya juga nilai jual bekas masih oke dan Hp termahal di dunia ini Hp Vertu menggunakan Android.Apapun cerita gadget tetap Hp Android paling terbaik",Baterai,Negatif
@adityalukmana99,2025-09-22T16:42:36Z,Jastip JBL Flip 7 kmna ya,Umum,Netral
@rynt16,2025-09-22T16:36:49Z,TT bang sama realme 8 pro siap namabah +++,Umum,Netral
@benedictusvito2710,2025-09-22T16:36:41Z,"Memang iphone 17 base model paling worth it, dan pertama kalinya loh dalam sejarah iphone base model lebih worth it daripada pro setelah iphone 11. iPhone 17 selain 120 hz juga lensanya cakep bgt, lebih fast charging, baterai gede dan storage mulai dari 256 GB, bukan 128. Minusnya cuma satu, desain belakangnya sama persis dengan 16, walau layarnya lebih tipis bezelnya. Rada aneh sih Apple malah bikin semua hal kerasa worth it di iphone 17 base, yang air keliatan banget minusnya di kamera dan baterai, sedangkan pro kurang di desain, ketangguhan, dan kamera yg banyak masalah. 17 base hp flagship yang termasuk teraman dan nyaman di 2025. ""120 hz kan udah adah dari lama"" ya pro juga udah lama pake, tapi dengan harga segitu dan untuk Apple lumayan banget sih.",Kamera,Positif
@riibbyy,2025-09-22T16:36:12Z,kok yg ip 17 pro foto2ny kayak ada efek smoothny gt ya...,Kamera,Netral
@danijahit,2025-09-22T16:34:56Z,Mau dong hp nya KA David   hp aja boleh,Umum,Netral
@danijahit,2025-09-22T16:33:43Z,"Malam KA David 
Ka kalo boleh tau hp yang di riview2 itu  KA banyak  terus dikemanain ya   tolong jawab❤",Umum,Netral
@aslightfalania6278,2025-09-22T16:28:48Z,"bang David tolong request Oppo k13 pro turbo dong, apakah akan rilis ke global, makasih.",Umum,Netral
@animasieay,2025-09-22T16:22:56Z,Gw yg masih pake iphone x 😢,Umum,Netral
@LahManaSayaTau.,2025-09-22T16:19:33Z,Bang bahas iphone 17 yang KW nya,Umum,Netral
@gekkoyuki9233,2025-09-22T16:19:10Z,Bahkan bang David juga bilang mirip Poco hahahahaha,Umum,Netral
@hackerbones7998,2025-09-22T16:19:08Z,iPoco Pro Max 🗿,Umum,Netral
@HamArtKu,2025-09-22T16:18:41Z,"bahkan, bang david tidak mengetahui spek hpnya sendiri😂",Umum,Netral
@adityahadinugroho5823,2025-09-22T16:18:34Z,16pro the best,Umum,Positif
@monselora,2025-09-22T16:18:33Z,ngikutin trend gada habis nya😅,Umum,Netral
@alvinnababan3156,2025-09-22T16:17:15Z,Wow bagus banget,Umum,Positif
@fatiralif6265,2025-09-22T16:15:26Z,"Xiaomi 17 pro, lbh jauh kerennya dari iphone jadul ini",Umum,Positif
@Risala_G,2025-09-22T16:15:24Z,Bang minta hp iphone dong 1😢,Umum,Netral
@Gibson.Emanuel,2025-09-22T16:15:03Z,Bang David nggak bisa move on dari iPhone 16 😂 26:20,Umum,Netral
@fatiralif6265,2025-09-22T16:14:31Z,"Ini HP jadul yg bertahan dari awal sampai akhir, desainnya gitu2 aja",Desain,Netral
@akuniseng2241,2025-09-22T16:14:23Z,Utk auto landscape harus face detectionnya lebih dr 2 wajah bang,Umum,Netral
@muhaziztsani1223,2025-09-22T16:13:28Z,wkwkw di bagian foto kabel ijo momax 16 lebih fokus di tulisan momaxnya dan 17 mlh silau wkwk ktanya sensor lebih gede ga sih,Kamera,Netral
@baguspuguhwibowo,2025-09-22T16:10:57Z,"Nunggu ip 17 pro rilis di indo, habis itu nunggu 16 pro turun harga 😂",Harga,Netral
@andinizar1234,2025-09-22T16:08:25Z,bang coba review dong iphone 17 pro max,Umum,Netral
@Parantiapple,2025-09-22T16:07:40Z,Dulu launching iphone baru nunggu apa yg bikin think different nya tapi skr cm nunggu harganya berapa 😂,Harga,Netral
@iez246,2025-09-22T16:07:26Z,ganteng bangat lu bro,Umum,Netral
@djah_dolan,2025-09-22T16:07:06Z,Otw 2jt view,Umum,Netral
@triwaris4086,2025-09-22T16:06:14Z,Dan saya tetap masih 0akai seri 13 base,Umum,Netral
@Luffy.hijrah,2025-09-22T16:04:53Z,Bang review itel s26 ultra bang,Umum,Netral
@MAENALUS7,2025-09-22T16:02:06Z,"Coc TH 17 ,IPHONE 17 😂❤",Umum,Netral
@jojo.1896,2025-09-22T16:01:47Z,Gas s beli yg 17 basemodel aja lah 🤭,Umum,Netral
@hahaha-nu3it,2025-09-22T16:01:14Z,Biaya produksi untuk bikin body titanium dialokasikan untuk layar dengan panel ltpo oled yang sekarang udah 120hz,Desain,Netral
@HanaSapuna-v4h,2025-09-22T16:00:56Z,xiaomi 17 pro,Umum,Netral
@YT_INTROVERT,2025-09-22T16:00:00Z,Bg review Infinix note 50s dong,Umum,Netral
@HugZone,2025-09-22T15:59:41Z,baru tau ada hijau Miskin 😅😅,Umum,Netral
@antonlukez2051,2025-09-22T15:58:38Z,"benar sih agak gimana gt klo ini iphone pro. kok jelek yak.. kayak bukan iphone aja 😂
stay d 15pro ajalah.😅",Umum,Netral
@Abtoke01,2025-09-22T15:58:28Z,Ijo miskin....😞😞 Warna tembok rumah sy itu😅😅,Baterai,Netral
@gentlandy,2025-09-22T15:57:16Z,"Jadi pengen cosmic orangenya, pairing warna sama hijau biar jadi Michelangelo 😭",Desain,Netral
@denn29,2025-09-22T15:56:35Z,Bang review samsung GALAXY A17 5G,Umum,Netral
@abdillahdaulay7622,2025-09-22T15:56:23Z,16 pro ❤,Umum,Netral
@haryalfharezyrul3779,2025-09-22T15:56:07Z,"Apa cuman saya sendiri di sini yg hobi nonton riview iPhone terbaru, tapi diri sendiri belum punya iPhone 😂 ,
Kalau ada sini kumpul 😂",Umum,Netral
@irwansyahmochammad5339,2025-09-22T15:56:03Z,Masih jaman konten unboxing,Umum,Netral
@arfinsyaifatullah4637,2025-09-22T15:55:53Z,Pixel 10 series bang @gadgetin,Umum,Netral
@RinaSulastri-h9f,2025-09-22T15:55:32Z,"Ini apa yah yang membedakan,😅saya dari pake iPhone xr,11,skrg 14 sama aja perasaan ,,ap mungkin sy yg oot 😅",Umum,Netral
@yellowjacket0658,2025-09-22T15:55:07Z,Fitur kameranya yg di ip 17pro disetting dulu baru dibandingkan. Kalo 16 kan udah dipake lama dan pasti sudah disetting fitur kameranya.,Kamera,Netral
@leonardsianipar2381,2025-09-22T15:53:05Z,"Masih setia dengan s23ultra. Selama masih dikasih update pacth, sepertinya gak bakal ganti.",Umum,Netral
@awalkusumah,2025-09-22T15:52:45Z,"Bener bang 13:51 jd lebih fokus lgi cuma buat pilih app , lbih baik yg ada warna nya aja 😅",Desain,Netral
@syahibraakbar7135,2025-09-22T15:50:18Z,banggg unboxing pixel 10,Umum,Netral
@Anwarbridess,2025-09-22T15:50:03Z,DI Ending expersi Bang David sangat sangat menjelaskan dan dari gesturnya sudah sangat sangat sangat sangat wow,Umum,Netral
@tazalijauhar8139,2025-09-22T15:49:34Z,"Tapi mantep itu Plato nya jadi unibody, biasanya make kaca, gampang pecah si back glass nya, kalo unibody harusnya makin kokoh ya",Umum,Netral
@EkoSBChannel,2025-09-22T15:49:04Z,Tim nonton doang tapi ga beli😅 yang nonton karena cuma mau tau review dari gadgetin😂 kaum mendang mending sini kumpul😂,Umum,Netral
@Brayen-l7w,2025-09-22T15:48:10Z,B aja sihh..,Umum,Netral
@putuningsih6610,2025-09-22T15:47:52Z,Brand lain jauh lebih bisa ngasi kualitas  di  banding dengan harga segitu,Harga,Netral
@farrelzong4443,2025-09-22T15:47:07Z,"cuma dapit doank melihat 17pro agak2 gmn gtuuu... ""mirip poco desain dan warnanya"" keceplosan juga sarkasnya 🤣🤣",Desain,Netral
@fuadlen470,2025-09-22T15:46:46Z,"9jt mending beli tanah/ emas, emang gila PPN segitu 😢 udah uang ya entah kmn, mending beli nunggu rilis di Indonesia tp diribetin😢,, bang iPhone 17 pro ya di jual ap GK?? Dijual brp??😂😂",Umum,Netral
@TukangCukur731,2025-09-22T15:44:26Z,Nunggu banyak diskon aja nanti sabar dulu kalau mau beli 😂,Umum,Netral
@ArifAchmad-e2w,2025-09-22T15:43:53Z,infinix GT ngeluarin tipe GT yg biasa ga pake pro. review bng,Umum,Netral
@gpdentertainment2569,2025-09-22T15:43:44Z,Kak kalau dengan bughet 14 juta mending nunggu turun 17 yang biasa apa 16 ya kak mohon saran nya kak lagi bingung,Performa,Netral
@gabusterbang3711,2025-09-22T15:41:33Z,17 pro warnanya mirip hp mainan anak gw,Desain,Netral
@jackkahunalaguna667,2025-09-22T15:41:29Z,Mending nabung bitcoin,Umum,Netral
@farisanfahira5932,2025-09-22T15:40:05Z,"Gw rasa lbh bagus I-Phone 15 promax
Karena itu kemampuan gw😅",Umum,Positif
@ferlyhansyah9621,2025-09-22T15:39:08Z,Jadi ragu beli iphone 17 pro 🗿🗿,Umum,Netral
@ShanumSiDokterKecil,2025-09-22T15:37:54Z,Xperia 10 VII,Umum,Netral
@Jou-jo,2025-09-22T15:36:45Z,Mending beli ip 17 apa nyewa lc bang?,Umum,Netral
@Alamterus18877,2025-09-22T15:36:12Z,seperti biasa ketika david gatget in review samsung seri s dan iphone pasti ada ketawa kesel ada rasa kagum wow gitu. kayak spesial banget kedua hp ini kalau udah direview 😁🙌,Umum,Netral
@ahmadluthfy,2025-09-22T15:36:00Z,3:17 elite ball knowledge,Umum,Netral
@apitefendi6233,2025-09-22T15:33:48Z,apa yang beda nih?,Umum,Netral
@DezaBilqis,2025-09-22T15:32:47Z,rencana besok mau beli 17pro jd saya liat dulu rekomendasi dari gadgetin biar ngehayal ku lebih beralasan 🫩,Umum,Netral
@giannidwiaryanto9800,2025-09-22T15:31:44Z,"Jujur diseries 17, base model sih yang menang banyak, lebih berasa upgradenya di base model 😂😂😂",Umum,Netral
@pink19a,2025-09-22T15:31:00Z,"Enteng bgt abg ini beli iphone ,😢 menyala ginjal kkkkkkuuuuuuuuuu 😢",Umum,Netral
@RedmiNote10Pro-5G,2025-09-22T15:30:01Z,Sholawat tin aja ya Allah amin🙏,Umum,Netral
@mdzepiko503,2025-09-22T15:28:53Z,"Ini tergantung slera masing² ya, klo mnurutku gada mewah² nya, malah terkesan burik kya hp murah 😅",Harga,Netral
@dafaalmeyda,2025-09-22T15:28:31Z,Lagi dan lagi tim nyimak sajaaaa 😂😂😂😂,Performa,Netral
@anonyma2200,2025-09-22T15:28:09Z,Warna tone hasil foto kamera iphone 17 pro jadi kuning ya di bandingkan sama iphone 17 pro. Kayanya lebih worth it iphone 17 base model sih,Kamera,Positif
@ardaarx,2025-09-22T15:26:44Z,Bang David coba review Airpods pro 3 dongg,Umum,Netral
@pundybawono4487,2025-09-22T15:25:15Z,Review Motorola Moto Pad 60 pro....makasih bang David,Umum,Netral
@kikiparizki1783,2025-09-22T15:24:42Z,"Udah jelek iphone sekarang,, cuma bikin penasaran doang",Umum,Netral
@HAIKAL12-v7w,2025-09-22T15:24:30Z,Bang Coba unbox vivo y04,Umum,Netral
@Xyz-m3w7w,2025-09-22T15:24:24Z,"Dah hidup ga perlu nurutin gengsi, klo dikasih ip 17 ttp nerima ya g si?😂",Umum,Netral
@Tikusjinodo,2025-09-22T15:23:45Z,"14:44  di ios 26 emang agak berat sih, mungkin iphone 16, stabilnya di ios 18 aja,",Umum,Netral
@mhadsmusic9889,2025-09-22T15:20:36Z,Udah resiko tinggal di indo ya bg😅,Umum,Netral
@Agamsuka,2025-09-22T15:19:13Z,"Makin fix ga bakalan beli ip 17 pro,walaupun di buat harga lebih murah sama 16 tetep milih 16",Harga,Netral
@apen-uz9zp,2025-09-22T15:18:48Z,Huawei pura cuma ketawa aja ngeliat ini😊,Umum,Netral
@rapalanakpotocki,2025-09-22T15:17:53Z,"gede banget pajak nya ya bang, kayanya negara abang sangat bahagia dan sejahtera 😊",Umum,Netral
@FAUZENV160,2025-09-22T15:17:09Z,"Selain barang"" yang warna ijo sage ini lagi viral, minuman yang warnanya ijo"" an juga lagi viral loh bang david, contohnya matcha tuh😅",Performa,Netral
@nicootarigan,2025-09-22T15:17:06Z,"Semakin yakin bahwa perubahan iphone lebih ke display dan kamera saja. Sisanya soal engine, yaahhh lebih ke mengikuti kebutuhan sistem OS nya aj, 😅😅. 
Ya sudah, intinya pastikan beli barang dengan memperhitungkan 3 aspek penting yaitu: kebutuhan, kemampuan dan keinginan.",Kamera,Netral
@this-is-vidd1656,2025-09-22T15:16:50Z,"Ntahlah.. wlaupun gw stuck di ip xs, tapi rasanya liat ip msih gini² aja berasa monoton huhu",Umum,Netral
@Random_konten44,2025-09-22T15:13:11Z,Waw 30 jt...  Mau beli mikir 1000x,Umum,Netral
@rozanaribahsiregar1099,2025-09-22T15:12:08Z,"Pajak 8 jt 😂 , apa2 di pajakin",Umum,Netral
@GadgetIn,2025-09-22T00:59:23Z,"Timestamp:
00:00 iPhone 17 SERIES! +pajak
01:15 Unboxing iPhone 17
03:00 IJO MAHAL
06:10 Saya suka Sage
07:05 Aksesoris cakep buat iPhone 17
09:35 Akhirnya ya, 120Hz & iOS 26!!!
12:45 Gini doang HEPI
14:10 vs iPhone 16
15:10 Bezel lebih TIPIS
15:35 Kamera selfie yang bagus?
17:30 Material + sampel foto
18:40 iPhone 17 PRO!
19:40 Orangenya agak...
21:50 Desain Tom & Jerry
24:30 Casing yang bikin salah paham
26:20 Kamera versus iPhone 16 Pro",Harga,Positif
@ikhsanaz2011,2026-03-30T07:15:01Z,Alhamdulillah Nonton review ini pake IP 17 basic. Puas banget buat Daily,Umum,Positif
@aamirdhen2549,2026-03-29T10:12:45Z,"Up mahal doang kt bang David design y dari zaman purba kek gitu2 ajh 🤣 
Bagusan Samsung s26 ultra",Harga,Negatif
@arumluphytax6413,2026-03-29T08:17:56Z,"saran dong guys..Jadi mending mana, 16pm atau 17pm",Umum,Netral
@albertmantende4775,2026-03-28T07:43:52Z,bang ijin tanya oppo renno 15 pro vs iphone 16 bgus mana?,Umum,Netral
@indrakenzie7944,2026-03-26T06:40:13Z,"kenapa model ip 17 promax model nya terlalu norak ya,kyk hp mainan orange pulak kyk mainan anak² ,udah norak mahal pula najis",Harga,Negatif
@KingHendri-l2q9f,2026-03-24T02:39:16Z,"Bajaj
Pasukan kebersihan
Kang parkir
Warnanya juga orange bro😁",Desain,Positif
@didietrisyaapriani,2026-03-23T15:54:14Z,"Beli iPhone 17promax Ko sy ada stiker Made in china ya padahal beli di iBox resmi ,",Harga,Netral
@amexchannel5052,2026-03-23T11:13:14Z,Flashback nokia xpress music ..full alumunium ..,Umum,Netral
@echakhumaedi7657,2026-03-22T18:03:57Z,"semakin ragu mau beli 17promax / samsung s26 ultra 😮😮😮😮 ini baru pertama kali mau pake ip, minta saran dong guyss",Harga,Negatif
@lifeisbeautifulfr,2026-03-22T04:37:06Z,"1:31 ""bisa langsung ke time stamp aja ya, manfaatin fiturnya""

See? Betapa humble nya Abang kita yang satu ini 

Terima kasih banyak Bang David, kebetulan difase pertimbangan mau beli iPhone 17 atau hold dulu dan stay di Samsung

Terus berkarya Bang!",Harga,Negatif
@faisalsolois...7546,2026-03-18T07:58:49Z,Saya udah punya...,Umum,Netral
@MBagusHafidziii,2026-03-01T15:42:29Z,ip 17 emg gbs make sim card fisik ya?,Umum,Netral
@Mangcihuy-p6m,2026-02-27T14:02:32Z,3:15 ijo miskin 🗿,Umum,Netral
@cahayamandiriexpressadmin,2026-02-16T08:54:33Z,"Serius tanya, barang2 tersebut kalau sudah di riview di kemanakan? Di jual lagi atau di pake sendiri?",Harga,Netral
@mamaekantor,2026-02-16T07:27:53Z,Sage sagu,Umum,Netral
@mamaekantor,2026-02-16T07:25:51Z,Seri 17 pro/promax yang harganya paling mahal warna cosmic oranye atau silver koh?,Harga,Negatif
@mbahwahab8565,2026-02-13T04:53:40Z,Apa² dipajak..tapi feedback ke rakyat gak ada..,Harga,Netral
@NonMercy-k4v,2026-02-12T11:56:13Z,Layar mini gak jadi beli ah,Harga,Netral
@Magicchessthegame,2026-02-12T09:35:11Z,Kuning kayak Poco poco,Umum,Netral
@morabaek862,2026-02-10T19:17:25Z,Nontom riview menggunakan iphone 17 promax 512gb 😇,Desain,Netral
@MitaRia-jl2ks,2026-02-04T09:51:57Z,Bisa2 nya aku tonton video ini dg isi saldo rekening gak cukup buat beli 😅,Harga,Netral
@ryudentsu2,2026-02-03T01:53:18Z,Coba nubia v80 design bang 😊,Umum,Netral
@xpmixchannel,2026-02-02T23:31:04Z,"Hp puluhann juta kok berasa B aja ya
berasa pke kamera 3jtaan
Iphone jdi berasa identitas hp prrmium aja nma nya
Justru sya lebih enjoy dgn hasil kamera 3jtaan sperti infinix note 50 pro
(Dalam foto wajar sprri selfie atau video)
Mukin kalo hasil kamera iphone layaknya sperri hasil kamera DSLR /mirorless,sy rrkomend drh bwt pke iphone
Ksimpulan nya
Klo hp puluhan juta ksh hasil ssma sprri hp 3jtaan
Yah jwbnya lbwt apa iphone
Tetinksh atas pencerahan review nya
smga ug kmrrn bli iphone 17 gk nangis krna nyesel dibohongin marketing iphone hehehe",Kamera,Negatif
@daveorlando9896,2026-01-29T15:44:19Z,watching this video with my iphone 17pro blue cash 😭,Kamera,Netral
@32.yehezkielRichardoThiofilus,2026-01-28T22:31:25Z,ip 17 pro bisa dipasang sim card fisik nggak,Umum,Netral
@ajengyunisa7768,2026-01-28T09:38:03Z,Mending 16pro apa 17 basic yaa,Umum,Negatif
@kopral_tani,2026-01-27T17:32:17Z,"Kalau untuk bergaya iphone sama samsung memang menang.
Lihat Mas.Didit Prabowo,hp iphone masih type lama,padahal dia bisa beli type iphone terbaru segudang.
Pelajar kalau ga pake iphone khususnya siswi smp-sma dan anak kuliah dia sangat gengsi,ujung2nya minta emak-babeh.
Iphone simbol khas dari Generasi Z.",Harga,Negatif
@Moto-melove,2026-01-23T03:47:24Z,"nunggu secondnya, siapa tau ada yg jual 25rb 😂😂",Harga,Netral
@slsnf4120,2026-01-22T20:00:57Z,HAHAHAHA 17:30,Umum,Netral
@Widyaayu로그,2026-01-22T04:40:58Z,Jadi mending iphone 17promax atau Samsung Fold 7 guys?,Umum,Negatif
@Eaudegimik,2026-01-22T04:04:22Z,Adooooh kameranya trnyata lbh bagus 16 pro,Kamera,Positif
@masrukhanukhan2045,2026-01-18T13:47:35Z,74 balasan,Umum,Netral
@Cheesse200,2026-01-14T08:00:17Z,"Saran dong, aku baru beli ip 17 ni",Harga,Netral
@Undi-k2f2b,2026-01-07T01:47:02Z,Kk review ip 17 mini,Umum,Netral
@M.H.B_90,2026-01-06T16:38:20Z,"Gue baru beli diakhir tahun kemarin. Buta bgt soal iphone 17. Datang ke toko, bilang mau iphone 17. Tadinya mau yg putih, tp adanya yg sage, cakep jg. Setelah beli baru liat review 😂",Harga,Positif
@CeritaZehan20,2026-01-06T03:50:21Z,Malah seperti hp mainan 😂😂,Performa,Netral
@Adesari02,2026-01-06T01:28:40Z,"Aku mau beli yg sage jd mastiin dulu liat video ini, oh sage emg kalem warnanya fix sih beli sage aja 😂 apple koq bisa2nya promax dikasi wrn gonjreng bikin sakit mata😢 malah bagus2 wrn yg 17 basic daripada yg pro-promax nya 😂",Harga,Positif
@zendratonga,2026-01-06T01:13:44Z,Yang 17 promax kok ndak buat konten,Umum,Netral
@amalik2554,2026-01-04T22:56:12Z,Bentuk sama warna nya kek gameboat yg sering gua maenin pas kecil😂,Performa,Netral
@Sutana-id8qh,2026-01-04T13:50:47Z,Ip 17 pake charger 30 watt boleh ga yaa ?,Baterai,Netral
@甘いみかん-e9n,2025-12-30T07:50:22Z,Warna orange sony ericsson walkman series 🙈,Desain,Netral
@krisnaartandinteriorentert007,2025-12-30T00:11:38Z,Cuma bisa pengen doang belum mampu beli 🥲,Harga,Netral
@fahrizalsyahdan0234,2025-12-29T10:19:47Z,Bang bahas iPhone air dong,Umum,Netral
@72054589,2025-12-27T09:00:55Z,"IPhone 17 pro max aslih, gak menarik",Umum,Netral
@wiwid_green,2025-12-27T06:36:54Z,"Biasanya gak tertarik sama iPhone, tp karena suka warna ijo kok ya jadi tertarik karena warnanya... Tp mikir lg😅. Ini ato emas 😅🤦.",Desain,Positif
@raffelahmat5533,2025-12-26T15:16:45Z,Harga mehong apa sih yg di jual,Harga,Netral
@UCHIHA-NABZZ,2025-12-26T08:03:18Z,Aku yng pake Infinix aja 50 mp,Umum,Netral
@danw4279,2025-12-26T04:49:42Z,Pro resnya ga nyala bang,Umum,Netral
@BadSaves,2025-12-25T09:02:02Z,"aaaaa bingung mau 17 apa 17 pro, tapi kok 17 pro aga yellow ya kameranya? apa karena layarnya??",Layar,Netral
@Jiejiell,2025-12-25T03:06:18Z,Mening hp ijo yg itu kasih aku bang🙇🏻‍♀️🙇🏻‍♀️,Umum,Netral
@yumecintaameterasu8876,2025-12-24T13:56:27Z,kalau hp buatan cina itu cpt rusak,Umum,Netral
@victormangarek3003,2025-12-23T05:47:34Z,ip17 basic alternatif  setara dengan hp android apa ? ada saran ?,Umum,Negatif
@dhiafasyakirin8929,2025-12-23T02:01:19Z,Ijo Sage Best yaqin,Umum,Netral
@KembangTrotoar,2025-12-22T23:39:20Z,"udah dua kali pake ip dari 12 14 smpe kini udah agak bosan sebab layar nya masih ada tompel belum berubah dari jaman dulu ,sedangkan merk lain udah full screen ,bahkan ada hp baru yg kamera depan tidak kelihatan alias sembunyi dibalik layar",Layar,Netral
@dress2feelpretty,2025-12-22T17:54:42Z,Harga iphone 17 di indonesia berapa ya?,Harga,Netral
@ninooroffice5394,2025-12-21T05:14:09Z,Wishlist bgt.. bentar lgi ultah.. please ad yg kasih ini Hp😊,Umum,Netral
@muharif2258,2025-12-16T09:12:15Z,Tutor live ganda di facebook pakai 17 basic,Umum,Netral
@lindhayanthi2023,2025-12-15T16:08:59Z,Kan dia review hp yah trus klo udah di review apakah akan di jual atau gimna(bertanya dg soft spoken),Harga,Positif
@mlhedon,2025-12-15T10:59:37Z,speaker pindah ke kiri🥹🥹,Umum,Netral
@messijuli778,2025-12-15T02:08:16Z,Pajak Rp: suka2,Harga,Positif
@wire157,2025-12-14T12:38:56Z,Sebagai penggemar zoom di iphone pro saya kok gak yakin hasil 17 pro😢😢,Umum,Netral
@uta_utari,2025-12-12T07:31:50Z,"Bagusan warna biru njer,menarik sih semoga bisa kebeli deh.",Harga,Positif
@annasetia4,2025-12-11T15:15:54Z,Ko kameranya bagusan 16 pro,Kamera,Positif
@NurKhalid-d3t,2025-12-09T12:36:12Z,Saya mau bang,Umum,Netral
@NurKhalid-d3t,2025-12-09T12:36:12Z,Saya mau bang,Umum,Netral
@mekshaaqlate673,2025-12-09T12:22:53Z,Keren.. tapi jelek amat warna nya. terang menerang 😂,Desain,Positif
@sriindah5046,2025-12-08T22:00:17Z,Fitur biasa jd luar bisa ketika ip yg punya wkwkwkwkwk,Umum,Netral
@elismansitumorang9454,2025-12-08T19:19:39Z,"Aku udah lama nunggu iPhone terbaik, tapi nunggunya yang subsidi aja KLO ada nanti
😂😂😂😂😂",Umum,Netral
@adamsyahril2190,2025-12-08T11:27:22Z,"Saran dong, mending iPhone 17 reguler, apa iPhone 16 pro nambah 300-400rb??",Umum,Negatif
@FitriYani-jb5vb,2025-12-07T19:33:21Z,Makin sini kok makin pelit sih si iPhone,Umum,Netral
@madelouies24-k7m,2025-12-07T12:22:27Z,Kapan di riview bang iPhone nya ?,Umum,Netral
@aldinurhafidz7141,2025-12-06T10:09:07Z,Nunggu iPhone 20 Aja Nanggung,Umum,Netral
@diycrafting66,2025-12-06T03:35:00Z,"menurut gw cuma Chanel ini yang agak berani review tiap brand memperlihatkan ketidak sukaan nya, bukan hanya muji2 saja... 😂",Umum,Positif
@elinnun,2025-12-06T02:27:26Z,warna dynamight deku,Desain,Netral
@williamzhang915,2025-12-03T01:40:57Z,review nya kayanya belom keluar ya ?,Umum,Netral
@fadilla308,2025-12-03T00:21:31Z,Pajak ngga ngotak,Harga,Netral
@nataliafransisca9247,2025-12-02T15:00:43Z,"Kak mau tanya, kalau kepala charger utk ip17 promax bagus anker atau u green?",Baterai,Positif
@AgusAja-j7o,2025-12-02T06:19:39Z,Apa faedahnya 😅 beli hp mahal mahal wk lancar buat ngegame aje Uda Seneng banget gw,Harga,Positif
@luckyarjuna7900,2025-12-01T17:08:10Z,"Kerja Gaji Gak Seberapa.. 
Sementara Biaya Hidup Itu Sangat Mahal..
Pemasukan Sedikit. 
Sementara Pengeluaran Banyak.
Dan Apa Apa Serba Mahal.. 
Sungguh Gak SeBanding.. 
JanganKan KePikiran Buat Beli Iphone.. 
Buat Kebutuhan Sehari Hari Aja Susah..",Harga,Positif
@MrAri-gi1kj,2025-12-01T06:24:20Z,Unboxing air pad17pro bag,Umum,Netral
@JC-sc8rw,2025-12-01T06:06:34Z,Poco be like : krn saya murah aja ya,Harga,Positif
@AldoKidsTV,2025-11-30T17:19:03Z,Pajaknya doang segitu😂 kaya bgt,Harga,Netral
@dimassantui,2025-11-30T10:02:30Z,17 pro vs 17 pro hdc david,Umum,Netral
@KacofySkinBeauty,2025-11-30T03:40:28Z,Charger ip 17 pakai apa bang yg worth it,Baterai,Netral
@Cundamani-t4c,2025-11-29T23:14:00Z,"Di Singapore iphone pro max 1.900$  256 gb lbh dikit, aku takut bawa balik indo ntar kena pajak mahal.... 😢 kalo mau 2tb 3100$  
Yang pro  256 gb 1750$",Harga,Negatif
@Penerbang_roket,2025-11-29T15:06:13Z,"klo yg iphone 17pro itu, warna orange terinvirasi  dari warna pabrikan motor KTM tim orange 👍 mantap sih warna nya GG abis, lain dari yg lain dan hanya iphone 17pro yg make warna orange, nice...",Desain,Positif
@zvrstfx,2025-11-29T11:12:56Z,25:00 vibesnya kek perampok wlwkw,Umum,Netral
@meow-kucheng,2025-11-29T09:33:12Z,Iklan doang 😂,Umum,Netral
@SebastianTisten-eu3he,2025-11-26T13:04:21Z,Justru bagus warna 17 pro,Desain,Positif
@Tataian-y1q,2025-11-26T05:04:04Z,Kapan oi reviewnya,Umum,Netral
@Tataian-y1q,2025-11-26T05:03:53Z,Kapan oi reviewnya,Umum,Netral
@barikmuhammad1714,2025-11-25T13:56:35Z,Warna Jackmania banget ya,Desain,Netral
@mmhusein7161,2025-11-24T11:35:35Z,kapan video review nya,Kamera,Netral
@YasminMumtasya,2025-11-24T07:43:18Z,"menurut ku sih yang iphone 17 bagus kamera nya jernih,Zoom nya bagus dan pas kk coba vidio dia gk ada edit filtur sedikit pun. jernih kameranya nya",Layar,Positif
@Emotbatu98,2025-11-23T15:31:41Z,Paling senang liat hijau sa*ge😍,Umum,Netral
@janelindsay7327,2025-11-22T17:52:27Z,"Ya ya ya, bukan cuma saya yg ngelihat warnanya rada gengges. Pertama kali pilih varian iphone, langsung kepincut ip 17 base. Dari segi design simple, elegan dan menurut saya lumayan handy dan pilihan warnanya masih kalem dan ok. Gak gonjreng!",Desain,Netral
@firmanjuma,2025-11-21T07:06:56Z,Biru atau hijau ?,Umum,Netral
@fahrizalradiansyah6164,2025-11-21T00:15:03Z,mana reviewnya 😂,Umum,Netral
@salsabilasocia,2025-11-20T08:47:20Z,Bang kapan review ip17 base modelnya. Lagi pertimbangin ip17 256gb vs ip15 256gb,Performa,Netral
@SupplierKomodity,2025-11-19T23:43:09Z,cara beli second hp gadget in gmn,Harga,Netral
@clarissa_1234,2025-11-18T00:19:11Z,nungguin review lengkap ko david ttg iphone 17 ini kok gak nongol2 yah?? apa cuma ini aja? 🥺,Umum,Netral
@yustikatalenta4915,2025-11-17T08:41:46Z,Mending 17 basic atau 16 pro?,Umum,Negatif
@OnlineNugi-h4i,2025-11-17T03:54:55Z,"Soal foto kalau yg ak amati ya. Misal ad perpindahal dari 2 ke 3 gt contohnya. Nnti di agak ngeblur dikit tp klu udah smpe di 3 dia jernih lg tp klu masih di 2,8/2,9 gt dia kya cba ad peralihannya contoh ny kya muter lensa gt lah paham g sih gt lah pokoknya😅😅",Layar,Positif
@atalyadeleon8636,2025-11-16T12:18:53Z,"bang bahas topik security hp bang, dan buat antisipasi hp dimaling, per brand hehe",Umum,Positif
@bayantini8935,2025-11-15T15:41:44Z,aku tidak suaka....aku tetap 13...pro,Umum,Netral
@raysharania5217,2025-11-15T12:47:32Z,Kak David unboxing laptop advance dong,Umum,Positif
@silabanjavabry3785,2025-11-15T12:46:29Z,"Coba bang
Ip 16 promax vc ip 17 promax",Umum,Netral
@aburosyidah,2025-11-15T06:59:07Z,selamat anda membuat saya iri,Umum,Netral
@NanaSusanto-g4m,2025-11-15T04:39:05Z,Sm huawei bgz mn bang??? Nnt di bandingin bang,Umum,Netral
@ShalehHajrah,2025-11-15T02:43:05Z,Ka bagusan recommend MN 16 pro te 17 basic ka,Umum,Positif
@RISKI_SUKA_RENDANG,2025-11-14T17:43:11Z,Pajak setara dengan hp bagus 🗿,Harga,Positif
@jayaqihaje313,2025-11-14T17:12:19Z,Bg bikin rekomendssi hp 1 jta zampe flagship,Performa,Netral
@jayaqihaje313,2025-11-14T17:12:13Z,Bg bikin rekomendssi hp 1 jta zampe flagship,Performa,Netral
@jayaqihaje313,2025-11-14T17:12:09Z,Bg bikin rekomendssi hp 1 jta zampe flagship,Performa,Netral
@jayaqihaje313,2025-11-14T17:12:05Z,Bg bikin rekomendssi hp 1 jta zampe flagship,Performa,Netral
@footballGame16,2025-11-14T13:54:40Z,"Masih setia dengan Oppo a33 2020😂 bukan nya gak mau upgrade tapi pengen aja marah-marah tiap hari karena hp ini ,maen game dls aja berat apalagi etusbol😂😂😂",Performa,Netral
@Dudung757,2025-11-14T04:57:54Z,17 pro dari belakang kayak HP mainan 😂😂😂,Performa,Netral
@reviewapaajadeh3079,2025-11-13T16:47:34Z,Langsung BATAL BELI GW abis liat david review iphone 17 pro .. hasil fotonya burik trnyata,Harga,Negatif
@mogami-san4012,2025-11-13T15:10:20Z,29:47 ini aku diang atau foto di iPhone 17 pro agak kekuningan,Kamera,Netral
@yasinnnn-x1x,2025-11-13T09:46:51Z,"Review hp 10%
Nyebut hijau sage 90%",Umum,Netral
@tarumajaya32,2025-11-12T15:59:16Z,"Gw yg udh nyobain 16 up ke 17 pro asli kameranya lebih ok yg 16, lebih detail sepertinyg di review, 17 pro udh kaya kena filter lebih halus, dan warna layar lebih kuning dibanding 16",Layar,Netral
@cindyhargitas6240,2025-11-12T13:49:04Z,Ko david selain iphone 17 yang worthid dibeli tahun ini yang mana?,Harga,Netral
@OFFICIAL_DODOL-h7v,2025-11-12T09:55:41Z,Mudah mudahan bisa beli🙏,Harga,Netral
@BayuSahputra-n8v,2025-11-11T10:08:45Z,"Gilak pajak ipon 2...unit..8jt lebih,,,x ribuan unit,,njirr kaya pejabat(babu rakyat)",Harga,Positif
@andreasiniesta1338,2025-11-10T03:57:01Z,"jangan bilang hijau miskin bang, TYM",Umum,Netral
@KadekRestu-p2v,2025-11-10T03:05:38Z,Poco x17 pro max🗿,Umum,Netral
@Gobedlia1933,2025-11-10T00:22:44Z,Bang David cek nubia redmagic 11 pro+,Umum,Netral
@marwahsaridewi2692,2025-11-09T04:42:42Z,Bang review infinix xpad 20 pro donggg🙏🙏🙏🙏,Umum,Netral
@DOLAN_93,2025-11-09T03:24:24Z,31:45 jarang² youtuber ngomong gitu david doang yg berani,Umum,Netral
@tandytanz,2025-11-08T22:19:41Z,apakah udah setting Camera preServe nya dinyalain semua? defaultnya 17 itu kan 24 mp jd harus d set ke 48 MP kalo misal default setting ya sama aja kek 16 la. soalnya default settingnya itu untuk optimalisasi storage biar ga terlalu boros size filenya,Baterai,Negatif
@HeruSadBoyHeruYBArab1,2025-11-08T07:38:48Z,Kls kapan bisa beli aku,Harga,Netral
@SuhartoReksoJudha,2025-11-08T05:23:07Z,"motor trail KTM.. 
.. orange ... 

matching.. ❤",Umum,Netral
@bossman3020,2025-11-07T01:29:33Z,masih belum ada review khusus nya ni,Umum,Netral
@AzwLa,2025-11-06T23:55:01Z,Hanya iohone 15 dan 16 yg desainya mewah elegean. 😂 Kayaknya aku malu deh megang iPhone 17 soalnya kaya bukan hape poco poco hape nya Xiaomi entry oevel😂,Desain,Netral
@AlmightyWren,2025-11-06T22:26:33Z,Aaaaaa baru beli 16 pro dan masih gamon sama 17 basic karena sempet galau milih antara mereka 😭 please yakinin tapi buat ngonser masih worth it 16 pro kan... 😭😭😭,Harga,Netral
@ibnuathoillahas-sakandary3052,2025-11-06T14:46:14Z,25:03 kayak POCO 😂,Umum,Netral
@ibnuathoillahas-sakandary3052,2025-11-06T14:45:08Z,"DAVID pengen bilang warna oranye iPhone JELEK, tapi ga enak aja bilangnya 😅😅😅",Desain,Negatif
@ibnuathoillahas-sakandary3052,2025-11-06T14:42:07Z,Kayak hp China gak sii 😅,Umum,Netral
@WicardaSand,2025-11-06T11:52:24Z,"Wah, review-nya jujur banget. Dompetku langsung bergetar pengen beli 🥲 ᴋᴜʀɪʀꜱʟᴏᴛ",Harga,Netral
@JEVRYNEO,2025-11-06T10:57:24Z,nonton video ini pake android 😢😢,Kamera,Negatif
@its.moonie213,2025-11-06T09:05:07Z,"jadi mending ip 16 apa 17 ya, masih bingung",Umum,Negatif
@tyee613,2025-11-05T13:24:02Z,bagi satuu😭😭🙏🏻,Umum,Netral
@Abihtemborotomaychannel,2025-11-05T13:01:52Z,BANG RIVEW KAN DONG KAMERAH VIDIO HP REALMI 15 PRO GAME OF THRONE KAN WAKTU ABANG REVEW KEMARIN KAMERAH VIDIONYA BLM ABANG SEVILKAN,Kamera,Netral
@anggarasutisna7031,2025-11-04T23:47:04Z,"Dari dulu pake iphone 6😁diejek temen ini itu, pas juli 2025 langsung ganti smsung s24 ultra",Umum,Netral
@PangJia-lg6xp,2025-11-04T16:12:06Z,G jadi beli ah,Harga,Netral
@xham6231,2025-11-04T06:03:40Z,"dari 5,7plus,XR,14pro (last lah udah paling mantap) cape banget ngikutin iphone jing 🥲",Umum,Positif
@roifnurwahid2080,2025-11-04T05:42:03Z,lagi liat riview iphone 17 promax nontonnya pake iphone 17 promax😊😊😊😊,Performa,Netral
@ConfusedBeachHammock-kg3vc,2025-11-04T03:08:12Z,Sampai Googling arti Sage. Ternyata tanaman obat herbal. Nice.,Umum,Netral
@inamfadlillah7904,2025-11-03T01:44:06Z,"Model nya jadi norak, bagus model lama",Desain,Positif
@rezhainakaro,2025-11-02T22:25:54Z,Jadi ingin merasakan teknologinya 😊😊,Umum,Netral
@rahmatfatihalkiromi9293,2025-11-02T14:49:45Z,Hp cina😂,Umum,Netral
@SariYogaSwastiani,2025-11-02T03:42:54Z,menunggu review ipadnya jugaaaa😁,Umum,Netral
@AzwLa,2025-11-02T01:36:22Z,Knpa iphone17 pro kaya hape poco yg murah😂😂😂😂😂 desain belakang nya,Harga,Positif
@ziefebian9380,2025-11-01T07:47:55Z,Relate bgt jirr warna ijo tembok org miskin😂😂😂😂😂,Desain,Netral
@AlfaRiansyah-h3i,2025-11-01T01:42:28Z,Di luncur langsung beli 1:03 😊,Harga,Netral
@DyiauddinTorjun,2025-11-01T01:03:16Z,Warna gak suka sekali,Desain,Positif
@qemherlambang502,2025-10-31T22:27:18Z,"Kasiann ,, orang miskin akan senyum liat ini... 😂😂😂",Umum,Netral
@oficialwanda_ku988,2025-10-31T17:14:13Z,Bang seneng banget jadi kamu rejekinya lancar sehat selalu.beda dg saya harus berusaha sekuat mungkin jadi TKW padahal seorang istri.😭😆doain ya bang rejekinya sama kaya Abang sehat sll,Umum,Positif
@chiikal30,2025-10-31T08:43:11Z,Bang itu hp Poco 17 pro ya,Umum,Netral
@andikoko6550,2025-10-31T07:12:08Z,Ijo EN u,Umum,Netral
@fauziahmade2795,2025-10-30T21:08:06Z,Pasar dipaksa nerima desain iphone yg skrang gk sih😂semoga nasib nya gk jadi ky brand suzuki yg kualitas bagus tpi desain aneh,Desain,Positif
@Katatiana,2025-10-30T16:07:31Z,Q juga lagi mikir soal warna. Mulai I phone 6 plus 8 plus 11 .13 pro .skrg 15 pro pengen up 17 pro tapi kalau sama warna . Putih dah biasa mau oren kok ya jlk 😂betul kata David dia hy unik,Performa,Netral
@FadliRizq12,2025-10-30T14:57:15Z,"🤓""120hz iphone = 1000hz android""",Layar,Negatif
@sandialdrian2784,2025-10-30T13:22:22Z,Di bandingin sama bungkus kacang😢😂,Umum,Netral
@antonraharjo84,2025-10-30T08:41:33Z,info bang.kalau seperti adaptor 40w dynamic power adapter with 60w gak ada di ibox dan deler lainya. untuk beli di web nya apple gimana caranya ya.sdh tak coba mentok di alamat.mungkin ada cara lain.dan softcase nya juga pada kosong kadang.pliss,Harga,Netral
@MNiam-bb1nl,2025-10-29T19:13:45Z,Guys doain gua punya uang 100m sebelum umur 30 tahun ❤❤,Umum,Netral
@HusnudLinda,2025-10-29T14:35:18Z,bang ga mau kirim iphone2 bekas reviewan nya apaaaahhh 😅,Umum,Netral
@DogmaPuppet,2025-10-29T12:36:28Z,"25:01 Segel Orochimaru di leher Sasuke.
Obat nyamuk Tiga Roda.",Umum,Netral
@GhifariNaufall,2025-10-29T10:04:57Z,❤iphone 17 pro max 2tb black,Umum,Netral
@mayurimayura,2025-10-29T08:58:07Z,Eh tp sama gak sih kayak kasusnya 13 pro/promax sama 14 pro/promax. Soal camera bagusan seri 13 drpd 14.,Umum,Positif
@ZENTHOR7,2025-10-29T04:35:00Z,kpn reviewnya bang,Umum,Netral
@mariaagista2937,2025-10-29T03:20:15Z,Liat vid ini sambil pake ip 17pro 😅,Umum,Netral
@NovaYudhaA,2025-10-29T02:03:46Z,jadi tau bisa fitur anti tema aplikasi jadi transparan wkwkwkwkwkw,Umum,Netral
@YusRizal-k9d,2025-10-28T20:39:10Z,"Pajak 9 juta, itu pajak loh. Mending kasih ke orang yang kurang mampu",Harga,Negatif
@neurozuno,2025-10-28T16:49:39Z,wokwowk iya lagi dipakein case tertutup malah jadi POCO 🤣,Performa,Netral
@desykumala.n3869,2025-10-28T11:36:35Z,Di jual gk sii habis di review,Harga,Netral
@suparmanyogyakarta,2025-10-28T10:37:35Z,Yogyakarta Indonesia hadir,Umum,Netral
@rendyachmadsyukur,2025-10-28T05:55:45Z,Mantap bang David,Umum,Positif
@Cinta-pr6io,2025-10-28T01:07:15Z,Iphone selalu ketinggalan jaman soal tekhnologi setelah Android😂,Umum,Negatif
@dediirawan1599,2025-10-27T19:12:39Z,Hp Orang Bergaya Hidup Mewah Ini..,Umum,Netral
@aditrafalgar3253,2025-10-27T14:54:39Z,Udah sampai iphone 17 aja bentuknya masih ngebosenin 😅cuman beda warna doang,Desain,Negatif
@CP9FFF,2025-10-26T15:31:36Z,13:30 iphone 15 PM juga bisa,Umum,Netral
@DoniArbani,2025-10-26T14:36:41Z,salpok sama merek nya momok,Umum,Netral
@Ramonaiverson222,2025-10-26T13:28:36Z,Hmm ternyata ip 14+ ku tidak begitu buruk wkkwwkwkwk,Umum,Netral
@MasyhudButon,2025-10-26T13:19:33Z,ekspresinya kayak nyesal gitu beli i Phone 17 Pro,Harga,Netral
@fitriripayanti8355,2025-10-26T12:50:08Z,Aku juga,Umum,Netral
@-RifkyChannel-,2025-10-26T11:12:19Z,ijo miskin😂,Umum,Netral
@adhigunanugraha-b9i9j,2025-10-26T10:29:08Z,blm ada review full nya bang,Umum,Netral
@greenlandfamily-m5g,2025-10-26T07:12:15Z,"20:38 aku tau nyindir siapa Timothy 👉🏻🫩🤕
David ✋🏻😊👉🏻🤣🫢",Umum,Netral
@kampungdurianruntuh2600,2025-10-26T05:06:01Z,Kalau cari pengakuan iPhone 17 pro/max warna oranye memang terbaik,Desain,Netral
@saldijanuar21,2025-10-26T03:19:59Z,koplok ijo miskin😅😅😅,Umum,Netral
@fionaelkhansa6510,2025-10-26T03:08:39Z,ip 16 pro / 17 base ya,Umum,Netral
@ttrisamuel,2025-10-26T02:10:04Z,Jadi flash back duluuuu 2007 punya sony Ericsson walkman warna orens 🫶🏼🥹,Desain,Netral
@fitrihandayani2307,2025-10-26T01:49:23Z,"Mau nanyaaa buat yang pernah pake iPhone dan Samsung seri flagship, mendingan mana sih?😭",Performa,Negatif
@maya_anggraini8656,2025-10-25T16:42:26Z,Belum tayang bang riviewny?,Umum,Netral
@Sidney7919,2025-10-25T15:53:45Z,Bukannya yang ijo Sage perasaan itu iphone 16,Umum,Netral
@budieratmawan3329,2025-10-25T12:55:55Z,"Dua varian:
17 Polos (thai green tea)
17 Pro Max (thai tea)",Umum,Netral
@jokobodo4696,2025-10-25T07:41:14Z,bacanya koq sa ge??? baca seij lah,Umum,Netral
@riskanurlaelani2147,2025-10-25T04:55:51Z,Banyak duit si abanggg,Umum,Netral
@longlife1126,2025-10-24T17:51:03Z,"Di lihat dari belakang, Kok jadi inget nokia n8 Symbian",Umum,Netral
@elanadiatnr331,2025-10-24T17:36:19Z,3:05 hijau missqueen g tuh 😂😂,Umum,Netral
@FarisLukman-zl7iz,2025-10-24T15:49:39Z,"Di tempat gua.. Yang pake iphon kebanyakan pegawai yang gajinya di bawah umr .. Klw pengusaha dan pembisnis yang udh punya mobil dan rumah mereka pake hp samsung dan ovvo,.. Gua iseng tanya kenapa gak beli iphone kan udh mampu.. Jawabanya tujuan mereka cari duit di dunia nyata bukan pamer hp yg setiap tahun, berlomba lomba ganti ke iphone terbaru.. 😂",Harga,Negatif
@FarisLukman-zl7iz,2025-10-24T15:43:25Z,"Iphone udh ke 17 aja ni. 
Perasaan gak ada perubahan besar dari tahun ke tahun.. Tpi harga bekasnya anjlok",Harga,Netral
@rezwaazrililhamsiregar1253,2025-10-24T10:54:53Z,"PILIH YANG SERIES GENAP, Series Ganjil emang selalu cobaan, Iphone 12, 14, 16, Jangan ke 17 nanti kalau pengen upgrade ke Iphone 18",Umum,Netral
@wahyurifai-f6f9k,2025-10-24T06:09:49Z,"nonton dulu aja, gatau belinya kapan",Harga,Netral
@ferryrisettoz5698,2025-10-24T04:03:18Z,"cuma mas david yg transfaran dalam menyampaikan fakta.
tengok in aja dulu vt nya , krn aku masih nganggur dan cm pake Realme 6 .
mau beli , belum ada duit soalnya",Harga,Netral
@MagdalenaSihombing-t3x,2025-10-24T03:01:58Z,Samsung S25 ultra : terbahak bahak😅,Umum,Negatif
@emmaae457,2025-10-24T02:39:14Z,Herannya tetep laris,Umum,Netral
@inkdesign7,2025-10-23T13:19:06Z,"Kesan sy sih, biasa aja 😅",Umum,Netral
@MisbahBoysaputra,2025-10-23T12:31:13Z,S̤a̤l̤a̤m̤ k̤e̤n̤a̤l̤ b̤a̤n̤g̤.̤.̤d̤a̤v̤i̤d̤ g̤a̤n̤t̤e̤n̤g̤,Umum,Netral
@MellaMorgen,2025-10-23T12:08:11Z,AI nya kenapa ga smooth ya .. heran hiks muka menyong2 semua :(,Umum,Netral
@RajfiSkuy6,2025-10-23T11:49:38Z,Review yg resminya jg bang david,Umum,Netral
@asepbayupratama8913,2025-10-23T09:30:17Z,Kayaknya harus bertiga atau lebih orangnya koh david biar auto rotate,Umum,Netral
@sarilestari3213,2025-10-23T00:32:10Z,jd kesimpulannya bagusan 17 atau 16 pro nih ka???,Umum,Positif
@Raaraaay,2025-10-22T20:41:05Z,UPDATE pemakaian IP 17 nya dong bang selama beberapa minggu gimanaaa,Umum,Netral
@belladwiamalia925,2025-10-22T14:44:46Z,Jadi kesimpulannya mending 16 pro apa 17 pro ya bang,Umum,Negatif
@Bellatrix-cho,2025-10-22T12:28:30Z,"Riview Apple Iphone Air dong,  desainnya bagus, pengen tau spesifikasi nya.",Desain,Positif
@irmamariam2541,2025-10-22T11:58:27Z,"Iphone klu gak cepat inovasi...bisa senasib seperti Nokia...,itu hanya bom waktu",Umum,Positif
@d_rger2058,2025-10-22T04:19:15Z,"Aslinya iphone itu bisa banget lo bikin kamera yang langsung bagus bgt, tpi sama mereka di komersilkan dengan tipe tipenya, saya analogikan kamera pada iphone 11 harusnya bisa aj langsung bagus seperti iphone 17 tpi mereka simpan kemajuan tsb dan di terapkan pada iphone 17 spy bisa dimonopoli",Kamera,Positif
@indynaqilah2156,2025-10-22T03:51:08Z,"Tolong sarannya🙏🏻 iphone sy 13 pro. Bagus ganti ke iphone 17pro atau google pixel 10 pro. Pemakaian biasa gak main game, tapi lebih focus ke photo krn suka traveling",Performa,Positif
@fathonahannisa8292,2025-10-22T02:39:33Z,Pertanyaannya mending stay di 16plus 128 atau upgrade ke 17basic 256 nih?,Umum,Negatif
@cowboyy20,2025-10-22T01:22:28Z,reviewnya kapan bang?,Umum,Netral
@UdangPresto-v9h,2025-10-22T00:48:25Z,"Sebagai user iphone, model seri 17 pro/promax kurang banget. Model 17 basic sama Air masih bisa diterima lah desainnya.",Desain,Netral
@rizkanaufalianzahra1171,2025-10-21T23:23:23Z,Kalo iphone itu lbh bagus series ganjil apa genap guys?,Umum,Positif
@FajriGacor-y5z3m,2025-10-21T22:18:24Z,16 pro❤❤❤❤❤❤❤,Umum,Netral
@arhun310,2025-10-21T16:47:27Z,Mnurt sy bentuk 17 pro dari blkang terkesan kurg wow..malah nampak  jadul..nampak dri muka bang david kecewa dgn prodak baru ini😂,Desain,Positif
@maulanaikya8062,2025-10-21T14:10:20Z,I phone 17 pro edisi bitcoin,Umum,Netral
@lastuanabisyaiin,2025-10-21T11:17:55Z,Xiaomi 17 pro max kpn bg?,Umum,Netral
@faturrohman9314,2025-10-21T10:44:38Z,"udh sebulan bang, kapan upload repiwnya?",Umum,Netral
@Andi-veint,2025-10-21T00:19:42Z,nonton review iphone 17 pro pakai hp vivo tapi yg muncul iklannya samsung galaxy 😢,Umum,Negatif
@Chibimaru2604,2025-10-20T22:56:39Z,"iOS 26 update an sampah, ganggu koneksi mau update karna masalah koneksi jadi puyeng 7 keliling",Umum,Netral
@nikodemusb,2025-10-20T14:19:03Z,"Bang david, saran dong travel adaptpr yang bagus dan aman untuk iPhone 17? Dan berapa watt. Trimksh.",Umum,Positif
@imulyadi2443,2025-10-20T14:08:24Z,Bang.. Sudah 1 bulan video ini? Ga buat review nya kah?,Kamera,Netral
@sapimae3486,2025-10-20T13:40:45Z,"Hijau miskin? b oung seprei pung wrn ijo kek tu handpone harga Rp.105.000,- mahal ko murah? seprei miskin ko kaya? 😂 br dengar ini istilah dr ini konten e... ""hijau miskin"" br gbr tembok org pu rumah le... 😭💔",Harga,Positif
@tauruscell,2025-10-20T13:22:10Z,"Bukannya gak mampu beli ip 17, soalnya tanggung baru minggu kemaren saya beli infinix hot 60i 😢",Harga,Netral
@DarkSoul076,2025-10-20T10:49:20Z,Jumlah yang kamu bayar kalau tukar duit Malaysia jumlah harga setiap iPhone campur pajak dekat RM9000..Mahal Oo 😂,Harga,Negatif
@ALi_MuFiD_M2Chip,2025-10-20T08:50:52Z,6:03 21jt an 2.0 USB nya 😌😌🤭,Umum,Netral
@ALi_MuFiD_M2Chip,2025-10-20T05:44:04Z,Sebulan 3jt view 😌 90% kaum bawah juga pasti. Yang kebelet beli iPhone yang BELUM kesampaian. iPhone 17 series tuh worth to buy sih di akhir tahun 2030,Harga,Netral
@16sxfi44,2025-10-19T19:20:39Z,Jadi kalo soal kamera masi bagusan 16pro max kah guys?,Kamera,Positif
@muhammadihsan7143,2025-10-19T14:29:00Z,BENER DONG,Umum,Netral
@gadiprmdy1754,2025-10-19T13:55:36Z,Mnurut gw kok iphone 17 basic lebih elegan daripada iphone 17 pro/max ya,Umum,Netral
@Tamstamaaa,2025-10-19T13:10:40Z,Pajaknya 9jt? Wadidaw negeri konoha sanga sejahtera ya 😂,Harga,Netral
@aansetiawan9959,2025-10-19T08:48:27Z,"Nonton aja dulu, belinya bisa kapan kapan",Harga,Netral
@Mikaneko_17,2025-10-19T07:47:41Z,"Pajak ,pajak dan pajak 😮",Harga,Netral
@sofiyanti1406,2025-10-19T06:31:43Z,Bang. Kapan Xiaomi 17 prp max,Umum,Netral
@raygasanjaya01,2025-10-19T05:20:35Z,Bungkus snack saya juga warna oren😂 24:49,Desain,Netral
@Isnowek,2025-10-19T01:52:26Z,Dari awal Baru skrg ku geli liat model iPhone terbaru ini,Desain,Netral
@KaryawanBermotor,2025-10-18T15:30:58Z,gila ya kang pajak… gimana gak cepet kaya bea cukai,Harga,Positif
@satriasatwikaanantha,2025-10-18T15:08:54Z,25:03 wkwkwk bangke 😂,Umum,Netral
@tato5102,2025-10-18T13:45:00Z,Wah ternyata masih lebih ok 16 ya… zoomnya memang menang ip 17 tapi 16 got the detail dan cantik…,Umum,Netral
@aw.family777,2025-10-18T13:32:38Z,belakangnya gak ada premiumnya - keliatan plastik dan murahan di bagian buble cameranya..sangat di sayangkan sih.,Harga,Positif
@reytheheroraw,2025-10-18T11:20:18Z,"Setelah lihat konten ini, kemudian buka web2 vendor seller resmi, komparasi sana sini, kalo ada budget, sekalian beli pro, atau gk basic. Jangan yang Air wkwkwkwkwkwk sumpah jangan.",Harga,Netral
@Rian_PW,2025-10-18T11:18:49Z,fix kamera lebih bagus 16 ketimbang 17,Kamera,Positif
@SUPINGAN,2025-10-18T11:08:11Z,Harganya berapa ingin tahu saya,Harga,Netral
@bangkhalicah3949,2025-10-18T10:17:48Z,Lebih Adam sih kamera 17..,Kamera,Netral
@bangkhalicah3949,2025-10-18T10:10:23Z,Warnanya gak bgitu bgus trllu mencolok.. bgus warna putih silver atu blue..,Desain,Netral
@komangdeni170,2025-10-18T09:04:34Z,Banyak yg bilang warna orange itu nglupas dia warna nya jadi ilang katanya,Desain,Netral
@cahngapakk,2025-10-18T04:47:06Z,Seperti nya ini poco versi pro😂😂,Umum,Netral
@azkaputrinuraina8067,2025-10-18T04:25:29Z,"Banggg, bagi 1 bangg pliss😢",Umum,Netral
@rienaamelia3926,2025-10-18T02:48:40Z,Setelah melihat desain 17 pro aku makin mantabkan hati utk tetap memakai 16 proku 😅😅,Desain,Netral
@zulfarjan653,2025-10-18T02:47:38Z,jdi nyesell beli yg 16 basee,Harga,Negatif
@rifawahyu10,2025-10-18T00:12:09Z,Mending 17 basic apa 16 pro ya ? Soalnya selisih dikit. Tolong jawab yaaa galau nii 😭😭😭😭,Umum,Negatif
@dyosnj-bh8vz,2025-10-17T23:16:48Z,Rencana mau upgrade dari 7 plus ke 17 basic,Umum,Netral
@metodiusjuanw7696,2025-10-17T15:43:44Z,itu jamnya juga warna ijo,Desain,Netral
@WinantoDani,2025-10-17T14:36:48Z,Sudah ip68/69?,Umum,Netral
@rasyid125,2025-10-17T14:24:25Z,Makin kesini makin parah ya,Umum,Netral
@HABIBTANTOWI-nr4oq,2025-10-17T13:36:57Z,Bagusam model ipone 15 sampai 16,Desain,Positif
@anjingtanah1885,2025-10-17T12:19:25Z,Ada yg sama ga si? Makin kesini makin ga fomo beli iphone terbaru?,Harga,Netral
@ErniMukdori,2025-10-17T11:01:28Z,"Warna orange 🍊🍊 di sini di panjang sepanjang jalan.
Krn warna tong sampah 😅😅 
Mau bli yg 17 tpi pengen max pro tpi juga bingung g suka gede bngt yg 17 pro max",Desain,Positif
@alfinosaurus,2025-10-17T10:54:40Z,ijo sage keinget gw dari pixel 5 kalo ga salah,Umum,Netral
@dianayu1846,2025-10-17T03:03:14Z,Kao mau upgrade dari iphone 16pro ke 17pro worth it gak yah?,Umum,Netral
@rahmatkamal7685,2025-10-17T00:11:03Z,bang saran saya buat hasil foto sunset/matahari pas mau terbenam juga dihasil foto❤😅,Kamera,Netral
@bejoowterjalbejoowterjal185,2025-10-17T00:07:43Z,"Di singapore hari ini , 17 pro 256=$1750 512=$2050 1tb =$2350",Umum,Netral
@4grarichh,2025-10-16T17:02:37Z,Kamera mantepan 16 pro maxx😂😂,Kamera,Netral
@adekruswandi4889,2025-10-16T14:17:44Z,udah sih bang tinggal bilang warnanya norak...ahahahaha jgn nanggung2,Desain,Netral
@tamharputra9044,2025-10-16T12:42:27Z,"apa skip?? nonton David Gadget In skip ga bgt buat gue yg ada kadang gue track back 😭🤣 
klu di suruh pilih gue pulih yg biasa soalnya pro max mah android bgt desain nya ngapain 🤣🤣🤣",Desain,Negatif
@HomeEarth2025,2025-10-16T12:40:11Z,Terlalu bertele2... Cape nonton nya 😂,Umum,Netral
@Radenngelalu,2025-10-16T09:58:43Z,Unboxing xiaomi 17 pro dan promax abangku🙏🙏🙏,Umum,Netral
@girbaaan,2025-10-16T05:00:57Z,"Salfok sama Dyson nya bang, kaya Collab sama Marvel soalnya warna nya Thanos banget",Desain,Netral
@denmaseka,2025-10-15T14:41:45Z,😂trus kpn obain xiaomi 17 pro max bang lbh keren,Umum,Positif
@vloggerterhitz4797,2025-10-15T06:11:57Z,"pengen si punya iphone buat ambil dokumentasi kerja di wisata alam, tapi apalah daya gaji umr hehe bantu doa ya sahabat",Umum,Netral
@PutriMpi,2025-10-15T06:01:24Z,Fold 7 lah juwaraaa 😍🥳🤍,Umum,Netral
@adityaprabowo72,2025-10-15T02:28:07Z,lebih suka yg based model,Desain,Positif
@DeniIsma-m4z,2025-10-14T15:55:45Z,studio ponsel store,Umum,Netral
@Rizalhartono5658,2025-10-14T14:08:04Z,Gw yg nabung pengen punya IP 11 aja nggak kesampaian aja😢,Umum,Netral
@siskaaleminaginting1538,2025-10-14T11:23:23Z,Suara cempreng review ga jelas,Umum,Netral
@ScorpionSwiftie,2025-10-14T05:30:52Z,"Mirip albumnya Taylor swift koh, The life of a Showgirl 🧡",Umum,Netral
@YaalaAbrisam,2025-10-13T22:07:03Z,29:00 mungkin ini karena zoom nya cropan dari wide cameranya bang,Umum,Netral
@dodddfrrr,2025-10-13T19:00:38Z,"jujur ga suka model 17 pro,, aneh banget,, wkwkwk
mending 16 pro or 17 aja sihhh",Desain,Negatif
@dyasCh.,2025-10-13T12:36:15Z,"Bang David, coba bandingin iPhone 17 sama iPhone 16 pro bang...",Umum,Netral
@altariervan,2025-10-13T10:31:49Z,Thanks infonya bang. Apple udh berubah sejak jobs mangkat. Saatnya beralih ke S Ultra gk sih 🙂,Umum,Netral
@Novia1989-x6v,2025-10-13T01:50:03Z,Aq jatuh pada 17 pro max biru tua  tp mendingan dr pada warna oranye tp masih kurang puas sm warna nya pengen ungu,Desain,Negatif
@Walkingwithly,2025-10-13T01:41:55Z,Harusnya satu lg beli iphone Air bang mau liat ih,Harga,Netral
@cieprutndaslanky,2025-10-12T20:09:55Z,Alhamdulillah sudah kebeli.,Harga,Netral
@aidilputra4972,2025-10-12T18:31:49Z,"Terserah mau di katain kaum mendang mending, tp jujur design IP 17 DAN 17 AIR bnr² kocak menurut ku,. Dan aku paling suka design IP camera boba dan layar poni nya , sekalipun menutupi layar tp aku paling suka ketimbang android yg bulet atau punchole",Layar,Negatif
@ryuga07gaming,2025-10-12T16:04:39Z,Setelah iphone 17 brand sebelah bakal ngeluarin S26,Umum,Netral
@muhammadalaidinsyah,2025-10-12T15:39:46Z,"Ada yg mau beli 15 base model gua gak? Blue 128gb BH 94%. Baru dipake 6 bulan, plus garansi  qoala 2 tahun sepaket sama pembeliannya waktu itu. Masih full box, ambil stiker2 nya sekalian kan susah noh skrg udah gaada stiker lagi. Di 9,8jt net. Kalo kata ci mehong mah yg mau2 aja.",Harga,Netral
@Pauzi125,2025-10-12T15:08:56Z,Saya pengguna 16 pro max desainnya masih bagus tapi kalau 17 letak kameranya makin ngawur😂😂,Kamera,Positif
@antonioant0n67,2025-10-12T12:30:17Z,kalau menurut saya 16 pro lebih unggul dari kameranya dibanding 17 pro..,Kamera,Netral
@neta-f4w,2025-10-12T07:06:38Z,Wah iphone 17 pro max buat adik saya itu hehe,Umum,Netral
@stroberryy,2025-10-12T05:18:23Z,Bagusan yg dari china apa amerika bang,Umum,Positif
@MutiaraUti-j4r,2025-10-12T04:52:35Z,25:04 ke poco,Umum,Netral
@MahendraSuteja,2025-10-11T17:37:19Z,Vid kira2 hp lo apa ya ?,Umum,Netral
@M.AlfinoPandu-l9j,2025-10-11T14:20:04Z,Bang unboxing hp Infinix smart 10 bang,Umum,Netral
@alimalco,2025-10-11T12:46:06Z,Malah jadi jelek design camerax  mirip Poco sich,Umum,Negatif
@fitri_lee,2025-10-11T12:44:54Z,silahkan diperdebatkan wkwkwk,Umum,Netral
@alimalco,2025-10-11T12:36:19Z,17 pro /max model camera beda dari sblm2x.,Desain,Netral
@crispandosaragih,2025-10-11T10:48:19Z,"klo negara Indonesia ini di bagi beberapa negara GK usah bnyak ,cukup 3 negara aja pasti rakyat sejahtera",Umum,Netral
@Biru_official13,2025-10-11T09:22:16Z,"Tabmelnya harus mendefinisikan riview dong bro kalau menurut gue 👍😎 

Jangan tubmel Clickbait aja 😭",Umum,Netral
@xiao-m1b,2025-10-11T04:21:13Z,Hp yang di agung agung kan netizen Konoha,Umum,Netral
@HadiGear29Fox,2025-10-11T00:10:34Z,bentukan hape nya udah kayak android. JELEK,Desain,Negatif
@Kusnadianak-rantau,2025-10-10T14:23:58Z,Tetep 16 sih,Umum,Netral
@WatiDarma-d6f,2025-10-10T13:59:31Z,Lama2 iphone design nya kyk hp china,Umum,Netral
@aksa66,2025-10-10T11:55:36Z,"jadi mending 16 pro atau 17 base model guys? bingung bjir, harganya gak jauh beda juga",Harga,Negatif
@alonalavidi,2025-10-10T08:12:01Z,"Bang, bandingin 17 basic sama 16 pro dong. Aku bingung ini, mending yang mana. Makasih.",Umum,Negatif
@AAKAMEWAANSKIMASJAI,2025-10-10T03:42:55Z,Masih nyaman sama seri sebelumnya karena lebih kalem simple elegan dan fitur gak kalah telak 😂😂😂😂,Umum,Netral
@bergiatlban7594,2025-10-10T02:19:26Z,"BG,sekali sekali bikin dong intronya biar estetik aj,massa intronya AI GUYS DAVID DISINI,bosan banget dengernya",Umum,Netral
@adechanel0267,2025-10-09T16:09:44Z,ka coba review xiomi 17 pro dan pro max,Umum,Netral
@IndraRamadan-nf1fu,2025-10-09T16:06:09Z,bazelnya bahas bang dari keduanya,Umum,Netral
@Detrisnaa,2025-10-09T16:02:17Z,Suatu saat pasti tenggelam,Umum,Netral
@nicoboy1743,2025-10-09T15:06:54Z,Kamera lebih oke 16 ternyata,Kamera,Positif
@BahamutNo.1,2025-10-09T09:47:57Z,Xiaomi 17promax bang tolong di review 😅,Umum,Netral
@warofnet5469,2025-10-09T06:47:40Z,bang dapit tinggal dimana kok dikit dikit di palak (eh di pajak),Harga,Netral
@maee1,2025-10-08T23:06:35Z,"saya suka suka aja, terlihat lebih keren 17promax dibanding ip 16",Umum,Positif
@mariaf2087,2025-10-08T20:50:32Z,"Designya aneh yg pro ga estetik ga kelihatan luxury sama sekali
Beli hp poco aja lah 😂
Samsung dan android lain msh menang klo design",Harga,Negatif
@desirosdianasari,2025-10-08T18:26:24Z,Makin sini makin yakin kalo hp dengan kamera kecil2 itu udh paling nyaman. Menurutku. Aku ttp setia dng oppo reno 2f. Sesuai kebutuhan sih. Sosmedan aja udh cukup nih hp sm foto2in bocil,Kamera,Netral
@rusticmac,2025-10-08T16:46:22Z,Review tesla pi phone bang,Umum,Netral
@STLE889,2025-10-08T15:06:37Z,"Thank you gadgetin... Makin yakin beli yg 16 aja, harga udah turun, kamera gw anggep lebih bagus (selera)",Harga,Positif
@pasetyoplafonbajaringan7395,2025-10-08T14:44:33Z,Belum mampu...kalo dipaksain bisa sih..tapi mentingin buat investasi dulu😂karena profesiku kuli bangunan,Umum,Netral
@YutaWatanabe-p9r,2025-10-08T13:05:00Z,"Buat Fanboy denial yang dulu ngekeuh Iphone base gk butuh 120 Hz, tolong jangan beli Iphone base seri 17 ke atas ya kalian. Nikmati aja 60 Hz kalian itu, kan kalian bilang katanya gk butuh itu 😂. Iphone 17 series ke atas cuma buat Fanboy waras dan user lainnya. Awas kemakan ludah sendiri. 😂😂😂",Harga,Netral
@justiceIens,2025-10-08T05:05:52Z,Beli ip15 basic skrng worth it ga ya ?,Harga,Netral
@KristianjaauDwiatma,2025-10-08T02:40:09Z,Mas kapan ngonten hp oneplus 15 sand dunes.,Umum,Netral
@ruparupachannel8929,2025-10-07T18:35:07Z,"Tim nonton ajah😅

Saya bertahan di ip 15 base model,,cos perdana ni ip pertama saya dalam hidup ni,,
Semoga awet❤",Baterai,Positif
@ajicips3233,2025-10-07T18:28:49Z,Ke inget Nokia N8 gw dlu warna oren 😢...,Desain,Netral
@AbanChenel,2025-10-07T11:54:15Z,Masih pengguna 7 plus hadir,Umum,Netral
@alhafzhhh,2025-10-07T11:31:14Z,buat series ipon paling worthit setelah ip 17 keluar bang,Umum,Netral
@jokosulistyanto5574,2025-10-07T09:56:23Z,"Somai 17 promag mana nih 
Katanya aipon killer",Umum,Netral
@irmanuraini9686,2025-10-07T06:06:02Z,"gapernah skip iklan , nungguin rekomendasi hp akhir tahun atau buat lebaran nanti😊",Umum,Netral
@Story_Nalika,2025-10-07T04:21:41Z,Menunggu review Tesla Pi phone,Umum,Netral
@GachaOfficialll,2025-10-07T02:23:37Z,"bang, emang bener Tesla mau adain smart phone?",Umum,Netral
@Marko_william,2025-10-07T01:39:21Z,Yang paling ku suka dari update iphone 17 reguler itu yang dari 60hz ke 120hz,Layar,Positif
@Marko_william,2025-10-07T01:37:34Z,Bang menurut mu iphone cocoknya di bandingkan sama hp apa? samsung S ultra kah?,Umum,Negatif
@customcasindo6620,2025-10-06T23:31:36Z,Sementara itu Android udah melesat ke 144Hz 🤣,Layar,Negatif
@MRHHH12,2025-10-06T20:37:11Z,"jujur bimbang banget mau beli ip 17 biasa atau 17 pm, soalnya mau sekali sekali upgrade ke ip, bosen banget pake samsung",Harga,Negatif
@dwiriyadhi,2025-10-06T18:13:13Z,review xiaomi 17 pro bang,Umum,Netral
@wahyudian1146,2025-10-06T17:14:28Z,yg 17 pro desainya kyak hp 2 jutaan mlah bagusan desain 16 pro,Desain,Positif
@Riady03,2025-10-06T16:43:53Z,munkin biar mirip toko oren tau kan apa .??,Umum,Netral
@terenarazor3241,2025-10-06T12:18:21Z,"JANGAN BELI PRODUK DI STUDIO PONSEL, SOALNYA KALO BARANG MASALAH MEREKA LEPAS TANGAN. Kronologinya saya beli Ipad pro di tanggal 28 september , di tanggal 5 oktober hari minggu hp kena death pixel, saya komplain lah ke pihak penjual kalau ipad saya kena death pixel, apakah bisa di garansi atau engga soalnya mrk menyediakan garansi toko 7 hari, nah pas hp saya rusak di hari ke 7 harusnya bisa dong claim garansi toko tpi saya ngajukan claimnya pas di hari minggu pas pelayannya tutup. singkat cerita baru dibales lah di hari senin tanggal 6 oktober, pihak toko menolak claim garansi toko karena udh lewat 8 hari dari tangga 28 pas barang sampai, udh begitu cara bicaranya muter muter g ada solusi sama sekali yang ujung ujungnya disuruh claim garansi apple ya sama aja bohong ngapain saya harus chat panjang lebar kalo ujung ujungnya g bisa, di chat juga cuman read centang biru",Harga,Netral
@omimoel235,2025-10-06T11:35:56Z,"Kesimpulan sederhana saya :
1. Sebab teknologi Apple tidak serevolusioner dulu adalah karena tidak ada steve jobs (meninggal).
2. Sebab desain Apple tidak serevolusioner dulu adalah karena tidak ada Jonathan Paul Ive (resign dan sekarang jadi konsultan open AI).
3. Sebab material Apple sekarang ringkih adalah karena Tim Cook memakai material yang murah tapi disulap kualitasnya sama dengan yang mahal. Sulap tapi menghabiskan biaya besar untuk R&D. Pendapatan besar tapi laba bersih kecil.
4. Kandidat ceo masa depan Apple adalah John Ternus dia ahli hardware. Mungkin saat jadi ceo, kualitas hardware Apple bagus tapi mungkin harganya akan lebih mahal karena tidak memiliki kemampuan efisiensi sebagus Tim Cook.
5. Sebab soc apple hemat daya adalah karena struktur soc nya lebih banyak e-core (efisien) daripada p-core (performance).",Harga,Positif
@antaniahanjani8350,2025-10-06T09:37:05Z,itu made in apa bang,Umum,Netral
@adittianyakgaya1601,2025-10-06T04:28:37Z,16 pro sih ❤,Umum,Netral
@citfinixcitfinix,2025-10-06T01:42:47Z,nonton ini pakai inf hot 60 pro plus sambil ngemil 😊,Umum,Netral
@DediSugiarto-r6r,2025-10-06T00:20:07Z,Bang review Xiaomi 17 pro dong,Umum,Netral
@masna2ng,2025-10-05T16:29:31Z,diketawain poco versi 17 pro seriesnya hehe,Umum,Netral
@rendy.0857,2025-10-05T10:13:43Z,xiaomi 17 pro max,Umum,Netral
@achmadakbari601,2025-10-05T09:41:25Z,"masih pake iphone 13 dan masih bisa ngikutin ios 26 dengan theme yg crystal clear itu, jadi berasa hp baru hahahaha",Umum,Netral
@jiminshii26,2025-10-05T09:35:07Z,"Nabung 6 bulan buat beli iphone, tp masih bingung mau beli ip yg mana",Harga,Netral
@Andhiniac,2025-10-05T06:31:52Z,review MI 17 pro max sekalian baanng,Umum,Netral
@wibi9424,2025-10-05T01:15:34Z,"gk ada review poco 17 kah? cuma pengen tau pendapat David, beserta perbandingan ke hp lain",Umum,Netral
@abi-z8t9e,2025-10-04T22:29:10Z,"bagusan warna light blue, green, apa lavender yaa?",Desain,Positif
@ardiannew1513,2025-10-04T16:09:49Z,Bangg bahas kamera iphone 14 pro bang,Kamera,Netral
@Virals2Virals,2025-10-04T15:23:13Z,Saya nonton vid ini masih pake IP 5,Umum,Netral
@syahrullah8668,2025-10-04T13:17:28Z,Tim nonton tak mampu beli ayo kumpul dimari😂,Harga,Netral
@daditrisianto9260,2025-10-04T10:42:55Z,Pajaknya ngeselin 😂😂,Harga,Netral
@rivansovian2227,2025-10-04T08:02:31Z,Salam semua sehat selamat sukses sejahtera selalu.❤🙏🇲🇨,Umum,Netral
@ryaniseverywhere,2025-10-04T05:03:36Z,"ini ga ada upgrade lain selain desain, kamera sama processor??",Kamera,Netral
@van2050,2025-10-04T04:40:28Z,"5 atau 6 tahun lagi,  aku akan beli hp ini bang😂",Harga,Netral
@567AyAy,2025-10-04T02:18:20Z,Yang kamera ada 2 orang otomatis jauh di Redmi Note 14 juga bisa 😁,Kamera,Netral
@RonaldSugianto1996,2025-10-04T01:23:15Z,Xiaomi 17 pro max dong,Umum,Netral
@hotthread4403,2025-10-03T17:46:27Z,"Teknologi hp udah mentok, yg di upgrade sekarang ya itu2 aja,.jadi beli iPhone sekarang emang udah cuma  beli BUAH di hp",Harga,Netral
@Berasmerah555,2025-10-03T15:56:51Z,Positive thinking mungkin beliau beli lewat seller jastip yang harga retailnya lebih mahal +  biaya bea cukainya yang ditotal hampir 30 juta.,Harga,Negatif
@mreshadiptahalim315,2025-10-03T15:29:38Z,"Menurut saya kamera lebih natural yg 16pro denk,..
Selera sih jatohnya...",Kamera,Netral
@rungkad-e1b,2025-10-03T12:45:26Z,iPhone Sage jadi sage aku liatnya,Umum,Netral
@oktavianusrooselvelt5366,2025-10-03T08:09:22Z,17 pro mirip2 designnya google pixel yg dl design belakangnya dual tone gt bng,Umum,Netral
@BraveKnight999,2025-10-03T07:54:31Z,Alhamdulillah HP mid range sudah bisa 120hz,Layar,Netral
@___ubaidd,2025-10-03T07:36:51Z,"Gatau knp, review yg ini Aku ngakak 😅🤭",Umum,Netral
@CookiesGaming1,2025-10-03T07:06:18Z,"Sejelek Apapun IP dimata fanboy tetap aja dibela, padahal klo dikritik terus pada ga beli bisa aja membuat apple memberikan yg jauh lebih baik😂",Harga,Negatif
@enakseger9272,2025-10-03T06:56:36Z,Tim beli doank kaga nonton ☝️😅,Harga,Netral
@iamyours9,2025-10-03T06:55:18Z,"19:43 Dari ketiga warna Ip 17 Pro, aku malah lebih suka sama warna Orange ini. Kayak jarang banget Hp punya warna seberani ini. 😂  langsung WOW pas ngeliat kali pertama di iklan.",Desain,Positif
@andraardy4104,2025-10-03T06:46:07Z,Bang adu camera sama Huawei kek nya seru banget tuh,Umum,Netral
@Aicontents-k7n,2025-10-03T05:08:34Z,Grafiknya di 👑 𝐁𝐄𝐌𝟒𝐃 👑 keren abis! Gameplaynya juga seru!,Performa,Positif
@ShadowTactics_Gaming,2025-10-03T05:08:19Z,keren dan suka gimana ️👑 𝐁𝐄𝐌𝟒𝐃 👑selalu update,Umum,Positif
@ahmmedsiyam956,2025-10-03T05:05:48Z,"Konten berkualitas tinggi, standar 💎 𝐁𝐄𝐌𝟒𝐃 💎emang top!",Umum,Positif
@ColaxGamer-x6m,2025-10-03T05:00:28Z,keren dan suka gimana ️👑 𝐁𝐄𝐌𝟒𝐃 👑selalu update,Umum,Positif
@doykurnia3117,2026-03-28T06:03:31Z,"Sony 1 v atau Iphone 17 pro max Bang?
untuk kamera foto & video",Kamera,Netral
@BaliAja-l2e,2026-03-26T10:43:21Z,Ada yg sama ga ip 17 promax speaker atas rada kresek kresek klo full volume apalagi klo scrol tiktok?,Performa,Netral
@winsenpola1162,2026-03-08T08:04:48Z,"Bingung mau beli s26 ultra apa ip17pm , secra harganya skrg mirip2

Ex user s22 ultra",Harga,Netral
@norhadi674,2026-03-07T13:50:38Z,"Izin minta saran bang. 
Sekarang pakai 15PM , mau upgrade bingung . Ke 17PM atau nunggu 18pro?",Umum,Netral
@adriansetiawann654,2026-03-06T18:38:33Z,"Gua punya keduanya iPhone 17 pro max dan iPhone 16 pro max. Dan gua jual lagi tuh iPhone 17 pro max 😂😂 
Moga aja iPhone 18 pro max ada gebrakan",Harga,Netral
@donalddolokdd,2026-02-20T04:11:28Z,"Iphone 17 PM : Overprice for social status
Redmagic 11 Pro : Overkill for social gamers",Performa,Netral
@udi3816,2026-02-15T02:41:31Z,Recording sekarang pakai kamera apa bang?,Kamera,Netral
@jeri_zzz,2026-01-18T03:22:53Z,06:54 ohhhhh,Umum,Netral
@kylegrey1993,2026-01-13T00:57:47Z,baru kali ini lihat YouTuber yg rada rese gitu... kayak berasa yg punya brand gitu,Umum,Netral
@lukmanpurnomoakbar760,2026-01-11T07:39:41Z,"Kalau mau keliatan wauw naik gengsi wajib iphone,
Kalu mau teknologi mending samsung z fold",Umum,Negatif
@VisoPlus,2026-01-06T08:43:00Z,Kalau iphone kamera video masih Terbaik naturalny,Kamera,Netral
@Coeszx,2026-01-05T08:07:37Z,"Sumpah warnanya jelek banget jirr, gonjreng norak gitu",Desain,Negatif
@asaasian6306,2026-01-04T06:02:49Z,Bertahan gw di 16 pm 😎,Umum,Netral
@JediKnight207,2026-01-04T04:49:23Z,Secara desain kurang menarik,Desain,Netral
@aidenkun3094,2025-12-29T14:08:31Z,gua nahan ngakak karena cara penyampaian lu gampar realita bgt bang gua suka 🤣🤣🤣🔥🔥🔥,Umum,Positif
@Bayu_JalanJalan,2025-12-25T12:16:58Z,"Saya pengguna iphone 17 pro max menurut saya iphone memang lama inovasi teknologinya bahkan dlu iphone terkenal user xperiencenya skrg makin susah fitur""nya dan banyak bug,,",Umum,Netral
@yogapurnamika,2025-12-24T13:55:32Z,"apa kabar aku msh stay di 14pm udh 3th msh joss ngonser, jalan2 dan game hehe",Performa,Positif
@musafirhakiki8968,2025-12-24T12:19:38Z,Gua pakek 17 PM sekarang. Yang sakit nya tuh ketika ada kerikil kecil masuk kedalam case gua. Eh malah bikin penyok body nya. Ini iphone atau abal abal sih,Umum,Netral
@Super_Espresso2019,2025-12-14T06:27:03Z,"Udah mau 2026,masih magrib aja bang...",Umum,Netral
@indahwahyuningrum9330,2025-12-11T22:03:26Z,"Aq juga baru upgrade ke 17 pm dr sebelumnya pake 14 pm,tapi ya kaya B aja, krna fiture yg gt gt aj,,, ga krasa perbedaannya😌",Umum,Netral
@derizmeteora,2025-12-11T15:23:10Z,dari 15 pro ke 17 pro berasa ga ya ? keluhan di 15 pro cuma suhu aja sih sering deman selebihnya masih aman,Umum,Netral
@ferdieomb1576,2025-12-07T23:58:13Z,"Durability sih mungkin yang dirasain user apple, apalagi buat org yg sembarangan",Performa,Netral
@dolansantaiaja1111,2025-12-07T15:43:35Z,"Gara2 iPhones ini, POCO X6 KU jd bahan perhatian... 😅😅😅",Desain,Netral
@RubenHansyah-f4k,2025-12-07T12:33:58Z,"Bukannya kemaren kena kasus terus kalah ya.
Gara2 jiplak paten apa gitu.
Dah minim inovasi masih ngandelin kejayaan masa lalu.
Tanda2 kayak blacbery dulu udah mulai kecium.",Umum,Netral
@muhammadiqbalvlog6931,2025-12-06T17:17:38Z,nonton sambil pake ip 17 pm 512,Umum,Netral
@dianaberlianti1223,2025-12-06T03:20:36Z,"Setuju, membosankan.
Udah pake sejak dari 2013 sampe sekarang gonta ganti iphone tapi ya ga begitu kerasa bedanya.
Pengen pindah ke android tapi udah kejebak di ekosistem apple, nyebelin.
Kl ganti hp android agak sulit karena macbook, ipad, dan apple watch jadi kurang maksimal",Harga,Negatif
@Ekim-bh1oc,2025-12-06T00:11:00Z,"katanya spec ada di deskripsi, pas baca deskripsi, ""katanya iphone ga main specs""🤣🤣🤣",Performa,Netral
@arifromadhoni6628,2025-12-04T22:21:21Z,Marketing tetaplah marketing 😂,Umum,Netral
@temmy6849,2025-12-04T11:48:30Z,"Kalo adu kualitas jelas iphone kalah jauh. Iphone laris krn dijual mahal, jadi tampak prestise. Coba iphone dijual 5 jt an pasti gak laku parah. Coba lagi iphone dijual nya 50 jt pasti lebih disembah bak dewa",Harga,Negatif
@anthonyc5907,2025-12-04T03:55:07Z,"Kita butuh reviewer yg kyk gini, bukan kyk sebelah yg uda nyembah2 ip 17 kek agama baru..",Umum,Netral
@RuckF-t9b,2025-12-04T00:40:44Z,"Belom lg aplikasi Photosnya, ampunndahhhh, makin kesini makin AHHHHH",Umum,Netral
@rinckeshawn-uz2mq,2025-12-03T14:51:11Z,iphone tetap juara dibandingkan android kalau komparasi produk 3-7 tahun setelah launching.. jadi 2030 kamu compare 17 promax vs x300 pro vs pura 80 vs x90,Umum,Negatif
@herrybirtus,2025-12-03T00:56:45Z,"Up dri 15pm ke 17pm berasa beda cuma di batre dan adem saat di pake,sama layar keliatan lebih enk di pandang",Layar,Netral
@TanMasro,2025-12-03T00:36:58Z,Ini mah iklan ma,Umum,Netral
@Dwiyanta-q9s,2025-12-02T22:49:31Z,"image nya "" wah orang tajir nihh""",Umum,Netral
@luqar1f,2025-12-02T20:49:58Z,"Yg pakai flagship android dan iphn, bakal bilang tuh hp biasa saja 😂😂😂😂😂😂
Bagusnya cuma kalau dipakai jametin teman2 kelas mendang mending dintongkrongan 😂😂😂😂😂😂",Performa,Negatif
@fachreza8665,2025-12-02T12:53:14Z,hp kawanku,Umum,Netral
@ocenocan2199,2025-12-01T13:29:52Z,"Sambil Nonton dengan huawei pura 80pro, 😊😊, 😂",Umum,Netral
@wesleymesah3357,2025-12-01T09:23:52Z,Ini  review paling jujur,Umum,Netral
@NadineCitra-fo8um,2025-12-01T06:47:51Z,"Warnanya norak, terlalu mencolok..😅",Desain,Netral
@tim7890-ti2tv,2025-12-01T02:45:09Z,Promag g tuh? Ampe keselek gw 😂,Umum,Netral
@anizetya,2025-11-28T22:17:12Z,"saya terlanjur beli 17 Promax , tadinya mempertimbangkan baterai yang sangat awet bahkan 4 jam lebih panjang ketimbang yg 17 Pro.. ( sebelumnya pakai 13 Promax) dan saya ternyata menyesal karena terlalu besar dan berat.. tahu gitu ambil yang 17 Pro saja ..lbh nyaman digenggam dan lebih ringan di tangan
Ini sekedar berbagi pengalaman",Harga,Positif
@chandrapurwoko6555,2025-11-28T03:19:59Z,"Kemarin baru beli I-Phone 17 pro max warna orange lagi, bener pas gw lagi makan meja depan gw ngeliat gw kayak sinis gitu.. Cewek cewek berhijab gitu ada 4 orang dan bisik bisik sambil ngeliatin gw😅😅",Harga,Netral
@Abc-mg7cy,2025-11-27T12:16:59Z,Camera apa pun kalau g bisa snap wajahmu jadi putih ya bagiku mebosankan🤣🤣🤣🤣,Umum,Netral
@Zack-oo4fn,2025-11-26T13:34:59Z,"emng yg pke iP tuh di ksh tau ngeyel, denial bgt, mna ngaku² fiturnya bnyk lgi",Umum,Netral
@Bluelovebird69,2025-11-26T08:31:02Z,"Bosenn, gw brenti di  ip14 pro. Ga sebanding harga. Udh bela2in beli yah gt2 aja",Harga,Netral
@PelengkapOtomotif,2025-11-25T15:09:33Z,"Iphone pertama 15, mungkin saya akan upgrade ke Iphone 18 atau diatasnya",Umum,Netral
@styfad6185,2025-11-25T08:18:13Z,"Jadi masih bingung baru pertama kali mau make flagship antara Oppo find x9 pro , Vivo x300 pro, Huawei pura 80 ultra dan iPhone 17 pro max, nunggu video battlenya dulu, kebutuhan kamera video (stabilizer, autofokus, kamera malam) dan performa",Kamera,Netral
@그리고1,2025-11-25T08:04:44Z,"""Kalo kt cm user iphone, kt akan terbiasa di kasih standard rendah oleh iphone""
Betul itu bang..
Karena sy user iPhone n android seri high end jg, sy udh tinggalin iPhone dr seri 11 😂.
Jenuh sm perubahan iphone yg gt2 sj...",Desain,Negatif
@MyStories_aka,2025-11-25T00:18:56Z,"Kalau jujur jujuran ya, sebenernya : iphone 16 PM aja udah bisa dipakai sampai 5 tahun kedepan kan.",Umum,Netral
@DediSumardi-c4p,2025-11-24T14:46:01Z,"Dih pede banget pake ipon, pernah pake iphone pake airpods pro 2, suaranya jelek, bagusan samsung buds 3 pro pake samsung s25 ultra",Umum,Negatif
@Nyenyenye663,2025-11-22T17:28:26Z,1:36 wkwkwk bener banget desainnya kayak hp 2 jutaan,Desain,Netral
@noblegrey4537,2025-11-21T21:57:23Z,"Yang lain berinovasi dalam feature, apple terus improve (increase) harga",Harga,Netral
@mdrichjal,2025-11-21T21:02:14Z,"Tahun ini aku skip ke 17 pm, ttp stay di 16pm, tp find x 9 pro lumayan menggiurkn 😁",Umum,Netral
@Chainsawman_pro,2025-11-21T15:37:05Z,"Samsung s25 ultra nyimak, update gw pribadi dari user ip 11 biasa😊",Umum,Negatif
@anggiatsagala9542,2025-11-21T13:34:19Z,"Saya suka hp hp flagship meskipun sering beli yg bekas seperti Sony xperia 1 mark V, Google pixel 8, dan baru tahun ini saya mau pakai iPhone beli yg 17 pro max ini, setelah pakai iPhone baru saya tau kenapa banyak orang2 sangat mengidolakan iPhone ternyata jauh lebih enak pakai iPhone dibanding android, kualitasnya emang gak ada bohongnya, gengsinya juga dapat. Pernah dengar kalau yg pakai iPhone bakal susah beralih ke android, mungkin itu ada benarnya karena iPhone emang enak dipakai.",Harga,Negatif
@ridzkyalamsyah1157,2025-11-20T05:38:08Z,"Buat Gua yang dari iPhone 11 Pro, upgrade ke iPhone 17 Promax kerasa banget Upgrade nya.",Umum,Netral
@channelanaksholeh,2025-11-19T11:28:30Z,"Yup betul, saya pengguna z fold 7 dan 17 pm. Lbh mahal 17pm tp hnya menang di gengsi, batrai awet dan video proresnya, selebihnya z fold 7.",Harga,Positif
@pradipta1368,2025-11-19T11:00:44Z,"Emang iPhone biasa aja, kayak hp kebanyakan, yang Kusuka cuma ukurannya di seri basic meski harus rela dengan batre kecilnya juga",Baterai,Positif
@adhityaprayuda,2025-11-19T07:40:02Z,"Gw masih pakai 13 pro max di 2025. Makanya gw ga mau beli ip17, belum ada perubahan yang significant",Harga,Netral
@seankrisnanda3062,2025-11-18T01:05:46Z,"Saran saya buat yang sudah kecemplung di ekosistem Apple. Beli yg versi termurah saja, lalu upgrade setiap 4-5 tahun.",Harga,Positif
@Milo-r9n9t,2025-11-17T17:56:42Z,"Sumpah jelek banget design iphone kali ini dalam sejarah iphone. Apalagi yg warna orange nya, kelihatan norak banget",Performa,Negatif
@YikAs66,2025-11-17T13:51:06Z,Mungkin klo apel nya udah utuh bisa banyak yg akan dikasih (ga pelit lagi),Performa,Netral
@pandabelepotan,2025-11-17T08:59:52Z,"Makannya upgrade jangan tahunan, gw dari 12 pro max ke 17 pro. Biar upgrade kerasa 😁",Umum,Netral
@suhenrihenri6675,2025-11-17T07:20:52Z,Punya 14 pro bingung mau up 16 pro max atau 17 pro max,Umum,Netral
@Dani1_2201,2025-11-16T16:01:49Z,Gimana K2G body nya beneran ringkih kah (mudah terbaret) ?,Umum,Netral
@royyanteknik4562,2025-11-16T01:32:08Z,"Udah nggak sempet inovasi, lagi berusaha ngimbangi fitur yang ada di smartphone Android, terlalu cepat perkembangan android ges, iPhone jadi keliatan monoton 😂
Kalo nggak bisa ngimbangi android ya lama2 jadi hambar liat iPhone terbaru wkwk.",Performa,Negatif
@nengSarahiphone,2025-11-15T17:45:44Z,aku masih bertahan di 15 pro max. ada niat mau beli 17 pro tapi kenapa banyak banget kabar pahitnya..,Harga,Netral
@hotspot62,2025-11-15T17:03:57Z,"Bang sorry mau tanya, lu turunan vrindavan bukan sih ? 🙏🏻",Umum,Netral
@sinisamaomm,2025-11-15T16:58:56Z,05:35 wow emejing👏😑,Umum,Netral
@babywalkercube-tv2740,2025-11-15T09:38:07Z,"Jujur sebagai pengguna iphone dan samsung, menurut saya iphone menang merek dan gengsi aja, selebihnya biasa aja",Umum,Negatif
@Zie_Hikomori,2025-11-15T05:25:46Z,Sebagai gen millineal yang hidup di era nokia vs sony Ericson ketawa melihat persaingan samsung vs apple. Gitu gitu doang!! Bentuk hp gitu doang. Dulu siapa sangka. Nokia keluarin hp yg kmera bisa muter. Hp ada tombol game khusus. 😂 Dan sony ericson keluarin hp khusus music buat nelawan produk apple ipods.,Performa,Negatif
@Prsidntx,2025-11-14T05:55:41Z,"Ke tu ji,,kentuji",Umum,Netral
@JimmyHendrick-p9n,2025-11-13T22:30:22Z,"gw sih engga recommend upgrade Iphone per tahun. Tapi overall,  smartphone sih udah gak gitu banyak perkembangannya. barusan liat oppo x9 juga biasa aja",Umum,Netral
@halo6849,2025-11-12T14:11:45Z,HUAWEI RAJA DXOMARK ❤❤❤❤,Umum,Netral
@dhimaswirawan,2025-11-12T04:38:57Z,"aku dari 2016 pakai ip, tahun 2024 rencana mau ambil ip16pro tp terkendala lama launching, kepaksa beli android dulu karena ip yang lama udah ga bisa ketolong baterainya. Belilah oppo fx8. Sumpah berasa keluar dari GOA. Sejak saat itu ga pernah ngulik iphone lagi 🤣",Harga,Negatif
@avangardboom1687,2025-11-12T03:01:15Z,Ngecasnya masih kalah sama hp 4 jutaan 😂,Baterai,Netral
@trevor3375,2025-11-11T05:01:48Z,"Gue udah pake kurang lebih 3 minggu, kesan mewahnya kureng banget, cuma menang di plateau yang baru, jadi bikin iphone sebelumnya keliatan jadul. Dari segi performance batrenya joss banget, kamera sempet blinking, tapi teratasi dgn update software.",Kamera,Positif
@MF.Rizkhon,2025-11-10T10:20:22Z,"kenapa ambil iphone 16 pro/max: Bahan Titanium, Warna Premium, garis tepi paling tipis, Bisa video 4k 120fps dg edit slowmo, audio mix feature & masih bisa beli baru diskon 4jtan dari harga awal.. say no Alumunium 25,7jt",Harga,Netral
@muadriloni7529,2025-11-10T04:50:08Z,"gw user ip & produk apple dari jaman 4s dan juga kerja di bidang iT gitu, kerja pakai mac os & kebanyakan kawan atau sodara kalo mau beli gadget baru pasti nanya ke gw mana yg bagus maka gw tanya2 dulu dia sebenarnya maunya apa dari gadget itu dan kebanyakan gengsinya ke apple tapi cocoknya ke android brand tertentu😅
kalo ada yg bilang ""udh terjebak di ekosistem apple"" agak aneh aja di tahun ini😂😂
skrg udh amat sangat cukup di ip 16 pro, kalo anda pengen lebih dari sekedar ios liat dulu funtouch dan colorOs",Harga,Negatif
@fahriaffandi-sr4gs,2025-11-10T02:51:40Z,"Gw suka review k2g, memang murni makai hp dan puna hp lain juga..",Umum,Positif
@2bersaudarastory972,2025-11-09T23:42:32Z,Desainnya feel  membosankan,Desain,Netral
@hasanbasri-ep9ok,2025-11-09T23:40:49Z,"Kedepan ga ada inovasi bakalan hancur, karena kalo mau ubah kamera udah ga mungkin lagi",Kamera,Netral
@indoaussie9144,2025-11-09T21:21:05Z,"Saya pribadi kalau mau beli ya beli saja bukan  karena ini itu banyak sekali pertimbangannya malah ndak jadi beli nanti 😅
iPhone ya iPhone walaupun sejelek apapun banyak orang yang ingin punya..Iya kan? 😁",Harga,Negatif
@mdianpermana8754,2025-11-09T13:34:41Z,"Bisa dibilang Iphone harus berbenah dari segi desain atau inovasi, secara kualitas ya bagus cuman kalau design kaya "" oh gitu"" sama aja.. jujur gue lebih terpesona sama desain google pixel atau xiaomi 17 ultra. Tapi ttp aja iphone masih jadi wishlist cuman ya masih keinginan aja belum kebutuhan",Desain,Positif
@ridwanmuhammady,2025-11-09T13:12:06Z,jarang banget ada fanboy yang mau mengakui kukurangan iphone dan merasa iphone gitu' aja dan membosankan,Umum,Netral
@devbagin,2025-11-09T09:07:55Z,"Akhirnyaa, ga jd upgrade deh 😂",Umum,Netral
@MasAlwii,2025-11-09T08:32:29Z,bajingan bener banget omongan lu bang,Umum,Netral
@oktabeny2889,2025-11-09T07:48:33Z,Klo untuk yg cari gengsi ya iki hp nya klo utk teknologi ya jelas beda dimensi sama androit yg beredar sekarang,Umum,Netral
@aina26.27,2025-11-09T05:25:51Z,Nama charger ny apa bang?,Baterai,Netral
@RajaKurcaci,2025-11-09T02:57:39Z,"sebenarnya iphone bisa ajah buat lebih menarik dari Android, 

cuma berhub baterai dah besar, prosesor makin bagus, ram makin gdee.. jadi.. dia explore nya dikeluarin, tadinya kan terkenal simple dan mudah karena emang ram nya kecil jadi, nunjukin beda.. sekarang makin kesini ikut2an😅",Baterai,Negatif
@froghijau,2025-11-09T00:55:33Z,"Iphone dari dulu sampai saat ini di mana mana tetap menjadi perhatian orang, tetap jadi sorotan padahal android jauh lebih canggih tapi anehnya berasa kosong aja dan biasa biasa aja mau di design seperti apa pun tetap berasa kosong dan sepi",Umum,Negatif
@alvinbiologi,2025-11-09T00:18:20Z,Video tetap iPhone terbaik bang,Kamera,Netral
@ryoutaichika,2025-11-08T16:22:44Z,Kayaknya emang pemenang dari keseluruhan Iphone new gen ini malah versi paling murah wkwk,Harga,Positif
@rizkyfrebaldi9472,2025-11-08T11:30:50Z,ip paling niat tahun ini cuma ip air. meski desain kameranya pixel abis,Kamera,Netral
@ronswee2274,2025-11-08T10:09:36Z,"17 PM merupakan sebuah inovasi besar, dr HP lama saya Oppo reno 4 pro. 😅",Umum,Netral
@bangaaji,2025-11-08T08:42:21Z,"Setuju kata abang reviewer nya, Yang  saya rasakan ga nyaman pake iphone adalah saat di tempat umum, lagi pegang iphone posisi badan tegak rasanya gelisah takut disangka flexing padahal karena saya kalau bungkuk/nunduk suka pegel.. sedangkan beda feel nya saat saya pegang android rasanya bebas dari kegelisahan fikiran gw sendiri, udah bodo amatpun kadang fikiran terganggu😅",Performa,Negatif
@afifyasri,2025-11-08T08:26:15Z,udah ada center point sama double display  ya? hihi.. merk sebelah udah ada di 1 dekade lalu...😅,Umum,Netral
@kukuhdarsono8835,2025-11-08T07:57:47Z,"Jelas banget itu modus, lalu belaga gila ujung-ujungnya meres.",Performa,Positif
@skypiercerst,2025-11-08T07:34:10Z,"Usher iphone & android hadir ✋🏻

Seperti biasa, selalu menyajikan review iphone yg jujur & ga menutup mata akan betapa tertinggalnya kualitas kamera iphone dari flagship android lain

Reviewer lain boro2, malah dipuji ky dewa seakan gak ada kurangnya, cerita lama",Kamera,Negatif
@deditpras5642,2025-11-08T06:21:12Z,"beli iphone itu untuk jangka panjang pengunaan.... yang gak suka ganti"" hp 3-4 tahun.... misal
kau beli hp samsung pasti layarnya bakal
ada masalah...",Harga,Negatif
@VincentG-x4p,2025-11-08T05:37:45Z,downfall apple,Umum,Netral
@sinanggar,2025-11-08T05:34:19Z,"selalu pake iOS, tapi selalu pilih varian base model.
belom pernah ngerasain punya varian Pro-nya. 
base model aja sudah melampaui ekspektasi kebutuhan gw akan sebuah smartphone!",Desain,Netral
@haikunt,2025-11-08T05:03:41Z,"Disaat brand² Tiongkok berlomba-lomba inovasi. iPhone gitu² aja terus karena ttp laku. Jadi jangan harap bakal inovasi gila²an, mereka lagi ngejar profit sebanyak²nya, karena brand sudah terbangun di era Steve Jobs.",Performa,Positif
@ereseven,2025-11-08T05:00:27Z,"Tele 4x beneran enak banget. 5x kejauhan.
Sayangnya focus distance masih agak jauh gak sedekat Android flagship yang baru.",Performa,Negatif
@dollayx8,2025-11-08T04:38:39Z,gw kira vrindavan,Umum,Netral
@kalamaksara9736,2025-11-08T03:31:52Z,"rekomendasiin dong, hp di harga 7-8 jutaan, fokus ke camera aja",Harga,Netral
@yonq3287,2025-11-08T03:15:42Z,BANDINGIN NYA IPHONE YANG BARU DENGAN IPHONE YANG SUDAH DIPAKE SETAHUN…???😂😂,Umum,Netral
@wijayahandi2887,2025-11-08T02:40:36Z,"sadd, klo taon depan masih kyk gini aja perkembangannya, fix sih bakal byk yg kecewa sama brand ini",Umum,Positif
@Yogiri_Akuto,2025-11-08T02:06:07Z,"Baru pertama kali mau beli iPhone terbaru. Coba tolong kasih gw alasan kenapa ga harus ngambil iPhone. Alasan gw mau ngambil iPhone karena pengen nyobain iOS—penasaran dengan experience dan update yg cukup panjang. Kalau memang tidak se-Wow itu, pilihan ke-2 mungkin bakal ngambil Oppo Find X.",Harga,Netral
@omrii1636,2025-11-08T01:57:11Z,"yang paling gak bisa diterima Adalah Flagship harga 25jt bahan Alumunium, udah nunggu- nunggu Akhirnya pilih seri dibawahnya iphone 16 pro max TITANIUM desert..",Harga,Netral
@razorrahendra,2025-11-08T01:44:55Z,"betul bro,saya pakai iphone mulai dari ip4 sampe ke 11 pro yang sekarang masih saya pakai jadi second daily driver,dulu jaman2 ip6 sampe 8 banyak yg bilang bosenin tapi nyatanya secara user experience masih sangat amat nyaman,disaat itu saya bodo amat sama layar disaat brand android udah pakai layar yang lebih lebar,atau di saat android sudah advanced dari segi kamera saya masih sedikit bodo amat karena memang bagi saya kamera ip masih sangat cukup buat saya, menurutku sekarang yang bikin saya kecewa sama iphone dan memutuskan hijrah ke android ya karena android sekarang untuk AI sudah lebih advanced dan user exp nya sudah sangat sangat nyaman. Sejujurnya kemaren2 mempertimbangkan buat ganti ke 17 series karena 11 pro saya sudah sangat uzur,tapi bikin kecewa di UI ios yang jelek banget buat saya dan AI yang kureng ketimbang Android device, semoga apple bisa berbenah,dan apple bisa berbenah kalo selling iphone sangat anjlok,karena kritik2 dari fans,reviewer gak akan mereka denger selama penjualan masih stonk",Harga,Negatif
@DuyanaGaunaa-x5j,2025-11-08T01:11:40Z,bang req dong bahas realme gt 8 pro,Umum,Netral
@teamcasing,2025-11-08T00:28:39Z,Masih bertahan 14 pro max dan s20 plus hehe,Umum,Netral
@afiaziliwu,2025-11-08T00:27:18Z,Cintai ususmu pakai Xiaomi setiap hari,Umum,Netral
@laguasik8579,2025-11-07T23:47:20Z,"Fanboy harus pake xiaomi berarti 
Kan sama² 17 pro max wkwkwkwk",Umum,Netral
@MrBig-qr9qq,2025-11-07T22:05:00Z,"saya pakai iphone sejak ip 3GS,dan akhirnya nyerah di ip 14 Pro.yg paling ngeselin,bgt up date soft ware,ada masalah baru yg hadir,selain minimnya inovasi itu td.",Umum,Netral
@dedythoedoric4621,2025-11-07T19:58:29Z,mau ngulangi sejarah nokia nih ipon,Umum,Netral
@Zaunix95,2025-11-07T19:49:58Z,Sejak di iOS26 kayanya emang jadi gede gitu ya dynamic island nya waktu aktif,Umum,Netral
@dendjaka7203,2025-11-07T19:24:18Z,"Bagi yg tiap tahun selalu ganti flagship dg merk yg sama sih bkl ngerasa kaya gtu juga.
Ga ada peningkatan yg wah dari seri sebelumnya.
Ga cm iPhone, android mid range juga peningkatannya tipis.",Performa,Negatif
@deddykristiawan3033,2025-11-07T18:57:58Z,"Ingat ya adek adek, gk jelek tp cuma gitu gitu aja. Berhenti sakit hati krn tidak mampu beli. Kalo ada yg beli ip biarkan saja krn mreka mampu dan mreka pengen. Ya kali mreka beli harus sesuai harapan elu :)",Harga,Negatif
@podcast4us,2025-11-07T18:01:02Z,"Gw pernah make iphone, sumpah nggak tahan. Kek penjara!! Share file susahnya minta ampun!!",Umum,Netral
@bod908,2025-11-07T17:16:39Z,"Skrng dah jd hp pasaran gk se wah dlu wkwk AI nya ampas multi tasking sulit, mknya gw lbuh milih pke samsul flagship krn lebih kepake di keseharian",Performa,Netral
@Albj15,2025-11-07T16:44:19Z,"Bang gue aja maju mundur terus mau bungkus 17 PM, sampe sekarang masih bulak balik liat Vivo X300 Pro, Huawei Pura 80, Oppo X9 Pro, pengen ngeluarin duit banyak tapi sebanding sama apa yang di dapet",Umum,Netral
@muhammadmufid379,2025-11-07T16:34:19Z,Bayak fans nya bilang ip ini next level 😂,Umum,Netral
@farhanasidiqi9979,2025-11-07T16:33:43Z,"""buat gw yg tau indahnya/canggihnya dunia luar iphone, merasa bete dan kasian sama orang yg berasa fine karena standrnya udh di set rendah sama apple terutama kamera dan fotografi"" DANGGG.... TRUE. Mereka ngga tau dunia luar selain iphone, dan merasa iphone si paling better which is NOT.",Kamera,Netral
@ilhammdona,2025-11-07T15:53:29Z,"10:48 switch lensa ini dipikir"" kok bisa banget semulus itu ya",Kamera,Netral
@rizkihidayat2731,2025-11-07T15:52:15Z,Gw blm prnh pkek ip. Skrg mau pkek. Mending 16 pro 256 atau 17 pro 256 bang. Dgn beda harga 2 jutaan?,Harga,Negatif
@gadgetaudio4924,2025-11-07T15:37:00Z,"Desain ga menarik, minim inovasi. Skrg udh ga se WAH dulu.....",Desain,Netral
@juanda.maulana,2025-11-07T15:35:48Z,"Nie baru Fansboy apple yg bner , klw producknya kureng signifikan update dan inovasinya ya diomong ..

Beda sama si indra teklep",Umum,Netral
@breetskuy8344,2025-11-07T15:23:42Z,"Maaf bang klo iphone aku absen dulu 🙏🏻
Like komen adalah jejak saya",Umum,Netral
@Amidin-r9r,2025-11-07T15:23:37Z,Cuaba android stbilier sbnding dgni psti by by ip😂,Umum,Negatif
@roszie1726,2025-11-07T15:21:18Z,cukup di 16 pro aja haha,Umum,Netral
@imsomatur3,2025-11-07T15:15:48Z,iPhone 17 pro series yang cosmic orange ini untuk swifties dalam rangka the life of a showgirl album release 🧡,Umum,Netral
@Qahwah.Cemeng,2025-11-07T15:05:53Z,"harga 20 juta++, setara android 5 juta",Harga,Negatif
@afandiaksanmanopos1tekniki181,2025-11-07T14:59:26Z,"Interupsi Statement time  1: 40 Terkait Boba iPhone Dapat Mengintimidasi Lingkungan Sekitar yah bang, Bdw Ini Can Culture di Indonesia Raya ajah orang make Ip dikira tajir melintir Merinding Bdw Aku Yg Udah hidup Lama di Negara Maju dan kerja di sana Gada Working With Culture dgn Vibes Kayak Gini Di Negara2 maju loh, lu make Ip berapa Ip new, lawas Its Okey Gak ngaruh, make Branding apapun itu, Setelah Gua Balik Dari LN ajah kaget mampush Make Ip 16 pM ajah dikira orkay dan banyak Yg Terpantau kek ngejajz🤣🤣 ini budaya di indo doang yah udah umum dan Menormalisasikan Ip itu yah kayak Gitu😌",Kamera,Positif
@100kwiewersgiftsandaljepit5,2025-11-07T14:34:53Z,Kalau si buah tak ada inovasi yang menonjol untuk 3 atau 5 tahun kedepan saya yakin sih ini produk bakalan chaos kaya almarhum blackberry di saat android mulai mengejar inovasi sofhware Ai canggih.. sibuah minim inovasi yang wow.. 2 poin saja tantangan android buat ngejar sibuah 1 kualitas video perekaman dan ekosistem,Kamera,Negatif
@AgenKarma,2025-11-07T14:34:15Z,"pegang iphone tp gapegang android sih berasa kureeeng bgt, memang harus di lengkapi secondary hp android ,",Umum,Negatif
@triabdipoernomo,2025-11-07T14:26:20Z,"Review paling balance so far, good job K2G ..",Umum,Netral
@kidslogic_corner,2025-11-07T14:20:09Z,ya gantiya jgn tiap taon simple wwkwkw,Umum,Netral
@mTechlifePro,2025-11-07T13:48:15Z,Nice review K2G dari POV Apple Fan Boy. Semakin memantapkan niat utk skip yg seri 17 thn ini 👍👌,Umum,Positif
@wendoystory,2025-11-07T13:32:42Z,10:56 Vivo x 300 pro ga kalah smooth saya lihat di Chanel luar,Umum,Netral
@arraxvelaryon,2025-11-07T13:16:40Z,"Keunggulan mutlak tinggal segi transisi video, yang paling mendekati saat ini dari Vivo X300 pro dan Oppo Find X9 pro",Kamera,Netral
@MichaelCH911,2025-11-07T12:53:10Z,"kembalikan warna hijau ke varian pro, cukup album Taylor Swift, MCL39, dan shopee yg oren",Desain,Netral
@bossman3020,2025-11-07T12:01:32Z,reviewer jujur,Umum,Netral
@syafiqurrahman418,2025-11-07T12:01:03Z,"Selfi 9:41 gambar kanan, kupingnya ilangg 🤣🤣🤣",Umum,Netral
@luckk3471,2025-11-07T11:58:37Z,"User iPhone jangan pada denial, keenakan brand nya gaada untungnya buat user",Umum,Netral
@jiqballl,2025-11-07T11:56:34Z,Pokoknya setelah samsung lipat rilis 2019 udah biasa aja liat ipon 😅.,Umum,Negatif
@ezrariyandy3343,2025-11-07T11:54:35Z,"Hamba iPhone rata² mata nya tertutup kalo ngomongin soal kualitas. Dan sekarang pun udah banyak sebenernya umat umat iPhone sadar kalau IP sekarang udah mulai ke saing sama hp android kelas Flagship. 
Tapi mau gmn lagi, gengsi is number one.",Performa,Negatif
@Nasrulvlogg,2025-11-07T11:50:18Z,"Klw gua sih, beli ip cuman butuhin kamera vidieonya + ke amanan perbankkn, dan beli jga sesuai kebutuhan",Harga,Netral
@masmus999,2025-11-07T11:49:12Z,"desainnya makin keren, dan mungkin bakal jadi tren 2026, yaitu kombinasi kaca dan metal.
wkt K2G ngereview Nord 4, gw udh ngarep bgd banyak yg ngikutin kombinasi material ini. 
buat yg udh ngumpulin duit buat beli hp, ini saat yg tepat buat beli iphone 17 pro series",Harga,Positif
@agungwindadi,2025-11-07T11:48:28Z,"Great review. Udah males banget sama reviewer yang selalu memaklumin apple bahkan sampe bilang tetep paling bagus. Padahal apple juga gak akan berubah jadi lebih baik selama masih banyak youtuber kaya gitu, apalagi di zamannya si tim memasak ini",Performa,Positif
@CarlosMontenegro-c1q,2025-11-07T11:48:05Z,"Jagat review, k2g, sama youtuber cupu review terjujur dan fair sih menurut gw...",Umum,Netral
@AkbarAkbar-wq5bh,2025-11-07T11:28:38Z,Kalau mau cari kamera ambil vivo atau  oppo tp klo mau video ya iphone,Kamera,Netral
@醜いです12あなたは,2025-11-07T11:18:33Z,Best konten,Umum,Netral
@fatqurrokhman2306,2025-11-07T11:15:47Z,paling2 tambah gambar jernih dikit😂,Layar,Positif
@foreveralone4015,2025-11-07T11:13:10Z,Jadi inget nokia n8 oren gw yg telah lama berubah warna jadi bolang2 😢,Desain,Netral
@wahyuanjaswatipranata99,2025-11-07T11:12:50Z,"Jalan di tempat. 
Yg lain sdh pakai paket teleskop, casing game, bahkan buat HP  Foldebele. 
Ini mah boro"" Cuma lebarin bump camera aja bisanya. Suara hati pengguna iphone 16 promax 😊",Performa,Netral
@ViP-BigBangForeVeR7788,2025-11-07T10:50:46Z,Saya skip iPhone 17 pro stay di iPhone 16 pro desert titanium 🔥,Desain,Netral
@MatchaStarz0997,2025-11-07T10:46:23Z,"Reviewnya tumben2an agak sadis ya buat ukuran k2g 😂. Kayak yang udah dipendem lama 😂. @18:10 ini setau saya aja sih, mohon dikoreksi, yang nganggep iPhone barang murah, itu cuma orang Indo, di negara2 maju, negara asalnya aja deh, yang UMRnya 2 digit, masih dianggep barang mahal lho 😂. Nggak tau orang2 Indo ketinggian egonya atau gimana",Harga,Positif
@K-lite123,2025-11-07T10:43:56Z,"Wkwwk.. tutup mata, buta mata . Fanboy epel… 😂 siri diganti gemini. Tar lg ios ganti android aja… sebelum bangkrut",Umum,Negatif
@Deshan199,2025-11-07T10:42:32Z,"logo Xioami kan orange 
berarti ipong udah jadi mifans 😂😂",Umum,Netral
@oreoars9196,2025-11-07T10:34:23Z,"lok dimata gw ketika ada yg pakai hp ip n ditunjuk""in kek jijik cok dia fikir gw bkln bilng wahhh iphon..!! mlh yg ada..apaan sih cok katrok bngt 🤣🤣🤣🤭",Umum,Netral
@pandiwaluyo,2025-11-07T10:29:33Z,"Sebagai user 16 Pro, soal 17 Pro cuma tertarik sama warnany aja. Kalau kamera,  lebih milih Vivo x300 pro. Hehe",Kamera,Netral
@JUVENILE愛,2025-11-07T10:27:00Z,"Sebagai fanboy iphone, kan cuman butuh animasi video smooth doang, gak perlu detail yg penting gak jitter. Buat apa itu inovasi, mereka udah nyaman dengan ketertinggalan kok, yg penting upload konten kan gak dicompress 😊",Kamera,Netral
@PRASETIOUTOMO-n3s,2025-11-07T10:22:14Z,"Saya secara pribadi setuju dengan pendekatan iPhone (meskipun mungkin karena mereka belum bisa). Ga usah banyak Ai nya. Apalagi di photo editor.

Biar ga manipulatif semua di poles dengan AI",Performa,Netral
@dewagede216,2025-11-07T10:11:57Z,"Portofolio product experience, kalimat yang mantap 😂",Umum,Positif
@AlbertMulyadi-l6c,2025-11-07T10:03:25Z,"BG gw yg pakek Apple dan selalu harus ada android,bagi gw AI android gw sangat bermanfaat dan berguna untuk sehari2 ,AI di iPhone 16 pro gw yg dulu di gembar gembor iPhone AI pertama ,blm sangat berguna dan siri yg kayak gen alpha rebel dan noise",Umum,Negatif
@yodianto,2025-11-07T09:45:23Z,gitu2 aja tapi kaya antrian popmart😂,Umum,Netral
@fradesjo,2025-11-07T09:39:28Z,"Saya masih pakai iPhone 11, masih fungsional buat kerja dan pribadi. Terhubung dengan mulus ke Macbook juga. Nyaman buat kerja. Baru akan ganti kalau nanti udah benar2 butuh banget. Lagian sejak Steve Jobs meninggal, inovasi Apple udah mandeg. Tiap tahun gitu-gituuuuuuuuuuuuuuuuuuu doang",Performa,Netral
@rlay286,2025-11-07T09:35:23Z,Serem sama peny-iPong garis keras,Umum,Netral
@lien1212,2025-11-07T09:33:41Z,Dijaman AI kayak gini apple ketinggalan jauh.. Apple Inteligent masih soak & keok.. kalah sm android midrange sekalipun..,Umum,Negatif
@renzo1184,2025-11-07T09:26:43Z,Bagus perspektifnya.... jarang ada fanboy yg begini,Umum,Positif
@resswawa,2025-11-07T09:25:07Z,"""Standarnya udah diset rendah sama apple"" :)",Umum,Netral
@perez-ɛɛ,2025-11-07T09:13:47Z,Keluh kesah femboy inimah😂,Umum,Netral
@dekedi2190,2025-11-07T09:01:28Z,"Sebagai pengguna iphone jga kerasa banget hasil kamera drop pas cahaya remang2, apple harus segera bergegas sih optimalin AI di saat hp2 midrange aja sekarang hasil kameranya udah bermain dengan AI, kalau ngejar natural sih natural ya tapi ya minimal pas low light ada sharpening dikit biar hasil kameranya ga soft soft banget😭",Kamera,Netral
@michaelpatrick3492,2025-11-07T08:56:22Z,Nah bnr pikiranku... modelnya ga se keren promax yg seblmnya.,Desain,Positif
@STLE889,2025-11-07T08:52:17Z,tega bener dibandingin sama #1 Dxomark 😅,Umum,Netral
@nickosaputra2344,2025-11-07T08:50:10Z,Thanks reviewnya. Kalo di Indo itu udah bisa blm bayar transaksi dengan smartwatch seperti apple/samsung watch ? Karena beberapa waktu lalu ke singapura liat orang2 yang naik transport umumnya bisa pakai watch utk byr.,Umum,Negatif
@kaitokid6307,2025-11-07T08:41:38Z,"13:27
Bilangin om Fitra sama om Mobi bro. .  😂",Umum,Netral
@Workaholic33,2025-11-07T08:39:36Z,Kalian kalo storge di iphone udah penuh di backup kemana sih ? selain icould ya karena banyak bgt file yang emang penting,Umum,Netral
@mrhen3259,2025-11-07T08:19:20Z,"gw malah upgrade ke 17 pm karna butuh daya tahan batre, pake 15 pm udh gak cukup, sering overheat. 
nah buat tandem nya gw pake S25 edge, mantep banget ini hp, tipis tapi canggih banget. mana gw dpt harga murah di market place. hahaha",Harga,Positif
@adiwijayasalim6922,2025-11-07T08:14:33Z,"Terakhir kali make iphone 11 dan gw jual, sejak saat itu langganan flagship android. 
ternyata improvement apple selama 5 tahun terakhir ga se banyak sebelah ya?",Harga,Negatif
@irfankey5222,2025-11-07T08:04:44Z,"Gak tau kenapa Di review yg ini Satish keren bgt reviewnya dibanding produk2 yg lain, sample apapun bagus, informasinya bagus, POV bagus.. Apa karena Apple? IDK..❤😂",Umum,Positif
@ulilize,2025-11-07T08:01:24Z,obat sakit maag katanya wkwkwkwk,Umum,Netral
@dedesetyadi5593,2025-11-07T07:21:21Z,"Masih banyal apple fanboy yg bilang kamera 17 pro max jauh lebih bagus dari 16 pro max, padahal gw liat sama aja, dan bener kan dibilang K2G gak beda jauh, bahkan bagi orang awam kayak gw pasti akan merasa sama aja, bener2 objektif review nya K2G 👍🏻",Kamera,Positif
@Aurigadatta,2025-11-07T07:21:00Z,"Ga nyesel sih beli aipon, sesuai saran bang Al, kalau pengen punya HP mahal buat balas WA, ya ambil aipon. Soalnya kalau bukan harganya, ga ada yg bisa gue banggain dari ni HP 🤣",Harga,Negatif
@WisnueRivanPraditya12,2025-11-07T07:18:52Z,User iphone enggak pernah otak atik soalnya ketika updete ke ios 26 bayak yang binggung,Umum,Netral
@itskimoraa,2025-11-07T07:18:12Z,Bener² gak gw skip kalo bg satish bahas iphone😂,Umum,Netral
@yogeeg90,2025-11-07T07:15:40Z,Apple fanboy sama fanboy karbitan yang baru banget pake iphone WAJIB BANGET mantengin vt ini wkwkwk. Gua udah nyerah sama Samsung dan Apple dari 2 generasi lalu deh. Ngeselin banget !,Umum,Negatif
@risnurahmadian3047,2025-11-07T07:14:57Z,"Bg, mayoritas orang pakai iPhone itu untuk validasi ,, mana peduli dengan Downgrade Dari Titanium ke Alumunium 😂😂😂😂😂😂",Desain,Netral
@heyndrikkk,2025-11-07T07:14:09Z,"Dan pas di bilang overpriced, abis dirujak w di twitter wkakakak",Umum,Netral
@nunoholics,2025-11-07T07:12:08Z,Cuma emak2 yg ga bosen,Umum,Netral
@ahuman378,2025-11-07T07:11:27Z,Tapi penjualannya malah lebih moncer dr thn kmren 🤦,Harga,Netral
@TomiDolapaet,2025-11-07T07:06:18Z,Coba pakai casing warna kuning bang auto jadi poco tuh,Desain,Netral
@doyandouyin,2025-11-07T07:05:38Z,nah ini,Umum,Netral
@Mystery9.,2025-11-07T07:01:22Z,K2G kalau ngejelasin tuh enak ya 50% ngasih sisi positif 50% ngasih tau sisi kurangnya. Goood,Umum,Netral
@ryzaelm,2025-11-07T06:58:57Z,"Wah mantap.. sekarang yang Air jadi dailydriver ya.
Info bang tahun depan Iphone Air jadi dual camera loh, mantap kan?
Jadi ada alasan deh buat upgrade",Umum,Positif
@Izqycleafz,2025-11-07T06:51:30Z,"Sepakat..
Kalah telak dan gak worth to buy sih (kalo buat user basian kayak saya) sempet jejerin memang beda dibanding 14 PM..
Tapi lebih bagus kamera oppo 8/vivo 200x / pura ultra🥲

Berhubung fanboy iphone lebih baik nambah sih, sambil wait and see 300x resmi..",Kamera,Positif
@DwiSipetani,2025-11-07T06:49:56Z,Ga bsa dipungkiri emang kudu mulai beneran berinovasi lgi sih iphone 😊 .. dri series 12 sampai skrang yg dirubah warnanya aja.  Ga jelek tapi monoton,Desain,Negatif
@goldson6,2025-11-07T06:40:28Z,"Android tinggal bagaimana memaksimalkan kualitas upload saat ke media sosial aja, kalah telak itu iphone",Umum,Negatif
@andikapratama9475,2025-11-07T06:38:09Z,"Gw yg pakai ip dan android, belum ada kepikiran up ip gw karena tidak ada teknologi yg menarik di ip terbaru. Kebanyakkan orang up ke ip terbaru cuma biar terlihat pakai ip terbaru. Android jauh lebih menarik teknologi jauh lebih banyak dan fitur jauh lebih banyak juga. Malah gw kepikiran up android gw tahun depan, menunggu inovasi terbaru brand.",Umum,Negatif
@fazanoor,2025-11-07T06:32:19Z,"Bagus, tapi gada yang baru, di kala Xiaomi pamer layar belakang, Samsung berjaya dengan fold, Vivo OPPO lomba kamera terbaik buat konser, iPhone cuma sebatas bagus aja, gada inovasi yang wow, seolah main aman di situ-situ aja.",Layar,Negatif
@messhinoda,2025-11-07T06:31:35Z,kali untuk video dengan hp top android..iphone lebih bagusnya soalny kualitas videony apa cuman switch antar lensanya aja?,Kamera,Negatif
@jameroqui8835,2025-11-07T06:30:24Z,"Review yang jujur obyektif. Lama pakai ip (dan android), yang dirasakan yah..  begitulah ip... Tidak jelek tapi ya begitu2 aja...",Umum,Negatif
@dhanarputra555,2025-11-07T06:27:52Z,"Sebagai orang yg udah pegang iPhone sejak versi 4s, 
bini sendiri aja bilang boncos banget punya ipon😅
Ya gimana ya, logo *Apel* nya udah tidak cukup utk menarik dompet bini keluar dari habitatnya.",Harga,Netral
@AribElek,2025-11-07T06:24:37Z,"Kualitas foto ipon udah kalah telak, dan kualitas video ipon udah mulai tersusul. Bahkan setelah Launching ip17 sahamnya lngsung anjlok. Warning buat Apple Kl ip18 masih gitu"" aja. Kayanya bakal wassalam",Kamera,Netral
@adilahsaputra3,2025-11-07T06:17:50Z,"keren bang walaupun fanboyy apple tetep jujur, sangat membntu orng yg pngn beli barang apple tapi kemalahan 😁🙏",Harga,Positif
@superbonto,2025-11-07T06:17:48Z,kolom komentar koq adem adem aja nih wkwk,Umum,Netral
@anakesolikin-k7v,2025-11-07T06:15:36Z,Design terbaik dan built quality ip terbaik adalah ip xs series no debat,Umum,Netral
@moezibdork666,2025-11-07T06:09:56Z,Mantap iPhone ini,Umum,Positif
@wangsimin6707,2025-11-07T06:08:28Z,Masih inget story Satish pesen Nasi goreng orange yg ceritanya lagi flexing iPhone 17 Promag 😂,Performa,Netral
@salomoriech,2025-11-07T06:01:10Z,13:27 penyakit kuning iphone ga hilang hilang sejak 13 pm,Umum,Netral
@kaprios1709,2025-11-07T05:59:39Z,"🙄.. Begitulah tuningan software untuk hasil foto dan videonya Ip di paskan untuk warna kulit orang European atau American...

Yg ""repot"" ketika di jepret ke warna kulit warga Indo berasa bangget jadi semangkin ""kusem"".. Itu sebab tuningan hasil jepretan camera hape China atau Korea lebih di sukai oleh kebanyakan orang Indo...

Kerna bisa menyulap ekspresi wajah jadi lebih glowing dan mulus lus....

😐",Kamera,Positif
@arifhidayat454,2025-11-07T05:57:50Z,"lu gak beli bang cash sama anti gores itu, lu di kasih pasti",Harga,Netral
@jakafaturrohman4801,2025-11-07T05:56:45Z,"saat reviewer lain cuma bilang bagus, bagus, bagus... k2g gitu looh 👍🏻",Umum,Positif
@DKtube81,2025-11-07T05:55:02Z,"Saya jujur dulu beli iphone 15 pm ""terpaksa"" karena disarankan oleh pihak bank untuk banking apps. Beli di ibox ikutan PO dan buka hanya untuk transaksi perbankan. BH masih lumayan di 96%. Daily tetap samsung fold 7. One ui nya tidak bisa dipungkiri adalah yang terbaik menurut saya. Asyik untuk kerja dan lihat sosial media memang foldable phone",Harga,Negatif
@AllesandroKim,2025-11-07T05:54:13Z,"Semakin saya menua karena usia,, semakin cocok dgn iphone.😊",Umum,Netral
@Kudrihan,2025-11-07T05:52:49Z,"6:10 Untuk Urusan Perkabelan, Coba Deh Beli Kabel Merk i2c di Shopee, import dari china. Support Semua Protokol, Jadi cukup bawa 1 kabel, bisa hampir ke semua device supercharge. menarikkan ? Banget 🤭🤭🤭...
Pasangannya Cuktech 10 mini 2a1c + Kabel Sakti i2C,... Super!🔥",Harga,Netral
@ghivbrand,2025-11-07T05:51:04Z,Tetep aja artis dan pesohor pake nya iphone 17 pro max bang 🎉,Baterai,Netral
@sahidinaalii,2025-11-07T05:49:34Z,Review nubia z80 ultra dong,Umum,Netral
@Kudrihan,2025-11-07T05:47:27Z,iphone tetaplah iphone 😊,Umum,Netral
@SIAPA-e8b,2025-11-07T05:35:32Z,"Iphone 17 Promax dan 17 Pro bagus, namun sekarang jadi barang langka, saya cek sana sini stok habis. jadi kepikiran untuk pilih VIVO x Fold 5 atau S25 Ultra saja",Umum,Positif
@laudien2786,2025-11-07T05:35:02Z,"Ooowh gak jelek yaaa, tapi ya gitu gitu aja",Umum,Negatif
@Himmah-k2d4m,2025-10-21T07:30:46Z,1:39 logo apa tadi bang? 😂,Umum,Netral
@agungwijaya-yg3kk,2025-10-09T12:09:08Z,Wah 12gb ram~,Umum,Netral
@Xshoot24,2025-10-09T10:55:31Z,Kita tunggu juga pres liris nya PI phone,Umum,Netral
@noname-jb4rz,2025-10-07T02:30:51Z,Banyak para miFans dan kaum  bacot mental munafik iri dengki....sibuk menghujat ip 17 promax.,Umum,Netral
@ashrapnal,2025-10-06T16:51:47Z,Bang lo engga mau potong rambut apa biar keliatan rapih,Umum,Netral
@GhifariNaufall,2025-10-04T10:54:40Z,🙌🏻YesyesyesyesIP 17 PRO MAX🔥😍❤,Umum,Netral
@WhatIf-9092,2025-10-01T21:04:05Z,"kalo steve jobs liat iphone sekarang, udah dipecat tuh tim cook
apaan, tiap tahun cuman upgrade kamera, baterai, chip, ram, core gpu, core cpu, ukuran chip, screen. gitu2 aja

dulu tiap tahun, apple pasti ada inovasi baru nya
itu yang bikin orang pada nunggu
itu yang bikin apple itu apple

sayang banget
johny ive juga udah keluar dari apple lagi

no hope kalo nunggu inovasi dari apple
malah xiaomi 17, bangke bagus banget cok
ada screen di belakang nya

keliatan nya sih, ini semacam uji coba
untuk membuat smartphone dengan layar penuh depan dan belakang",Layar,Positif
@ViP-BigBangForeVeR7788,2025-09-29T12:37:30Z,Titanium Baru Premium 💪🏼👍 stay di ip 16 pro👍 design ip 17 pro tak cantik bagi aku😂,Desain,Netral
@aangwiguna4320,2025-09-29T05:43:12Z,Baru iPhone ini yg gak menggugah selera...😂,Umum,Netral
@DanielSusanto-pv9dg,2025-09-27T01:07:54Z,Kak review case zagg dong untuk 17 promax mulai dari yg clear ampe yg berwarna,Desain,Netral
@kulibangunan89,2025-09-25T12:25:34Z,Design paling sampah,Umum,Negatif
@buzoezarf,2025-09-25T08:36:47Z,"Asli yg oren noraknya dapet bngt, design rame dipadukan dgn warna gonjreng gokz beud.😅🤭 Looksnya kek hp mainan anjr, kalo yg deep blue bolehlah msh ada kesan ganteng & elegannya.",Performa,Netral
@wafidisini,2025-09-24T07:18:01Z,"Konsep Apple memang begitu, dulu iPhone X pake poni orang2 juga pada ketawa
Sampai2 Samsung bikin iklan untuk nyindir 😅",Umum,Negatif
@HengkiAva,2025-09-24T06:21:10Z,iphone kontol,Umum,Netral
@HengkiAva,2025-09-24T06:20:35Z,jujur sejak dulu ngak suka sama iphone . . alhamdulillah sakarang gua punya sasmung s25 ultra . .rencana aku mau nambah XIAOMI 17 PRO  mantapppppppppp,Umum,Positif
@MAKOLiiNA6431,2025-09-24T06:01:02Z,Relatif utk setiap penilaian..tp penilaian saya biasa aja dan gak ada yg wow dgn versi ini..,Umum,Netral
@reyhanarya3630,2025-09-24T05:48:48Z,Si suki ngokop iponge😂,Umum,Netral
@adamawlana,2025-09-24T04:49:26Z,Mau desain gembel sekalipun kalo dipake apple jadinya mewah🤣,Desain,Netral
@EngkanSujana,2025-09-24T04:29:20Z,"Setiap orang boleh pro atau kontra, tapi sebenarnya iPhone produk yang melegenda dan sangat dinanti user🎉",Umum,Netral
@ZalmaMahyzia-e7c,2025-09-24T02:25:36Z,"Nah kali ini desain iphone gak bakal di pake sama brand lain ,,😂",Desain,Netral
@Infeksi_Nalar,2025-09-24T01:48:56Z,Biasanya brand besar di contek brand dibawahnyah....eh ini malah iphone membuat replika hp poco 😂😂😂,Umum,Netral
@Zunairotul1,2025-09-24T01:48:11Z,Nunggu review bang indra baru mantap beli,Harga,Positif
@Talipancingy4u,2025-09-23T23:38:56Z,Hahaha hp badut,Umum,Netral
@pecintatogel39,2025-09-23T18:51:01Z,"Warnanya di ketawain david gadgetin
Wkwkwkwkwkk",Desain,Netral
@andygarcia4810,2025-09-23T16:47:56Z,Kalau mau liat review jujur mah jgn disini wkwkw sama dia mah gaakan ada kurangnya sedikitpun,Umum,Netral
@handeriOMG,2025-09-23T13:52:11Z,"Om buat review tes lidarnya untuk scan ruangan ya pakai app canvas, dari semua seri mana aja yang bisa di pakai untuk scan. Kepakai buat design interior untuk survey proyek jadi ga perlu ukur pakai meteran. Tinggal scan ukurnya nanti di laptop atau di rumah.
bela-belain punya iphone untuk fitur itu tapi yang pakai istri, jadi pas survey proyek tetap pakai meteran tradisional. 😭😭😭😭",Umum,Positif
@rizkyykzl7747,2025-09-23T12:18:50Z,Gila kameranya memang iphone wkwk,Kamera,Positif
@adisaputrasaputra7783,2025-09-23T10:18:47Z,Apa itu ram .. Ram kecil sdh cukup.. Itu hanya omong kosong... Nyatanya skrng pakai ram 12GB.😅,Umum,Netral
@eksekusi_senyap,2025-09-23T09:35:58Z,Hp paling norak sepanjang sejarah ya I phone,Umum,Netral
@SayaBahri,2025-09-23T07:17:01Z,"pdhl dlm hatiny mah ga sreg sm design ny itu,, wkk",Umum,Netral
@gardarash3453,2025-09-23T04:53:17Z,Jelek im sorry,Umum,Negatif
@samuelarnoldrindo2234,2025-09-23T04:36:19Z,"Kalo kata om kutang, ini mah udah penyefong handal 😂,",Umum,Netral
@masda2829,2025-09-23T03:39:01Z,Knp GK ke Malaysia bro?,Umum,Netral
@sugara2627,2025-09-23T02:44:07Z,Bang bahas rumor iphone 17 pro rawan baret dan bengkok,Umum,Netral
@HayRICHIE,2025-09-23T00:53:54Z,Mana nih iphone Air 🎉🎉🎉,Umum,Netral
@goby8687,2025-09-23T00:18:50Z,hotel2 auto rame nih tiap iphone rilis baru akwkwkwk,Umum,Netral
@Detective_Batman,2025-09-22T23:38:34Z,Cakep memang 17 pro ❤,Umum,Positif
@junaedi0333,2025-09-22T16:20:44Z,Ka tali jam nya beli dmn?,Harga,Netral
@sabbataizevi4031,2025-09-22T15:16:16Z,"si apple udah nggak think diferent lagi, terlihat jelas mereka cuma ingin membangun sentimen pada konsumen saja dan dengan inovasi apa adanya lalu melazimkan harga yang jelas2 bukan worth it lagi. Jijay sekali warna dan cara pikir mereka terhadap konsumen.
Mulai hari ini kukatakan jika anda beli iphone 17pro/max anda tak terlihat sebagai punya uang dan jadi seseorang TAPI anda yang sudah punya uang pun masih segampang itu terjajah.
bagiku nilai anda sama dengan kambing yang makan rumput itu, digembala dan diambil keuntungan nya.",Harga,Netral
@herastantiagustin4607,2025-09-22T15:03:37Z,Lol aja,Umum,Netral
@chandralksmana,2025-09-22T14:12:44Z,Ini org mah iphone ditempelin TAI ttep dipuji2 😂😂😂,Umum,Negatif
@kucingtidursiang,2025-09-22T14:02:38Z,"Air mana air haus nihhhh, uda 3 hari nungguin gan",Umum,Netral
@saptriwiguna9562,2025-09-22T13:25:58Z,Kek google pixep,Umum,Netral
@komarudin9717,2025-09-22T13:04:28Z,"Dari semua komen, saya tahu hp nya yang pada komen 🤣🤣🤣 
Kebanyakan yg komen hp Nya android",Umum,Negatif
@kenangan212,2025-09-22T11:57:11Z,Kabarnya desainnya terinspirasi dari casing cebanan android yg besebaran di shopee 😊,Desain,Negatif
@CakJune,2025-09-22T11:40:38Z,Mudah sekali untuk fanboy apple senang cukup hadiri warna baru dan design aneh udah seneng aja😅,Desain,Netral
@SamsungGalaxy-c8t,2025-09-22T11:14:17Z,"Mau tanya dong srius ini, itu real IP 17 pro kah? Atau IP 15 pro? Soalnya gua liat² itu kaya IP 15 pro yg casing kameranya di lebarin gitu aja sama flashlight nya di geser/pindah dikit biar bisa di bilang cikal bakal  jadi INOVISASI terdepan dan terkini dan terkemuka di masa depan sampai² si penyopong droid² nge klaim milik IP yg tercanggih terkece badai cetar membahana?",Kamera,Positif
@ridwankassel6372,2025-09-22T09:52:22Z,"🤣beneran ada.. pasang casing ijo ke hp oranye.. kayaknya ada video komedi/kartun sebelum keluar. beli yg oranye. cari casing, di keluarkan yg bening. yg beli bilang gak bang saya mau yg ijo saja...😁   kasih cover sampai dekat lensa, ada yg uji gesek/jatuh. kemudian pakai kamera macro kelihatan alumniumnya gupil dikit ( kecil)",Harga,Netral
@awanmegamendung8338,2025-09-22T09:48:19Z,"terlalu me.lebih2kan sesuatu yg biasa2 aja.
padahal selebihnya mah karena merek aja.
sesederhana ituh....",Umum,Netral
@majelisgurumunawar,2025-09-22T08:39:06Z,Desain nya jelek...lebih bagus 16 pro max,Desain,Positif
@bintinisa9530,2025-09-22T07:50:34Z,Flare kamera gmn,Kamera,Netral
@AndikaAaep,2025-09-22T06:06:29Z,ternyata casing unibody alm lebih lemah dibanding titanium tahun lalu ya lbh tangguh,Desain,Netral
@aamhamzah2979,2025-09-22T05:56:57Z,Warna nya prindapan banget dah😂,Desain,Netral
@kyludlukhdkh-eu7ih,2025-09-22T05:55:15Z,"Jujurlah pada dirimu, desainya emang lebay 😂",Desain,Netral
@alatalisca,2025-09-22T03:47:11Z,Tapi apple rugi gara gara ip 17😂😂😂,Umum,Netral
@notebookextra,2025-09-22T03:04:29Z,"mending pakai 3 boba yg biasa ajalah, sudah jadi identitas. 
seperti 4 kamera kompor listrik ala xiaomi, atau 3 boba lurus tanpa tatakan ala samsung. gak ada yg salah. kalau begini kan aneh. mau motret landscape malah rentan tertutup jari itu flash dan lidar sensornya.",Kamera,Negatif
@user-gp1tx8je8h,2025-09-22T01:43:50Z,Mending iphone 17 aja,Umum,Negatif
@butongsexy,2025-09-22T01:37:16Z,Titan nya ilang😅,Umum,Netral
@omennguyup,2025-09-22T00:37:48Z,kayak hp poco,Umum,Netral
@papaeggman1868,2025-09-22T00:32:22Z,"Desain Dan Warna Paling Kurang Banget Menurut Gua 😂, Paling Bener Kalo Desain ya Back To Basic Aja, Mana dibikin 2 Finishing Yg berbeda tapi jatohnya jadi Kurangggg, Series terbaru paling bener menurut gua I Phone Air Sih, Ya Meski Mirip2 Pixel, tetep aja ga seburuk desain Versi Pro Ini . .",Desain,Netral
@PutraMadangkara-v5h,2025-09-22T00:05:04Z,Itu hp google 😂😂,Umum,Netral
@umarulfaruq6162,2025-09-21T23:38:02Z,"Lebay lu bang, ga malu apa disetiap jaman gaya ngmongmu soal iphone tetep alay😅😂 berlebihan omongan lu",Umum,Netral
@diparangga9495,2025-09-21T22:41:05Z,Tunggu aja nanti rame cat pd ngelupas sm gampang baret soalnya pake almu😅 seri pro kualitas base model,Desain,Netral
@ikhlassajaikhlas,2025-09-21T22:16:53Z,"ongkos ke sana suda bisa beli HP lagi,,mantap",Harga,Positif
@hopedesignproduction,2025-09-21T21:08:28Z,User android nangis di pojokan,Umum,Negatif
@lopo33,2025-09-21T18:51:25Z,Kmbli ke selera aja...gua pribadi lbh trtrik ke vivo flagsip..,Performa,Netral
@andraadika5856,2025-09-21T18:03:36Z,"Izin tanya bang, Gua rencana mau beli ip 16 basic, Kira” waktu yg pas buat beli itu kapan ya bang ?
Kalo ip 17 udah masuk indo kira” harga ip 16 ada di range berapa ?",Harga,Netral
@walidnakbuyung,2025-09-21T17:49:34Z,"semenjak steve jobs gk ada iphong kehilangan arah cmn main geser2 kamera dan sekarang cosplay menjadi POCO 17 PRO MAX, rugi 1500T dlm sehari 😮😅",Kamera,Netral
@yuliuswei8590,2025-09-21T17:48:34Z,"iphone tidak menunjukan AI di iphone 17 Pro ditaun sekarang itu kekurangannya dibanding android , itu kekurangannya pada saat peluncuran tidak dibahas tentang AI , Apple banyak perubahan di body dan kamera saja",Kamera,Negatif
@masbro_tmk,2025-09-21T17:15:27Z,"Pada jemput iphone ke thailand, malaysia sama singapore... harusnya di indo jg bisa pelll... usermu banyakan dimari😢",Umum,Netral
@Semarmesem-k,2025-09-21T17:14:09Z,Ohh masih belum bisa dilipat...,Umum,Netral
@NikeishaNailah,2025-09-21T17:07:32Z,"17 hari kedepan fitur center stage si ip17 bakal muncul ke hape"" 👾ndroid entry &mid level😎💪🏻💪🏻 gampang itu maah 🗣🇰🇷🇨🇳",Umum,Netral
@vereljack,2025-09-21T16:50:20Z,"Iphone is iphone 😅 mau model nya kyk gmn pun mewah nya gabakal bisa di kalahin sama yg sebelah, bagi yg gasuka model nya beli aja dulu iphone 16 kek gtu 🤏",Harga,Positif
@suryaaghani,2025-09-21T15:53:59Z,Bang mana video iphone air elaahhhh?😊,Kamera,Netral
@bayunotosegoro4832,2025-09-21T15:42:08Z,Jelek banget design😂😂😂nya,Umum,Negatif
@RedmiTujugolan-t8k,2025-09-21T15:29:40Z,Kaya POCO M3 harga mahal doang fitur stug kalah sama android,Harga,Negatif
@gemilang_ch,2025-09-21T15:03:09Z,"salfok sama logo applenya gak centre ya bang, kayak aneh keluar dari lingkaran magnet magsafenya ya bang",Umum,Netral
@Muhisnaeni-sf3ee,2025-09-21T14:58:37Z,"Kamera depan-belakang bisa dipakai bareng👍
Klo 16pro bisa gitu gak yaaa?",Kamera,Netral
@DNABuahTropis,2025-09-21T14:51:45Z,"Harusnya 16 reborn😂
Banyak yg kecewa jadinya karna 17 nggak sesuai",Umum,Positif
@Radityaprasetio92,2025-09-21T14:29:26Z,Balik ke warna XR coral wkwkwk,Desain,Netral
@denihermawan6878,2025-09-21T14:26:42Z,"Terlalu penyepong upong smape lupa kalo dia aja rugi 1,6 T gara2 investor pada kabur 😂",Umum,Netral
@Brownclate,2025-09-21T14:20:33Z,"Dasar Indra fanboy penyepong IPONG

Gw benci lu bkn krn lu fanatik iphone, tp karna lu terlalu fanatik sm iphone dan menjelekan merk lain

Makan tuh iphone 17",Umum,Negatif
@alanbarie83,2025-09-21T14:19:50Z,"""Gak terlalu kayak base model"" Artinya emang kayak base model cuma gak terlalu aja😂😂😂😂 lawak",Desain,Netral
@bebekoren6512,2025-09-21T13:18:07Z,"bang, fitur pler di kamera iphone 17 series apakah sudah dihilangkan?",Kamera,Netral
@pramchanel91,2025-09-21T13:09:55Z,Mirip poco...😅,Umum,Netral
@agsbp1,2025-09-21T13:09:32Z,Tanpa inovasi….,Umum,Netral
@budiprasetyo7329,2025-09-21T13:08:08Z,Alhamdulilah akhir nya Iphone kolab dengan POCO..,Umum,Netral
@putuadhik,2025-09-21T13:03:37Z,Ini kalo upgrade dari 15pm 512gb signifikan gak ya upgradenya?,Umum,Netral
@lorenzo071082,2025-09-21T13:00:43Z,"gitu2 aja ga ada beda cuma jual gengsi, sama2 buatan china harga amerika, yg 18 nya sja sdh ketebak speknya akan spt apa.. Apple sekarang miskin inovasi.. mereka memuaskan investor dan tidak fokus lagi RnD untuk memuaskan konsumen..",Harga,Negatif
@Cellafamily,2025-09-21T12:56:58Z,poco 17 pro,Umum,Netral
@YanSuki-h7j,2025-09-21T12:53:53Z,Desainnya kayak hp 2 jutaan😅😅😅,Desain,Netral
@sambanugraha5355,2025-09-21T12:49:38Z,Itu IP 17 atau poco😂,Umum,Netral
@shemphakerrumbay,2025-09-21T12:39:50Z,"iPon 17 Pro Gak ada inovasinya blassss, masa kalah dengan inivasinya Xiaomi 17 Pro…. gokil… saatnya si cook masuk magiccook 😅",Umum,Netral
@redypajero,2025-09-21T12:24:21Z,"Bro is Apple affiliator and die-hard fanboy, he will never say a bad thing about an iPhone every year no matter how ugly it was.",Umum,Netral
@suryahadikusumah2461,2025-09-21T12:17:28Z,Halah cuma lebarin bagian belakang aja ga beda sama aja kamera nya tiga,Kamera,Netral
@teukutanzil6151,2025-09-21T12:05:28Z,Ipon poco m6,Umum,Netral
@must_hafidz,2025-09-21T11:54:38Z,Apa bagus nya iphone seri ini bang😂😂😂😂😂😂😂😂😂😂😂😂😂😂,Umum,Positif
@sangdinosaurus6077,2025-09-21T11:47:31Z,Biasa aja kesannya sama poco 😅😅😅,Umum,Netral
@dwihandoyo3964,2025-09-21T11:41:23Z,Masih di pakein casing jgn dibanggain lah warna2 an😂😂😂,Desain,Netral
@robbyelbarrac3478,2025-09-21T11:40:47Z,"jangan pangil aku poco m6 pro 5g paman  sekaranga aku ipone 17 pro plus,,dan gaklama lagi  aku akan jadi xiomi 17 pro max🤣🤣🤣",Performa,Netral
@fidiatantra4115,2025-09-21T11:27:02Z,BANGGG! mungkin gak apple nanti akan  produksi ip17pro warna hitam? kecewa banget gak ada warna hitam,Desain,Positif
@fauzianton5598,2025-09-21T11:20:02Z,banyak duit,Umum,Netral
@zayn2658,2025-09-21T11:04:06Z,"Gw sedih sebenernya, negara sebesar dan sekaya ini, tidak ada satupun apple storenya..😂😂🤣🤣 sedih kan gw?? 😂😂🤣🤣",Umum,Netral
@samudradarma6981,2025-09-21T10:46:27Z,Apakah benar bg ip 17 gampang baret?,Umum,Netral
@BYDmobile,2025-09-21T10:15:58Z,"Kaum mendang mending sini kumpul 
Masih stay 11pro 512gb selama 5th ganti batrai udh 3x baru th ini mau upgread ke 17 512gb karena udh ada 120hz ya biar gk kelihatan patah"" 😁
Mau up ke 17pro tp jelek desainya menurutku ya",Layar,Negatif
@bolonebandar968,2025-09-21T10:03:41Z,Coba Vs huawei 80 pure ultra bang..,Umum,Netral
@rendhanrr07,2025-09-21T09:57:54Z,ditunggu review watch ultra 3 & airpods pro 3🎉,Umum,Netral
@hadTzy-29,2025-09-21T09:53:09Z,bagi para penyephong ip sih cakep... tapi untuk orang2 normal design itu sangatlah B aja,Umum,Positif
@PartTimeTraderz,2025-09-21T09:35:24Z,"Dari iPhone 11 sd 17 gitu2 aje nih apple..gw nyeberang dulu ke tetangga sebelah deh, sambil nunggu Apple buat iPhone Folding",Umum,Netral
@DivaSamudra-o8f,2025-09-21T09:33:41Z,iPhone 14 aja Blm kebeli😢,Harga,Netral
@Blegexspeed,2025-09-21T09:21:40Z,"Gua kira kamera blakangnya bisa digeser dan ada layarnya ternyata eggk ya ,karna pernah lihat divt tt bisa digeser",Layar,Netral
@ArdaHandikaPradana,2025-09-21T09:18:59Z,"Namanya juga apple fan boy, gimana pun desainnya meskipun penurunan bahan tetep aja dibilang oke, padahal kl menurut saya lebih kelihatan mewah yg 16 pro sih serius😂",Desain,Positif
@deamateur5299,2025-09-21T08:49:50Z,Bagus ??? 😅,Umum,Positif
@thejogriwal20,2025-09-21T08:20:32Z,"Jelek + overprice + ketinggalan teknologi tapi masih disukai penggemarnya ,, itu lah ,,, iphone",Umum,Positif
@arispriyanto8784,2025-09-21T08:04:34Z,Bang HP poco versi brpa bang?😂😂,Umum,Netral
@xomenx1059,2025-09-21T07:53:25Z,fanboy lagi menghibur diri,Performa,Netral
@hilmykurniawan5570,2025-09-21T07:50:16Z,"iphone setau gua simple elegant, inimah poco",Umum,Netral
@agoesmh,2025-09-21T07:49:02Z,Cuman beda casing sm iphone versi sblmnya😂,Umum,Netral
@singgihardiyanto6638,2025-09-21T07:19:24Z,Mirip produk oli orange bg warna I-Phone nya😂😂😂,Desain,Netral
@jumardinsawalrindo,2025-09-21T07:10:40Z,"Walaupun bukan user IPhone, tetap aja gw salut dan muji iphon berani keluar dari kesombongan yg sok pertahankan gengsi. Ngikut gapapa, yg penting buat kebaikan. Siapa tau dengan gini gw jadi mikir beli iPhone..
Sekali lagi selamat buat iPhone udah bawa perubahan.",Harga,Netral
@poeterapertamareal,2025-09-21T07:07:32Z,Iponk made in prindavan,Umum,Netral
@adhryandirma,2025-09-21T06:56:05Z,Test baret nya gmn bang😂,Umum,Netral
@SyahrezaEdu,2025-09-21T06:52:57Z,"Samsung akan tertawa melihat upgrade iphone 17, 😂  dual camera udah ada sejak lama , camera depan otomatis menjadi luas juga udah lama,  zoom juga gitu2 aja, , tapi inilah pasarnya,, 😅😅😅",Desain,Negatif
@jimmynapolion4201,2025-09-21T06:51:50Z,versi penyempurnaan kecil dari generasi sebelumnya dengan harga yang tetap selangit..,Harga,Negatif
@ronaldosaputra955,2025-09-21T06:40:47Z,Kureng 😂😂😂,Umum,Netral
@devi_kta,2025-09-21T06:06:47Z,POCO M3 😂,Umum,Netral
@dwioktanugroho,2025-09-21T05:56:08Z,harganya belum merakyat..,Harga,Netral
@rempoa0507,2025-09-21T05:53:18Z,iphone X poco,Umum,Netral
@khaimanjarizki4046,2025-09-21T05:51:06Z,"A highly cinematic and atmospheric urban fashion
portrait photograph, featuring a hansome young
Indonesia n man in his 20s, sitting casually yet
reflectively on a dark, wet wooden park bench on
a city sidewalk during a heavy downpour at night.
Rain is visibly falling in fine droplets, creating
small ripples in the puddles on the street and
making the bench's surface glisten.
The man is dressed in a slightly oversized
black plaid flannel shirt, revealing a plain white
crewneck t-shirt underneath. He is also wearing
stylishly ripped black skinny jeans, torn at the
knees, and a pair of converse classic black
high-top sneakers with white laces. The fabric
of his clothes appears slightly damp on the
shoulders and knees, adding to the realism of
the rainy scene. His neat black hair looks slightly
damp. His expression is calm yet melancholic, his
eyes looking directly into the camera with a deep,
thoughtful gaze, as if lost in thought.
The lighting is exceptionally dramatic and moody.
Distant orange-yellow streetlights create long,
vibrant reflections on the wet asphalt, forming
a stunning 'wet road reflection' effect. In the
background, the silhouettes of passing vehicles
are visible, their red taillights blurred into long
streaks from motion, all melting into a creamy,
artistic bokeh. A bright red neon light from a building sign in the distance dominates the upper
frame, reflecting off the raindrops and providing
a striking color contrast to the warmth of the
streetlights. The air feels humid and cool.
Shot with a professional setup: A full-frame
mirrorless camera like a Sony Alpha a7R IV or
Canon EOS R5, paired with a fast prime lens (e.g.,
Sigma 85mm f/1.4 Art or Sony FE 50mm f/1.2 GM)
to achieve an extremely shallow depth of field
and luxurious bokeh. The focus is razor-sharp
precisely on the subject's eyes. A subtle film
grain and rich, cinematic color grading with
contrasting cool and warm tones. High resolution,
hyper-detailed, visible textures.--ar 3:4",Umum,Positif
@andrekoto0948,2025-09-21T05:49:25Z,"Bagi fans aphone mania, upgrade dikit itu sesuatu yang wah walaupun hargannya gak ngotak,  itu sih masalah selera dan prestise berkelas",Harga,Netral
@knsohe,2025-09-21T05:42:01Z,unboxing iphone berkedok poco😹 setahun nge design jadi bitu🗿,Umum,Netral
@AlexAlafif,2025-09-21T05:34:28Z,Hp warna orange n casing warna hijau asli jelek parah 😅,Desain,Negatif
@faridjoel9564,2025-09-21T05:26:55Z,Beneran gampang lecet gk oom yg warna selain silver?,Desain,Netral
@samuelsanpakpahan6078,2025-09-21T05:18:35Z,"Coba lepas tutup camera iPhone 17 pro nya pasti sama seperti iPhone 15 juga camera iPhone 17 pro pakai camera Samsung dan lebih baik android lebih asyik,gampang,harga nya terjangkau juga Hp Vertu Hp termahal di dunia pakai Android",Harga,Negatif
@ekoyunianto7051,2025-09-21T05:00:48Z,"aneh banget model dan warnanya , mirip POCO wkwkwkwk",Desain,Netral
@ivanichtanuel1681,2025-09-21T04:42:04Z,"dear itech life, lo kan bro dekat dengan orang orang apple, please dech product apple itu tidak lebih dari pembodohan technologi, lo beli produk mahal tapi banyak yang tidak bisa di pergunakan, buat apa coba? gwe senang inofasinya waktu steve jobs gwe juga ngerti tim cook bukan steve jobs tapi seharusnya bisa bikin yang terbaik, kumpulin orang orang terdekatnya steve jobs dan dari situ pasti akan di temukan barang yang terbaik. salah satu gwe bilang iphone lebih dari scammer adalah iwalet buat apa ada tapi gak bisa berguna di indonesia dan banyak di negara lain ini yang bisa pakai cuma negara negara yang ada apple store  bukan indonesia, buat apa bisa cashless tapi harus apple cash jadi canggihnya apa coba boleh berbeda tapi harus juga pikirkan negara lain, siri, ai masa kalah sama gemini, apple map apa lagi, terus bisa telp ke satelite seharusnya bisa sih itu tinggal masalah kebijakan, buat saya steve jobs masih yang terbaik. dan waktu iphone 17 di luncurkan buat saya sih biasa aja beli tapi tidak ada something new buat apa, iphone 17 promax terbuat dari aluminium dan banyak yang penyok itu gimana coba? gw masih senang dengan yang sebelumnya. gwe sudah punya duit tapi bisa di alokasikan setelah ada inovasi baru di iphone iphone 20, atau iphone 25  dan itu pun kalau semua perangkatnya bisa di pergunakan kalau nga ya sudah nga usah beli. toh sekarang sudah banyak tuh para pencita iphone pindah ke huawei dan huawei saya melihat lebih banyak orang ketoko tersebut tanpa ada pemberitaan banyak ketoko tersebut ketoko samsung dan brand lain . kalau saya bilang ini ada era apple the fallen sih. jadi ibarat anda punya uang banyak bisa rolls roys, terus datang ke indo tapi banyak yang nga bisa di pakai gimana tuh?",Harga,Negatif
@fliponfloor,2025-09-21T04:14:31Z,kirain hape poco tadi,Umum,Netral
@antonmadani8801,2025-09-21T04:08:43Z,"Waw,,lebih keren pakai case🤟🏼",Umum,Positif
@yusufmansurrugpul9353,2025-09-21T04:03:26Z,Anjas berasa liat xiaomi,Umum,Netral
@TheAlliPerdana,2025-09-21T03:25:19Z,Tanpa inovasi lagi 😂  rugi 1800 T 😅,Performa,Netral
@Dera31st,2025-09-21T03:23:58Z,"Yahhh masih gini gini aja iphone, gaada gebrakan yang bener bener luar biasa kek dulu, skrg malah kerasa kek apple ini cuma manfaatin loyalitas penggemarnya doang, tahun ke tahun pun desainnya cuma geser geserin kamera dikit, tambahin sesuatu dibelakangnya, tapi harganya ga sebanding sama upgrade yg diberikan😢",Harga,Netral
@AFE-eu7uz,2025-09-21T03:17:23Z,"Pada ngerasa waktu tes record video pake front facing camera, gambar ga smooth, macam 25 fps ngga....",Layar,Netral
@RIDWANAKBAR,2025-09-21T02:43:52Z,Jelek designnya. 😢,Umum,Negatif
@AGH1401,2025-09-21T02:08:48Z,Designernya kayak lagi keabisan ide. Ugly. The ugliest iPhone ever.,Performa,Netral
@anggadsaputra,2025-09-21T01:58:54Z,kok mirip pixel,Umum,Netral
@hackerbones7998,2025-09-21T01:55:56Z,Balik lagi model rounded. Bolak balek aja 🗿,Performa,Netral
@ErnaWati-gi2uf,2025-09-21T01:50:47Z,Poco Iphone 17 pro hh,Umum,Netral
@ida.darmayanti,2025-09-21T01:27:17Z,kombinasi antara P*CO dan Go*gle Pix*l 😂,Umum,Netral
@lordyui567,2025-09-21T01:14:58Z,"Sementara skip dulu, masih kurang  cocok  sama modelnya😂",Desain,Netral
@AsepSugiMukti,2025-09-21T00:14:52Z,mas mobi 1:27,Umum,Netral
@TeamMcVanOfficial,2025-09-21T00:14:44Z,"Minum inovasi emng lebih pro ke investor saat ini ,kecuali bagi diehard fans Apple sih tekcuali psti akan ttp pro hehehe yg udh ngga ngikutin ilang",Umum,Netral
@dedisetiadi6999,2025-09-20T23:15:19Z,Poco M3 skin Legend 😅,Umum,Netral
@EkoHernanda-c4c,2025-09-20T23:13:30Z,Gak ada inovasi,Umum,Netral
@gezodkentir9619,2025-09-20T23:03:18Z,Malah jelek modelnya cuma geser blitz doang😂,Desain,Negatif
@niaseptianierlina,2025-09-20T22:45:40Z,Si anak apple ini channel. Sampah,Umum,Netral
@muhammadilhamgemaramadhan3024,2025-09-20T22:18:44Z,Fanboy iphone sih sejelek apapun inovasi jya tetep di bilang bagus🤣🤣🤣,Umum,Positif
@deltarazort,2025-09-20T22:16:48Z,"Inovasi nya mana?

AI nya juga masih trtinggal😂😂..",Umum,Netral
@MrBreew-t1m83z,2025-09-20T22:09:55Z,Yg blg desainny keren kata gw mah menghibur diri sih 😂 jeleekk bangeettt pliiss gw yg selalu excited sm iphone dr sei 4 malah jd gini 😭😭😭,Desain,Positif
@Ikyphoenix,2025-09-20T22:05:20Z,Klo upgrade dari iphone XR ke 17 bakalan kerasaa banget dahh yg disebut upgrade tuh 😂😂,Umum,Netral
@fardamme7982,2025-09-20T21:15:17Z,"Cerita sedikit , saya user iphone dari jaman 4g hingga sekarang pakai ip 13pm , 15 pm. bulan ini sempat pengen ip 17pm tapi saya mikir berkali kali lipat untuk ip terbaru ini karna tidak ada perubahan yang buat membuat saya kagum dan perubahan yg signifikan jadi kangen jaman steve jobs launching iphone terbaru itu jangka waktunya agak lama dan perubahannya banyak. Dan pada akhirnya bulan ini saya ambil hp huawei pura 80 ultra.
Jujur masih gagok alias belum terbiasa tapi untuk kamera untuk hasil foto dan video saya kagum banget iphone yang saya punya dan samsung s25 ultra ( hp temenku ) serasa dikucilkan.",Kamera,Negatif
@giyu-o7r,2025-09-20T20:35:33Z,Hp Lawak cakep dari mane😂,Umum,Positif
@krismafiryo9718,2025-09-20T20:02:11Z,Gw yg masih pegang ipon XR bisa cengir2 saja liat video ini,Kamera,Netral
@are1378,2025-09-20T19:29:51Z,handphone impian,Umum,Netral
@nurapipasalma5226,2025-09-20T19:07:38Z,iPhone kereeeeen trus,Umum,Netral
@salimsadrawing06,2025-09-20T17:53:27Z,"Sumpahh ,ini aipon bentuk kameranya jelek dan norak banget, apalagi warnanya. Kalok gua punya uang ,pasti milih beli ipon 16.nya aja ,",Harga,Negatif
@LucyanaMegaSelviana,2025-09-20T17:45:02Z,"Liat model nya kayak gini waktu sebulan lalu , mutusin lebih pilih beli 16 pro max langsung waktu itu. 
Model menurut selera. Ini lucu sekali belakangnya kayak Pocophone.",Harga,Netral
@propertystory8987,2025-09-20T17:35:05Z,15 pro udh paling bagus dan promax nya… 😂,Umum,Positif
@tommyhartawan1006,2025-09-20T17:30:07Z,Yg liat video ini pake XR angkat jarinya....kita ngumpul 😅,Kamera,Netral
@chandralksmana,2025-09-20T17:22:24Z,Desain iphone paling norak diantara semua yg udah rilis smpe skrg 😂😂,Desain,Netral
@chandralksmana,2025-09-20T17:18:22Z,Ipoco 17 promax 😂😂,Umum,Netral
@andijaiman5524,2025-09-20T17:09:05Z,Kak ada iphon yang gak pake ka😅.... Saya belum pernah pegang iphon😂😂😂,Umum,Netral
@dptgis4529,2025-09-20T16:43:08Z,Kayak iPhone 5C yak,Umum,Netral
@juanda.maulana,2025-09-20T16:43:03Z,"Ya walaupun desainnya kureng , minimal ada yg berubah kan .. 😅",Desain,Netral
@andygarrix3515,2025-09-20T16:38:46Z,Asli keren modelnya,Desain,Positif
@hilalfahmi1390,2025-09-20T16:18:20Z,Kenapa casing nya hijau gak jelas,Umum,Netral
@TanpaKata25,2025-09-20T15:48:28Z,"Alhamdulillah udh punyaaa.... Tgl 19 kmren bru diambil,krna inden dri tgl 8 septmber kmren.Mnrt aku ok kok,semua trgntung selera msing2 klo msh model😊",Desain,Netral
@Tile_Marwan,2025-09-20T15:42:28Z,Gookkssssss kreen ....,Umum,Netral
@ahmad-z5z2w,2025-09-20T15:19:02Z,"Asli saya gak banget gaya belakang nya  kayak gitu ,,udah duluan Poco konsep desigen kayak mmmmm ,,ternya poco lebih cerlang rupanya dari si iphone,,iphone konsepnya ketinggalan 😂😂😂",Umum,Netral
@channelproject19,2025-09-20T15:13:00Z,Model ya malah kek hp cina 😂😂,Desain,Netral
@Auto_85,2025-09-20T15:08:44Z,Bagusan pakai Titanium dari Aluminium. Model udah kayak Poco..,Desain,Positif
@benderamyadventure,2025-09-20T15:08:19Z,Warna sama dengan SONY ERICSSON seri walk man,Desain,Netral
@rezabaloiview5731,2025-09-20T14:59:21Z,"Besok keluar 18 , paling mantep, keluar 19 paling mantep , gitu aja terus smpe kluar ip 50😅",Umum,Netral
@ikoikokimochi1950,2025-09-20T14:40:25Z,"Pocophone juga udah punya design begitu dari dulu, tapi knpa gk dapat pujian selebay ini juga ya 🗿, nurunin kualitas bahan juga bisa jadi pujian",Desain,Netral
@HariSudewo-q6f,2025-09-20T14:32:24Z,"ini masalahnya titanium ke aluminium, DOWNGRADE 😅",Desain,Netral
@AntonieManroe,2025-09-20T14:31:41Z,Minim fitur tapi tetap dipuja puja..itulah apple funbase...,Umum,Netral
@khak5269,2025-09-20T14:21:10Z,Iphone terjelek yg pernah ada 😂😂,Umum,Negatif
@PijayWijaya-q4d,2025-09-20T14:02:55Z,Bertahan aja lah di ip 14 pro max,Umum,Netral
@PijayWijaya-q4d,2025-09-20T14:02:28Z,Ip poco 17 pro,Umum,Netral
@kirigawakun,2025-09-20T14:00:59Z,Jokes hari ini dong mas indra 😂,Umum,Positif
@DaCFIL,2025-09-20T13:56:06Z,Ipon mulai runtuh😂,Umum,Netral
@MantolopMantolop,2025-09-20T13:55:15Z,Jauh dan TDK sesuai harga.menang merek dagang tapi jauh ketinggalan dari tetangga bawang merah..,Harga,Netral
@abdulazs26,2025-09-20T13:42:28Z,Iphone 17 pro ni saudaranya poco m4 kah ? 🙈,Umum,Netral
@MeltingCement,2025-09-20T13:34:51Z,cantik warnanya   kuning2 taik gtu y😂😂😂😂😂,Desain,Netral
@RoyhatulJannah.official,2025-09-20T13:31:01Z,Hamba nya timcook apple akhirnya umboxing juga 🎉,Umum,Netral
@Anakmudabolmong,2025-09-20T13:29:09Z,Ini kayak pinjam desain ke poco nggak sih😂😂😂😂😂,Desain,Netral
@Nouvalraycha,2025-09-20T13:28:26Z,"kalau udah paling cinta akan iphone apapun modelnya ntah aneh dan nyentrik pasti akan selalu ngomong fresh bagus dan hal"" bagus lain. wwkwkw pdhl ya desainnya begitu begitu doang apalagi inovasi nya sekelas brand apple wkwkwkwkwk🤣",Performa,Positif
@notperson0,2025-09-20T13:28:17Z,"Di indo ngapa gk ada apple store sih, pdhl antusiasnya gk kalah zma negara Asean lain, bayangin byk wanita rela BO demi iphone loh heyyy",Umum,Netral
@BoLangKID57,2025-09-20T13:16:01Z,Poco ini mah,Umum,Netral
@putuarman2065,2025-09-20T13:10:16Z,"Desain body’nya konyol, ngga elegan sama sekali, kebanyakan otot.",Desain,Netral
@vikyferdiantoro3814,2025-09-20T13:01:46Z,Orang ko kaya2 ya. Usahanya apa aja ya. Padahal pedagang katanya lagi lesu ekonominya. 😅,Performa,Netral
@syamilchannel7276,2025-09-20T12:53:04Z,cakepp semoga tahun ini bisa kebeli.,Harga,Positif
@Tempatnya-Hoki-BIBIT288,2025-09-20T12:44:11Z,menit 3:20 tampilannya cakep sih setelah dikasih case. 😁,Umum,Positif
@Khoyr,2025-09-20T12:41:15Z,Sudah lihat langsung iPhone 17 Pro di Apple Store Osaka. Hapenya Cuakep kok. Semua akan setuju cepat atau lambat.,Performa,Positif
@sampahduniamaya,2025-09-20T12:34:03Z,"saya mengerti desain itu selera, tapi kalau anda bilang desain 17 pro keren? entah kenapa saya sangat ingin menggerutu, sewot dan ketawa terbahakbahak *&%$#^%$^(&*) harga sudah mahal, kelas sudah tinggi, tapi desain??????*&%^*&^%$&^%*( ini sama aja kayak masang logo ferrari atau lamborgini di angkot suzuki carry....(adheeeewh sadar tidak sadar, kita sedang membodohi diri sendiri, maaf)",Harga,Positif
@hotaenisme555,2025-09-20T12:22:07Z,Gw nonton nya pake iphone 12 mini,Umum,Netral
@taufikpamungkas292,2025-09-20T12:08:06Z,Bang cb vs ip 16 pro hasil videonya ko kyaknya bagusan ip 16pro,Kamera,Positif
@andikaputranasruddin9369,2025-09-20T11:57:37Z,Sama dengan samsung a35ku kalau selfie otomatis alhamdulillah cukup buat kerjaan,Kamera,Negatif
@RajaGita309,2025-09-20T11:52:57Z,"Kapan ya bisa megang iphone lihat  review org aja sudah senang apalagi punya sendiri,dari dlu pengen beli cuman masih ada masalah internal yg lebih di utamakan😢",Harga,Netral
@calvfinka,2025-09-20T11:50:04Z,harganya di goreng abis abisan yang sudah di Indonesia gila gila,Harga,Negatif
@muhamadrizky4446,2025-09-20T11:49:21Z,ya allah semoga tahun ini bisa tercapai,Umum,Netral
@Pendakitungkling,2025-09-20T11:47:21Z,"Desain kamera iPhone 17 Pro menjadi lebih lebar atau ""melebar"" karena adanya peningkatan teknologi pada modul kamera, seperti sensor kamera utama 48MP yang lebih besar, kamera telefoto Fusion 48MP baru untuk optical zoom 8x yang lebih baik, serta potensi kamera depan 48MP yang lebih berkualitas, yang semuanya membutuhkan lebih banyak ruang fisik di dalam perangkat. Desain baru ini, yang dijuluki ""plateau"", menggantikan desain persegi yang sudah digunakan sejak iPhone 11 dan bertujuan untuk mengakomodasi sistem kamera yang lebih canggih dan berkinerja tinggi.",Kamera,Netral
@dailyact17,2025-09-20T11:39:27Z,Casing tetep menutupi kamera bar  yg panjang.. Zagg bikin casing versi  yg panjang juga gak 😂😂,Kamera,Netral
@nurhakikiiksan9818,2025-09-20T11:35:12Z,"jangan ada yang protest si di channel ini, namanya aja udah jelas iTechLife aka Iphone Tech Life",Umum,Netral
@gegodohpuntik6458,2025-09-20T11:17:58Z,"Yg masih menjadi gajalan di pikiran dan sanubari ide Iphone Mengganti material TITANIUM ke ALUMUNIUM apakah ini semata2 krn mengurangi panas? Atau kah realitasnya itu downgrade. Teringet generasi Iphone 6, 6s, 6splus. Semua body tertutup aluminum alhasil muncul cacing2 kremi dibodynya dan parahnya kepentok dikit penyok. Kadang juga body suka melengkung krn kelamaan ditaruh dicelana atau tas ransel krn ketindih barang lain.",Performa,Positif
@aflah-gaming201,2025-09-20T11:16:08Z,Jadinya inter dong beli di luar,Harga,Netral
@muhamadhabibisaputraa288,2025-09-20T11:14:18Z,"Di paksa tangguh kuat, padahal pro itu kemewahan",Umum,Netral
@ereinaldy20,2025-09-20T11:10:51Z,BAGIS POCO nya😂,Umum,Netral
@prime8393,2025-09-20T10:57:53Z,Br kali ini liat iphone gk mewah...,Umum,Netral
@indoflight8390,2025-09-20T10:55:02Z,Jelek bg,Umum,Negatif
@TryOnMeCH,2025-09-20T10:53:01Z,Poco 😂,Umum,Netral
@jakaparker,2025-09-20T10:52:49Z,"Di boxnya ada tulisan: Assembled in China, designed in California, inspired by the Poco M6 Pro gak? 😊",Umum,Netral
@mevlana705,2025-09-20T10:49:45Z,kok bisa bisanya ngeremehin jahe. kipatin ke mata perih perih dah,Umum,Netral
@SyafiqAl-Khaleed,2025-09-20T10:41:06Z,"Apple identik dgn warna hitam mengkilap atau putih cerah
Knp jadi oreng",Desain,Netral
@IDNFAMILY,2025-09-20T10:38:30Z,Sejauh ini model ip 17 yg paling aneh dan jelek. Warnanya pun norak banget. Paling bagus mnrut gua ttp ip 14 pro deep blue.,Desain,Positif
@VeronicaHernandez-i8u,2025-09-20T10:23:37Z,𝐆𝐀 𝐑𝐔 𝐃𝐀 𝐇𝐎 𝐊𝐥..Terpopuler masakini,Umum,Netral
@AmyBurns-l1i,2025-09-20T10:23:32Z,peminat terbanyak 𝐆𝐀 𝐑𝐔 𝐃𝐀 𝐇𝐎 𝐊𝐥 di Indonesia,Umum,Netral
@AmandaDoyle-z2x,2025-09-20T10:23:28Z,𝐆𝐀 𝐑𝐔 𝐃𝐀 𝐇𝐎 𝐊𝐥..Member baru pasti jepe,Umum,Netral
@TaylorHernandez-s9c,2025-09-20T10:23:24Z,𝐆𝐀 𝐑𝐔 𝐃𝐀 𝐇𝐎 𝐊𝐥 menang lebih mudah,Umum,Netral
@imamsyafii7041,2025-09-20T10:20:18Z,3:32 Begini lebih ganteng,Umum,Netral
@AlowisiusKamisopa,2025-09-20T10:14:58Z,Logo jahe😂😂,Umum,Netral
@dek_lio99,2025-09-20T10:12:32Z,menit 3:20 tampilannya cakep sih setelah dikasih case. 😁,Umum,Positif
@DekUniTV,2025-09-20T09:56:47Z,wahhh mantap bang kita akan review juga nehh,Umum,Positif
@cl6124,2025-09-20T09:43:56Z,Ipun aer ngab,Umum,Netral
@echoborneo597,2025-09-20T09:43:55Z,Iphoco 17 pro max yg ada ketahanan standar militer emng keren bang 👍👍👍,Umum,Positif
@Kuyung-z2q,2025-09-20T09:42:45Z,Duhhh case warna hijau nya kerenn bgt matc sama warna orange mya,Desain,Positif
@Kuyung-z2q,2025-09-20T09:39:37Z,"Malah gw suka bgt liat desain iPhone 17 Pro,",Desain,Positif
@DinaDianah-i7g,2025-09-20T09:33:51Z,Gak tau kenapa tapi iPhone sekarang berasa bgt android 😂 dari desain dan IOS terbaru nya,Desain,Negatif
@Trant-j1z,2025-09-20T09:28:12Z,Coba survey tny ke cewe2 Dr 10 cewek apakah mayoritas Akan blg design belakangnya bagus?,Umum,Positif
@cahyopamungkas4433,2025-09-20T09:09:08Z,Akhirnya bang indra megang hp Poco,Umum,Netral
@omnawserchannel3012,2025-09-20T08:58:59Z,gile gile gile 😮😮😮,Umum,Netral
@mansinamoke2713,2025-09-20T08:48:46Z,kenapa tech riviewer pada beli ip 17 kali ini di thailand??? biasa nya di singapore,Harga,Netral
@Tequillasweets,2025-09-20T08:48:18Z,Steve Jobs nangis dah di pojokan liat modelnya kayak gt 😅,Desain,Negatif
@kreativaktivision,2025-09-20T08:45:47Z,di pasang case ijo....tjakep bangeett!,Umum,Netral
@BagjaHalomoan,2025-09-20T08:40:34Z,Saham turun tanda pasar kecewa ga ada inovasi yg signifikan,Umum,Positif
@Iskael,2025-09-20T08:36:05Z,oranye nya beneran keren banget,Umum,Positif
@sinoptik0274,2025-09-20T08:25:55Z,Semoga ngga cepet panas sepeti iphone 16,Performa,Negatif
@muhammaddhiafarhan7852,2025-09-20T08:21:13Z,Ekspresi muka lo ga bisa boong bg😂,Umum,Netral
@meme-sb3gv,2025-09-20T08:13:19Z,Apel sudah kehilangan Different Thinking,Umum,Netral
@agungaminnullah7985,2025-09-20T08:11:06Z,Cakep amat warna orangenya plus case ijo 🔥,Desain,Positif
@antowijaya8566,2025-09-20T08:05:56Z,"Desainya belakangnya kurang menarik , gk elegant😂",Desain,Netral
@nakj4ks3l,2025-09-20T08:03:46Z,yaaa...klo sudah apple boy apa aja yang di bikin apple semua bagus....,Umum,Positif
@anthonyphin6325,2025-09-20T07:52:56Z,Jujur mereka diam2 kecewa dalam hati 😂,Umum,Positif
@adyavandysaputra4156,2025-09-20T07:50:33Z,"mas mobi : "" KAMI SUKA APPLE""",Umum,Positif
@ABBustan,2025-09-20T07:44:22Z,Itu iphone atau poco??😢😢😊,Umum,Netral
@sembahkapertame8295,2025-09-20T07:43:23Z,Yeeess kalo sdh di indo langsung beli yg cosmic orange ✌️👍,Harga,Netral
@PebiPermana,2025-09-20T07:35:04Z,jadi penasaran pajak masuk entar pas di bandara indonesia. apakah ini masuknya pajak amerika yang katanya 0% atau gimana ya!?,Harga,Netral
@Febyrasbifa22,2025-09-20T07:25:20Z,"Jujur kurang suka sama warna gonjreng oren nya dangdut banget, tapi yaa iPhone is iphone gak bisa di compare sama brand lain, tetap punya kelebihan nya tersendiri.",Desain,Positif
@MyRepublic404,2025-09-20T07:24:12Z,SO YA,Umum,Netral
@dibafauz6315,2025-09-20T07:17:28Z,Jelek asli,Umum,Negatif
@rydhorydho,2025-09-20T07:17:01Z,Nope.. iPhone ilang identitas,Umum,Netral
@Thorfinnn.15,2025-09-20T07:10:56Z,3:40 Dikasih case misah gitu antara kamera dan LiDAR sensornya sih tambah keren bng iPhone 17 pro ya jdi pengen beli wkwk,Harga,Positif
@pujisasongko4164,2025-09-20T07:09:56Z,Hp Overheat,Umum,Netral
@nirinaazzahra8261,2025-09-20T07:04:17Z,Tetep S24 Ultra HP paling ganteng sepanjang masa..❤,Umum,Netral
@krisper7,2025-09-20T07:00:57Z,Akhirnya fanboy iphone pake poco juga 😂😂😂,Umum,Netral
@Fatur_Alfikri,2025-09-20T06:58:18Z,"Aneh bngt sama yg berjamaah hujat model iphone setiap release, pdhl mostly bukan apple user tp android. Gw malah suka2 aja model iphone, malah was2 kalo modelnya dibikin kyk kebanyakan model android yg aneh2.",Desain,Negatif
@Agungkoerniawan_08,2025-09-20T06:54:13Z,Ah mantap❤✨ pilihan warna yang bagus bang,Desain,Positif
@zekkenmtsurugi8313,2025-09-20T06:46:43Z,Poconya kok Oren?,Umum,Netral
@KikiDestriArdi,2025-09-20T06:38:59Z,Lebih Mending  Xiomi 17 Pro Yg Akan Hadir.....🤣😂😅,Umum,Negatif
@johnwicksclash,2025-09-20T06:37:49Z,bg knp ga yg 2tb,Umum,Netral
@amoeba83tv93,2025-09-20T06:25:57Z,"Dkarang design nya, ngikutin Hp China ya😅",Umum,Netral
@vadjarosd,2025-09-20T06:25:47Z,Desain terburuk kalo menurut selera saya,Desain,Netral
@samudrarahman833,2025-09-20T06:21:23Z,"B aja, ganteng dari mana nya? Berlebihan.",Umum,Netral
@Gavchky,2025-09-20T06:20:27Z,Make oren dari jauh orang bisa menyimpulkan lu pake ip17 pro/max😅,Umum,Netral
@FerryVerygood02,2025-09-20T06:06:29Z,"Kok bnyak yg review seri Pro ya, yg ProMax blom ada",Umum,Netral
@tantoxelix1542,2025-09-20T05:56:37Z,Apa cuma saya yg masih pake ip x⁉️,Umum,Netral
@liefukpau5928,2025-09-20T05:47:39Z,"Dulu kl ada launcing iphone seri terbaru, suasana exited nya besar banget sampe nginep nginep di dpn apple store di hampir semua negara, tp tambah kesini kok sprt nya launcing iphone seri baru kok tambah biasa biasa aja gitu, gak se rame dulu yg sampe nginep nginep utk antri dpt barang pertama kali",Umum,Netral
@andri149,2025-09-20T05:40:04Z,Jujur dgn bentuk kyk hp cina dan warna yg gonjreng ini adalah iphone terjelek menurut sy,Desain,Negatif
@yusufefendi-z7g,2025-09-20T05:36:43Z,Me be kalo bump kameranya dikasih warna piano black lebih bagus,Kamera,Positif
@nurhadipanca,2025-09-20T05:10:47Z,percuma bos kemahalan. mending beli huawei 80 ultra 😊,Harga,Negatif
@toggyfriends985,2025-09-20T05:05:08Z,besok beli ah 3,Harga,Netral
@shichibukai85,2025-09-20T04:58:20Z,sayang banget sih ga ada warna black nya,Desain,Netral
@Archasro,2025-09-20T04:54:31Z,"Solusinya beli yg warna putih, karna frame aluniniumnya ga di cat. Kalo saya sih saya pakein matte hydrogel di bagian bezelny, aman aja. 😁",Harga,Netral
@seruputngebul77,2025-09-20T04:51:48Z,"Ada yg kurang,Gak ada tulisan POCONYA",Umum,Netral
@Archasro,2025-09-20T04:47:32Z,"Kalo dia yg review, asal itu Apple mau desain sjelek apapun ttp dia blg ganteng 🤣",Desain,Negatif
@irawanagus3256,2025-09-20T04:43:43Z,Nah kan cakep,Umum,Positif
@bakar4657,2025-09-20T04:43:27Z,AI g ada pengembanganya 😂😂😂,Umum,Netral
@muchsdm8520,2025-09-20T04:37:29Z,Nostalgia sama nokia N8 oren,Umum,Netral
@georgiehonda4802,2025-09-20T04:37:22Z,Warna orange aura prindavannya kuat banget,Desain,Netral
@tampan_tailor,2025-09-20T04:35:54Z,Halah2 hamba iphone  sejati dia ni... mutahhhh berakkkkk🤮🤮🤮🤮🤮,Umum,Netral
@GasngegameAndroid,2025-09-20T04:33:15Z,2 kata lucu . BENER GANTENG😂,Umum,Netral
@auliarakhman1965,2025-09-20T04:32:17Z,iPhone memang gak dipungkiri soal semua performa terbaik. Karena hampir rata disegala sisi cuma satu aja kelemahannya. Harga😅,Harga,Netral
@d.wahyudi,2025-09-20T04:22:26Z,Mending beli insta360 3 go,Harga,Negatif
@arvi197,2025-09-20T04:18:45Z,Kek tai desainnya,Desain,Netral
@Film-p3g,2025-09-20T04:15:07Z,"😂aga mirip Xiaomi 11 ultra 4 tahun lalu, gak ada gebrakan desain baru 😂😂",Desain,Netral
@aziznob-f5w,2025-09-20T04:11:57Z,Poco versi iPhone,Umum,Netral
@komangArta-v3p,2025-09-20T04:11:14Z,NORAK GAK SIH WARNANYA,Desain,Netral
@theazzaky,2025-09-20T04:07:08Z,Bingung cari kelebihannya apa?? Lebih mahal aja kali yaa..  🤔,Harga,Negatif
@msyaifunnasir4823,2025-09-20T04:04:20Z,ngeri-ngeri kaya poco,Umum,Netral
@noverlybaren5241,2025-09-20T04:03:53Z,Panasan mana bang Bangkok ama Bekasion😂😂😂,Performa,Negatif
@manuelneuer-id2xm,2025-09-20T03:58:24Z,kameranya sama xiomi 4a bagusan mana bang,Kamera,Positif
@rudiriswandesilfa,2025-09-20T03:57:09Z,bang coba riquest zoom bulan dong😅,Umum,Netral
@story-minang-jawa-indonesia,2025-09-20T03:55:50Z,"Maap ni,  emng agak goyang ya kamera depan nya?  ga pernah pegang IP soalnya 5:55",Kamera,Netral
@maika_desuwa,2025-09-20T03:44:24Z,"Mau bentuk gimana pun,misal mirip infinix note 50 tetep bakal ganteng klo sudah fanatik😂jadi gak heran sama sekali",Desain,Netral
@ArthurHigh20,2025-09-20T03:34:14Z,"Yg ku suka dari iphone cuma stabilitas apps yang joss dan pemakaian jangka panjang. Ga kek android, baru 1 tahun udah batuk2. Tapi tetep aja aku lebih suka make android yang makin banyak inovasinya. Pernah pake iphone tapi cuma kameranya aja. 😂",Kamera,Negatif
@naheel7412,2025-09-20T03:28:09Z,Menurut saya desainnya jelek..😅 tp g tau klo lihat aslinya..😂,Desain,Negatif
@ivanidr75,2025-09-20T03:25:10Z,"Bang, udah ngecek di toko belom tadi iphone display nya.  Pada baret2 semua tuh casing belakangnya mau yg 17 biasa Air sama Pro. Kacaw deh gampang lecet  😭😭😭",Umum,Netral
@TheOetjoep,2025-09-20T03:23:16Z,"Ya ampun kenapa jadi jelek gitu model terbarunya 🤣🤣🤣

Jadi kayak pake casing 😂😂😂

Kemanakah design elegant ciri khas ipon??  🫣🫣🫣",Desain,Negatif
@adibbekti4725,2025-09-20T03:22:59Z,"Indo oh indo... 
Sama Asean lainnya jauh banget dah",Umum,Netral
@PakAjhi,2025-09-20T03:20:39Z,Kena berapa bang pajaknya,Harga,Netral
@kamuharustau7279,2025-09-20T03:16:02Z,Penjilat i phone hhaa😂,Umum,Netral
@IlexBurger,2025-09-20T03:13:56Z,ya jujur sih bang. ini iphone terjelek. coba deh di perhatiin lagi. jelek weh. tapi tetep gw beli😂,Harga,Negatif
@YanuarMadiun12,2025-09-20T03:13:04Z,48megapic vs 200megapic kira”bgusan mna nih,Umum,Netral
@fanatic1569,2025-09-20T03:05:34Z,designnya kek hp android murah wkwkwk,Harga,Negatif
@andre741300,2025-09-20T03:05:06Z,"bang gak unbox apple watch ultra 3?

btw ukuran wrist elu brapa mm bang?",Umum,Netral
@ngasaltv8465,2025-09-20T02:56:41Z,Poco versi elite 😂,Umum,Netral
@loooooqi,2025-09-20T02:56:01Z,Harga segitu design kek poco. Wkkkkk kocak.,Harga,Netral
@masnue4023,2025-09-20T02:52:37Z,Kek hp mainan ya .. BAGUS??..Enggakk.. Itu Jelek ko..,Performa,Positif
@ediwijaya1688,2025-09-20T02:51:09Z,Cantik sekali design iphone terbarunya ❤,Umum,Netral
@DedyMahendra,2025-09-20T02:41:02Z,Kamera ny Kurang lebih aja sama 16promax,Kamera,Netral
@rizalazxx,2025-09-20T02:36:20Z,selalu senang dengan ekspresi abang ketika unboxing xixi,Umum,Netral
@mame..,2025-09-20T02:33:42Z,"Tahun depan ganti titanium lagi pel, nanti camera plateu di iphone 18 biasa 😂",Performa,Netral
@ruanglari,2025-09-20T02:26:39Z,luar biasa iphone,Umum,Netral
@bryhanarezda,2025-09-20T02:26:27Z,"banyak yang komen desainnya ,,,,tp gak bisa di pungkiri performa nya",Performa,Netral
@cavalrymd7152,2025-09-20T02:25:37Z,"Sebagai user ios dari 2016.
Gw udah gak nemu lagi inovasi dari ip, tapi Harganya makin gila gilaan.

Dulu terkesan spesial karena memang berbeda dari yang lain.
Sekarang, fitur dan kecanggihan aja masih dibawah standar android.
Dan ya, setelah ip 14. Aku udah gak ngikutin ip lagi.",Harga,Negatif
@ibaadurrahman3775,2025-09-20T02:22:54Z,Warna andalan sobathape 🌝,Desain,Netral
@dedelekman96,2025-09-20T02:22:39Z,"Lagi2 ini hanya soal selera, kalau gue pribadi agak kurang oke desain camera seperti ini, seperti terinspirasi dari android. Tapi target Apple bukan bikin orang jadi kagum dg produk barunya, tapi buat orang jadi candu dg produk Apple 😅",Performa,Negatif
@isntyoutuber8058,2025-09-20T02:22:31Z,iphone 17 😂😂😂😂,Umum,Netral
@baratbanteryt,2025-09-20T02:16:36Z,itu poco versi yang paling mahal ya bang?,Harga,Negatif
@MuhIchsan-u5e,2025-09-20T02:14:44Z,Kamera bagus mana bang sama pura 80 ultra.?,Kamera,Positif
@GuriPang,2025-09-20T02:11:45Z,Jadinya bener made in india?,Umum,Netral
@rickyyyy13,2025-09-20T02:07:16Z,tapi Ai nya kalah jauh sama samsung.,Umum,Negatif
@rezaritonga2922,2025-09-20T02:01:12Z,Kaya poco ya...,Umum,Netral
@ibnuwijaya4035,2025-09-20T01:51:55Z,Warna khas Datsunnya mantap 🔥,Desain,Positif
@WedusWae-i5r,2025-09-20T01:51:44Z,Pas dual kamera kykny agak patah2 dikit y bang,Kamera,Netral
@laksanardie,2025-09-20T01:46:18Z,5:07 mereka lagi ngapain siang2 panas gitu?,Performa,Negatif
@radityasuhardi3244,2025-09-20T01:42:43Z,Saya gk nemu alesan sih buat upgrade hp lama 15 pro ke 17 pro.,Umum,Netral
@DwiSulantari,2025-09-20T01:34:28Z,17 pro kaya poco belakangnya. Saya bertahan sama 15 pro aja,Umum,Netral
@ReinZaka,2025-09-20T01:30:08Z,kyk ada power bank nempal gitu y😢,Umum,Netral
@PuspoTV,2025-09-20T01:24:02Z,Menurut gw design pro malah oke oke aja. karena akhirnya design Pro berubah sejak 11 pro. Jd at least designer Apple kerja😂,Umum,Positif
@aldissy3481,2025-09-20T01:14:18Z,"😭 kok agak kecewa yah aku liat ip 17 ini kurang banget bentuknya
Jd pengen pindah ke samsung aja dah",Desain,Negatif
@LnchzZz,2025-09-20T01:13:39Z,"finishing kayak gini gampang bet ngelupas warnanya, entah lecet/umur/pemakaian, pdhl seri promax sebelumnya finishing glass selalu awet bodynya (kecuali human error).",Baterai,Positif
@fauziihsan413,2025-09-20T01:08:31Z,masih nunggu ois dipasang dikamera depan,Kamera,Netral
@Zhaofel,2025-09-20T01:05:35Z,"itu center stagenya kan jadi landscape, hasilnya bsa di crop portraid jga ga bang?",Umum,Netral
@ferdi_gustian,2025-09-20T00:48:45Z,"Tahun ini gak usah update ke IP 17 promax deh,gak suka bentukan nya,mirip POCO",Desain,Positif
@RivanNurzaman,2025-09-20T00:48:40Z,ez skip,Umum,Netral
@goodway1998,2025-09-20T00:45:10Z,Bang sini aku beli iphonenya,Harga,Netral
@apocalypse012,2025-09-20T00:44:57Z,UDAH KEK POCO AJA WKWKWK,Umum,Netral
@erri_imnl,2025-09-20T00:42:05Z,"Tema iPhone sekarang kan liquid glass ya.. kenapa iPhone gk bikin hp yg transparan full glass gitu 😂 biar se tema gitu


Terus kalo ngomongin yg mau di adopsi android pastinya center stage kamera selfie itu bakal di adopsi android..",Kamera,Negatif
@rembrantwidya026,2025-09-20T00:40:46Z,"Dipakein casing tebel benerr,kyk tahu sumedang wkwk",Umum,Netral
@tanahair1945,2025-09-20T00:39:20Z,Warna orange nya keren apa mgkin terinspirasi dari Shopee,Desain,Positif
@CaCha-Sky,2025-09-20T00:36:57Z,"sangat"" tidak tertarik.. tidak elegant sama sekali yg 17 pro n promax.. lebih suka desain yg 16pro n promax lebih nampak mewah",Desain,Positif
@nandarhunter7796,2025-09-20T00:35:20Z,"bg pas ngerekam ,panas ga hpnya?
apa msih jdi strika 🤣🤣",Performa,Negatif
@thefool876,2025-09-20T00:22:15Z,Stiker doang ga dapet 😂 padahal pasti ga sampe 1usd 1nya,Umum,Netral
@SalijanPutra11,2025-09-20T00:19:26Z,NjiR.. POCO,Umum,Netral
@JojoKim-Z41,2025-09-19T23:55:58Z,Kak iPhone 18 nya kapan bahas?,Umum,Netral
@yusvariharzairawan3525,2025-09-19T23:54:37Z,HP POCO ?,Umum,Netral
@andrysunandry7281,2025-09-19T23:53:20Z,"iphone 17 pro klo Casing transparan jelek ya..
g kaya Model sblum'y
jdi harus casing'y nutupin sebagian Bam, Bntuk Kamera, Baru Bagus",Kamera,Positif
@ajid_id,2025-09-19T23:52:58Z,Agak kecewa sih Bang video unboxing kali ini gak ada adegan salto karena gak dapat stiker,Kamera,Positif
@hkmdave7481,2025-09-19T23:34:41Z,kok tidak beli yg iphone air?,Harga,Netral
@Agoenk68,2025-09-19T23:32:53Z,Exposure dagunya yg mencolok 😅,Umum,Netral
@farellivan2532,2025-09-19T23:32:17Z,Sekip deh gasuka desainnya 😂 ga da perubahan besar tetep di ip 16 pm,Desain,Positif
@PanjiBp-z4v,2025-09-19T23:20:31Z,"P55 5g nyimak bg
Ikut senang 17 base udah 256 + 120hz 
2 tahun lagi bakalan murah cik",Harga,Positif
@riqobdanufansyuri3261,2025-09-19T23:01:26Z,Desainny jelek bingittsss kek HP poco 😂,Desain,Negatif
@uno_maruno,2025-09-19T23:01:10Z,"Mungkin gak sih apple gak buka toko di Indo karena ada importir umum yg pegang merek apple di Indonesia bikin deal supaya mereka gak masuk secara langsung? biar toko2 ini tetep bisa cuan terus, dan mereka gak bertanggung jawab layaknya toko apple resmi untuk purna jualnya. Apple merasa aman dan nyaman juga tetep bisa jual produk tanpa urus garansi secara langsung, gak ada alasan untuk buka toko resmi di Indo",Harga,Netral
@Mahardhika45,2025-09-19T22:38:59Z,Keren orange nya maksut nya kayak di Watch ultra ya… 👍🏼,Umum,Positif
@AExAllboy,2025-09-19T22:30:41Z,"lu diliatin am org bukn krena hp ny bang,tpi krena heran kok katrok bnget ya org ini😅😂",Umum,Netral
@BrendiBernadya,2025-09-19T22:29:16Z,"Jaman sekarang jarang sih smartphone yg pakek warna"" mencolok kyk",Desain,Netral
@JapanAcc-p1h,2025-09-19T22:25:01Z,"jujur aja ndra Klo itu hp bentuknya JELEK, ya setidaknya ke tolong karena mereknya apple😂😂😂",Desain,Negatif
@apapunamanya12345,2025-09-19T22:12:39Z,"Gue kira desain camera bump nya bakalan kaya case ijo itu. Tetap kotak tinggal tambah sampingnya jadi ngebentuk huruf 'i'

Kayaknya disain begitu next dipake sama HP androcin. Trus mereka dg bangga nyebut berinovasi.",Desain,Netral
@MeliaPropolis46,2025-09-19T22:09:52Z,Sholawatin aja dulu 🤲🤲,Umum,Netral
@MrBig-qr9qq,2025-09-19T22:07:50Z,"Apa cm Aku ya yg gak Antusias ama iPhone lg,pakai sejak iPhone 3GS,smp 14 Pro,dan beralih ke OS sebelah,gara gara iPhone kurang inovatif,Smart Phone yg gak Smart,AI payah,tiap kali up date OS selalu timbul masalah baru,dll",Umum,Netral
@ekobambang6794,2025-09-19T22:03:21Z,Merek tasnya apa bang. Keren banget,Umum,Positif
@komangtriindrawan664,2025-09-19T21:52:53Z,Belum juga ada 3 blm beli 16pm .. skarang udah kluar 17 .. capek juga ngikutin jaman ya .. cukup di 16 ajalah 😊,Harga,Netral
@imzios,2025-09-19T21:44:26Z,Selera massmobi nih aipoco 17 pro. Poco yang pake ios 😂,Umum,Netral
@gayuhadisusetyo2617,2025-09-19T21:36:23Z,Btw kenapa pada milih beli di Thailand ya? Padahal kalo gua compare sama ringgit harganya murahan ringgit. Pro max 256 aja bisa selisih 1.8juta,Harga,Positif
@alitkumara6510,2025-09-19T21:00:14Z,Bg ada iphone gak kepake satu,Umum,Netral
@danielssaputra1664,2025-09-19T20:59:16Z,"Temennya kek satpam, pakai kemeja item masker item rambut cepak wkwk",Umum,Netral
@iamisworo,2025-09-19T20:42:41Z,"6:23 itu yang dipegang jakun bang, bukan dagu yg nonjol dileher",Umum,Netral
@TonyNugroho-q2q,2025-09-19T20:35:51Z,Mau warna apapun ujung2nya di casing in,Desain,Netral
@adheensfpv,2025-09-19T20:28:32Z,No comment.. 🤣🤣🤣,Umum,Netral
@ytcranky9546,2025-09-19T20:26:45Z,Bang bahas rumor iphone 18 dong,Umum,Netral
@lutfifauzi9123,2025-09-19T20:10:38Z,"Masih nyaman di 16 pm, semoga ip 18 gak lawak kaya 17 😅",Umum,Netral
,,"kameranya bagus banget, mantap, jos",Kamera,Positif
,,"layarnya bagus, memuaskan banget",Layar,Positif
,,"performanya bagus, lancar jaya, top",Performa,Positif
,,"baterainya bagus, awet, mantul",Baterai,Positif
,,"desainnya bagus, keren, kece",Desain,Positif
,,"harganya bagus, murah, pas di kantong",Harga,Positif
,,bagus,Umum,Positif
,,mantap,Umum,Positif
,,puas banget pakenya,Umum,Positif
,,"kameranya bagus banget, mantap, jos",Kamera,Positif
,,"layarnya bagus, memuaskan banget",Layar,Positif
,,"performanya bagus, lancar jaya, top",Performa,Positif
,,"baterainya bagus, awet, mantul",Baterai,Positif
,,"desainnya bagus, keren, kece",Desain,Positif
,,"harganya bagus, murah, pas di kantong",Harga,Positif
,,bagus,Umum,Positif
,,mantap,Umum,Positif
,,puas banget pakenya,Umum,Positif
,,"kameranya bagus banget, mantap, jos",Kamera,Positif
,,"layarnya bagus, memuaskan banget",Layar,Positif
,,"performanya bagus, lancar jaya, top",Performa,Positif
,,"baterainya bagus, awet, mantul",Baterai,Positif
,,"desainnya bagus, keren, kece",Desain,Positif
,,"harganya bagus, murah, pas di kantong",Harga,Positif
,,bagus,Umum,Positif
,,mantap,Umum,Positif
,,puas banget pakenya,Umum,Positif
,,"kameranya bagus banget, mantap, jos",Kamera,Positif
,,"layarnya bagus, memuaskan banget",Layar,Positif
,,"performanya bagus, lancar jaya, top",Performa,Positif
,,"baterainya bagus, awet, mantul",Baterai,Positif
,,"desainnya bagus, keren, kece",Desain,Positif
,,"harganya bagus, murah, pas di kantong",Harga,Positif
,,bagus,Umum,Positif
,,mantap,Umum,Positif
,,puas banget pakenya,Umum,Positif
,,"kameranya bagus banget, mantap, jos",Kamera,Positif
,,"layarnya bagus, memuaskan banget",Layar,Positif
,,"performanya bagus, lancar jaya, top",Performa,Positif
,,"baterainya bagus, awet, mantul",Baterai,Positif
,,"desainnya bagus, keren, kece",Desain,Positif
,,"harganya bagus, murah, pas di kantong",Harga,Positif
,,bagus,Umum,Positif
,,mantap,Umum,Positif
,,puas banget pakenya,Umum,Positif
,,"kameranya bagus banget, mantap, jos",Kamera,Positif
,,"layarnya bagus, memuaskan banget",Layar,Positif
,,"performanya bagus, lancar jaya, top",Performa,Positif
,,"baterainya bagus, awet, mantul",Baterai,Positif
,,"desainnya bagus, keren, kece",Desain,Positif
,,"harganya bagus, murah, pas di kantong",Harga,Positif
,,bagus,Umum,Positif
,,mantap,Umum,Positif
,,puas banget pakenya,Umum,Positif
,,"kameranya bagus banget, mantap, jos",Kamera,Positif
,,"layarnya bagus, memuaskan banget",Layar,Positif
,,"performanya bagus, lancar jaya, top",Performa,Positif
,,"baterainya bagus, awet, mantul",Baterai,Positif
,,"desainnya bagus, keren, kece",Desain,Positif
,,"harganya bagus, murah, pas di kantong",Harga,Positif
,,bagus,Umum,Positif
,,mantap,Umum,Positif
,,puas banget pakenya,Umum,Positif
,,"kameranya bagus banget, mantap, jos",Kamera,Positif
,,"layarnya bagus, memuaskan banget",Layar,Positif
,,"performanya bagus, lancar jaya, top",Performa,Positif
,,"baterainya bagus, awet, mantul",Baterai,Positif
,,"desainnya bagus, keren, kece",Desain,Positif
,,"harganya bagus, murah, pas di kantong",Harga,Positif
,,bagus,Umum,Positif
,,mantap,Umum,Positif
,,puas banget pakenya,Umum,Positif
,,"kameranya bagus banget, mantap, jos",Kamera,Positif
,,"layarnya bagus, memuaskan banget",Layar,Positif
,,"performanya bagus, lancar jaya, top",Performa,Positif
,,"baterainya bagus, awet, mantul",Baterai,Positif
,,"desainnya bagus, keren, kece",Desain,Positif
,,"harganya bagus, murah, pas di kantong",Harga,Positif
,,bagus,Umum,Positif
,,mantap,Umum,Positif
,,puas banget pakenya,Umum,Positif
,,"kameranya bagus banget, mantap, jos",Kamera,Positif
,,"layarnya bagus, memuaskan banget",Layar,Positif
,,"performanya bagus, lancar jaya, top",Performa,Positif
,,"baterainya bagus, awet, mantul",Baterai,Positif
,,"desainnya bagus, keren, kece",Desain,Positif
,,"harganya bagus, murah, pas di kantong",Harga,Positif
,,bagus,Umum,Positif
,,mantap,Umum,Positif
,,puas banget pakenya,Umum,Positif
,,"kameranya bagus banget, mantap, jos",Kamera,Positif
,,"layarnya bagus, memuaskan banget",Layar,Positif
,,"performanya bagus, lancar jaya, top",Performa,Positif
,,"baterainya bagus, awet, mantul",Baterai,Positif
,,"desainnya bagus, keren, kece",Desain,Positif
,,"harganya bagus, murah, pas di kantong",Harga,Positif
,,bagus,Umum,Positif
,,mantap,Umum,Positif
,,puas banget pakenya,Umum,Positif
,,"kameranya bagus banget, mantap, jos",Kamera,Positif
,,"layarnya bagus, memuaskan banget",Layar,Positif
,,"performanya bagus, lancar jaya, top",Performa,Positif
,,"baterainya bagus, awet, mantul",Baterai,Positif
,,"desainnya bagus, keren, kece",Desain,Positif
,,"harganya bagus, murah, pas di kantong",Harga,Positif
,,bagus,Umum,Positif
,,mantap,Umum,Positif
,,puas banget pakenya,Umum,Positif
,,"kameranya bagus banget, mantap, jos",Kamera,Positif
,,"layarnya bagus, memuaskan banget",Layar,Positif
,,"performanya bagus, lancar jaya, top",Performa,Positif
,,"baterainya bagus, awet, mantul",Baterai,Positif
,,"desainnya bagus, keren, kece",Desain,Positif
,,"harganya bagus, murah, pas di kantong",Harga,Positif
,,bagus,Umum,Positif
,,mantap,Umum,Positif
,,puas banget pakenya,Umum,Positif
,,"kameranya bagus banget, mantap, jos",Kamera,Positif
,,"layarnya bagus, memuaskan banget",Layar,Positif
,,"performanya bagus, lancar jaya, top",Performa,Positif
,,"baterainya bagus, awet, mantul",Baterai,Positif
,,"desainnya bagus, keren, kece",Desain,Positif
,,"harganya bagus, murah, pas di kantong",Harga,Positif
,,bagus,Umum,Positif
,,mantap,Umum,Positif
,,puas banget pakenya,Umum,Positif
,,"kameranya bagus banget, mantap, jos",Kamera,Positif
,,"layarnya bagus, memuaskan banget",Layar,Positif
,,"performanya bagus, lancar jaya, top",Performa,Positif
,,"baterainya bagus, awet, mantul",Baterai,Positif
,,"desainnya bagus, keren, kece",Desain,Positif
,,"harganya bagus, murah, pas di kantong",Harga,Positif
,,bagus,Umum,Positif
,,mantap,Umum,Positif
,,puas banget pakenya,Umum,Positif
,,"kameranya jelek banget, burik parah",Kamera,Negatif
,,"harganya mahal, selangit, bikin miskin",Harga,Negatif
,,"baterainya jelek, cepet habis, boros banget",Baterai,Negatif
,,"performanya lambat, lemot kayak siput",Performa,Negatif
,,"desainnya jelek, busuk, bosenin",Desain,Negatif
,,kameranya burik,Kamera,Negatif
,,harganya mahal banget,Harga,Negatif
,,baterainya boros,Baterai,Negatif
,,main game lemot banget,Performa,Negatif
,,jelek,Umum,Negatif
,,mahal,Harga,Negatif
,,lambat,Performa,Negatif
,,kecewa banget belinya,Umum,Negatif
,,"kameranya jelek banget, burik parah",Kamera,Negatif
,,"harganya mahal, selangit, bikin miskin",Harga,Negatif
,,"baterainya jelek, cepet habis, boros banget",Baterai,Negatif
,,"performanya lambat, lemot kayak siput",Performa,Negatif
,,"desainnya jelek, busuk, bosenin",Desain,Negatif
,,kameranya burik,Kamera,Negatif
,,harganya mahal banget,Harga,Negatif
,,baterainya boros,Baterai,Negatif
,,main game lemot banget,Performa,Negatif
,,jelek,Umum,Negatif
,,mahal,Harga,Negatif
,,lambat,Performa,Negatif
,,kecewa banget belinya,Umum,Negatif
,,"kameranya jelek banget, burik parah",Kamera,Negatif
,,"harganya mahal, selangit, bikin miskin",Harga,Negatif
,,"baterainya jelek, cepet habis, boros banget",Baterai,Negatif
,,"performanya lambat, lemot kayak siput",Performa,Negatif
,,"desainnya jelek, busuk, bosenin",Desain,Negatif
,,kameranya burik,Kamera,Negatif
,,harganya mahal banget,Harga,Negatif
,,baterainya boros,Baterai,Negatif
,,main game lemot banget,Performa,Negatif
,,jelek,Umum,Negatif
,,mahal,Harga,Negatif
,,lambat,Performa,Negatif
,,kecewa banget belinya,Umum,Negatif
,,"kameranya jelek banget, burik parah",Kamera,Negatif
,,"harganya mahal, selangit, bikin miskin",Harga,Negatif
,,"baterainya jelek, cepet habis, boros banget",Baterai,Negatif
,,"performanya lambat, lemot kayak siput",Performa,Negatif
,,"desainnya jelek, busuk, bosenin",Desain,Negatif
,,kameranya burik,Kamera,Negatif
,,harganya mahal banget,Harga,Negatif
,,baterainya boros,Baterai,Negatif
,,main game lemot banget,Performa,Negatif
,,jelek,Umum,Negatif
,,mahal,Harga,Negatif
,,lambat,Performa,Negatif
,,kecewa banget belinya,Umum,Negatif
,,"kameranya jelek banget, burik parah",Kamera,Negatif
,,"harganya mahal, selangit, bikin miskin",Harga,Negatif
,,"baterainya jelek, cepet habis, boros banget",Baterai,Negatif
,,"performanya lambat, lemot kayak siput",Performa,Negatif
,,"desainnya jelek, busuk, bosenin",Desain,Negatif
,,kameranya burik,Kamera,Negatif
,,harganya mahal banget,Harga,Negatif
,,baterainya boros,Baterai,Negatif
,,main game lemot banget,Performa,Negatif
,,jelek,Umum,Negatif
,,mahal,Harga,Negatif
,,lambat,Performa,Negatif
,,kecewa banget belinya,Umum,Negatif
,,"kameranya jelek banget, burik parah",Kamera,Negatif
,,"harganya mahal, selangit, bikin miskin",Harga,Negatif
,,"baterainya jelek, cepet habis, boros banget",Baterai,Negatif
,,"performanya lambat, lemot kayak siput",Performa,Negatif
,,"desainnya jelek, busuk, bosenin",Desain,Negatif
,,kameranya burik,Kamera,Negatif
,,harganya mahal banget,Harga,Negatif
,,baterainya boros,Baterai,Negatif
,,main game lemot banget,Performa,Negatif
,,jelek,Umum,Negatif
,,mahal,Harga,Negatif
,,lambat,Performa,Negatif
,,kecewa banget belinya,Umum,Negatif
,,"kameranya jelek banget, burik parah",Kamera,Negatif
,,"harganya mahal, selangit, bikin miskin",Harga,Negatif
,,"baterainya jelek, cepet habis, boros banget",Baterai,Negatif
,,"performanya lambat, lemot kayak siput",Performa,Negatif
,,"desainnya jelek, busuk, bosenin",Desain,Negatif
,,kameranya burik,Kamera,Negatif
,,harganya mahal banget,Harga,Negatif
,,baterainya boros,Baterai,Negatif
,,main game lemot banget,Performa,Negatif
,,jelek,Umum,Negatif
,,mahal,Harga,Negatif
,,lambat,Performa,Negatif
,,kecewa banget belinya,Umum,Negatif
,,"kameranya jelek banget, burik parah",Kamera,Negatif
,,"harganya mahal, selangit, bikin miskin",Harga,Negatif
,,"baterainya jelek, cepet habis, boros banget",Baterai,Negatif
,,"performanya lambat, lemot kayak siput",Performa,Negatif
,,"desainnya jelek, busuk, bosenin",Desain,Negatif
,,kameranya burik,Kamera,Negatif
,,harganya mahal banget,Harga,Negatif
,,baterainya boros,Baterai,Negatif
,,main game lemot banget,Performa,Negatif
,,jelek,Umum,Negatif
,,mahal,Harga,Negatif
,,lambat,Performa,Negatif
,,kecewa banget belinya,Umum,Negatif
,,"kameranya jelek banget, burik parah",Kamera,Negatif
,,"harganya mahal, selangit, bikin miskin",Harga,Negatif
,,"baterainya jelek, cepet habis, boros banget",Baterai,Negatif
,,"performanya lambat, lemot kayak siput",Performa,Negatif
,,"desainnya jelek, busuk, bosenin",Desain,Negatif
,,kameranya burik,Kamera,Negatif
,,harganya mahal banget,Harga,Negatif
,,baterainya boros,Baterai,Negatif
,,main game lemot banget,Performa,Negatif
,,jelek,Umum,Negatif
,,mahal,Harga,Negatif
,,lambat,Performa,Negatif
,,kecewa banget belinya,Umum,Negatif
,,"kameranya jelek banget, burik parah",Kamera,Negatif
,,"harganya mahal, selangit, bikin miskin",Harga,Negatif
,,"baterainya jelek, cepet habis, boros banget",Baterai,Negatif
,,"performanya lambat, lemot kayak siput",Performa,Negatif
,,"desainnya jelek, busuk, bosenin",Desain,Negatif
,,kameranya burik,Kamera,Negatif
,,harganya mahal banget,Harga,Negatif
,,baterainya boros,Baterai,Negatif
,,main game lemot banget,Performa,Negatif
,,jelek,Umum,Negatif
,,mahal,Harga,Negatif
,,lambat,Performa,Negatif
,,kecewa banget belinya,Umum,Negatif
